book_isbn,user,rating,comment,created_at
439785960,Reader_Community,4.57,Official community discussion thread with 27591 total reviews.,2026-09-11 04:23:34.162000
439358078,Reader_Community,4.49,Official community discussion thread with 29221 total reviews.,2026-09-11 04:23:34.162000
439554896,Reader_Community,4.42,Official community discussion thread with 244 total reviews.,2026-09-11 04:23:34.162000
043965548X,Reader_Community,4.56,Official community discussion thread with 36325 total reviews.,2026-09-11 04:23:34.162000
439682584,Reader_Community,4.78,Official community discussion thread with 164 total reviews.,2026-09-11 04:23:34.162000
976540606,Reader_Community,3.74,Official community discussion thread with 1 total reviews.,2026-09-11 04:23:34.162000
439827604,Reader_Community,4.73,Official community discussion thread with 808 total reviews.,2026-09-11 04:23:34.163000
517226952,Reader_Community,4.38,Official community discussion thread with 254 total reviews.,2026-09-11 04:23:34.163000
345453743,Reader_Community,4.38,Official community discussion thread with 4080 total reviews.,2026-09-11 04:23:34.163000
1400052920,Reader_Community,4.22,Official community discussion thread with 460 total reviews.,2026-09-11 04:23:34.163000
739322206,Reader_Community,4.22,Official community discussion thread with 253 total reviews.,2026-09-11 04:23:34.163000
517149257,Reader_Community,4.38,Official community discussion thread with 195 total reviews.,2026-09-11 04:23:34.163000
076790818X,Reader_Community,4.21,Official community discussion thread with 9396 total reviews.,2026-09-11 04:23:34.163000
767915062,Reader_Community,3.44,Official community discussion thread with 499 total reviews.,2026-09-11 04:23:34.163000
767910435,Reader_Community,3.87,Official community discussion thread with 131 total reviews.,2026-09-11 04:23:34.163000
767903862,Reader_Community,4.07,Official community discussion thread with 4245 total reviews.,2026-09-11 04:23:34.163000
076790382X,Reader_Community,3.9,Official community discussion thread with 2211 total reviews.,2026-09-11 04:23:34.163000
60920084,Reader_Community,3.83,Official community discussion thread with 2257 total reviews.,2026-09-11 04:23:34.163000
380713802,Reader_Community,3.86,Official community discussion thread with 2238 total reviews.,2026-09-11 04:23:34.163000
380727501,Reader_Community,3.91,Official community discussion thread with 3301 total reviews.,2026-09-11 04:23:34.163000
380715430,Reader_Community,3.93,Official community discussion thread with 2085 total reviews.,2026-09-11 04:23:34.163000
345538374,Reader_Community,4.59,Official community discussion thread with 1550 total reviews.,2026-09-11 04:23:34.163000
618517650,Reader_Community,4.5,Official community discussion thread with 91 total reviews.,2026-09-11 04:23:34.163000
618346252,Reader_Community,4.36,Official community discussion thread with 13670 total reviews.,2026-09-11 04:23:34.163000
618260587,Reader_Community,4.5,Official community discussion thread with 140 total reviews.,2026-09-11 04:23:34.163000
618391002,Reader_Community,4.53,Official community discussion thread with 46 total reviews.,2026-09-11 04:23:34.163000
618510826,Reader_Community,4.5,Official community discussion thread with 6 total reviews.,2026-09-11 04:23:34.163000
097669400X,Reader_Community,3.84,Official community discussion thread with 59 total reviews.,2026-09-11 04:23:34.163000
689840926,Reader_Community,3.72,Official community discussion thread with 12017 total reviews.,2026-09-11 04:23:34.163000
1557344493,Reader_Community,4.0,Official community discussion thread with 2 total reviews.,2026-09-11 04:23:34.163000
385326505,Reader_Community,3.88,Official community discussion thread with 334 total reviews.,2026-09-11 04:23:34.163000
1595580271,Reader_Community,3.45,Official community discussion thread with 16 total reviews.,2026-09-11 04:23:34.163000
1595962808,Reader_Community,3.76,Official community discussion thread with 4 total reviews.,2026-09-11 04:23:34.163000
670059676,Reader_Community,3.6,Official community discussion thread with 111 total reviews.,2026-09-11 04:23:34.163000
141312629,Reader_Community,4.06,Official community discussion thread with 302 total reviews.,2026-09-11 04:23:34.163000
595321801,Reader_Community,4.17,Official community discussion thread with 96 total reviews.,2026-09-11 04:23:34.164000
1590301943,Reader_Community,3.55,Official community discussion thread with 43 total reviews.,2026-09-11 04:23:34.164000
449146979,Reader_Community,3.98,Official community discussion thread with 12 total reviews.,2026-09-11 04:23:34.164000
61159174,Reader_Community,3.83,Official community discussion thread with 2626 total reviews.,2026-09-11 04:23:34.164000
006076273X,Reader_Community,3.83,Official community discussion thread with 12 total reviews.,2026-09-11 04:23:34.164000
60749911,Reader_Community,3.83,Official community discussion thread with 3 total reviews.,2026-09-11 04:23:34.164000
273704745,Reader_Community,3.83,Official community discussion thread with 82 total reviews.,2026-09-11 04:23:34.164000
1932386106,Reader_Community,4.13,Official community discussion thread with 4 total reviews.,2026-09-11 04:23:34.164000
374517193,Reader_Community,4.42,Official community discussion thread with 37 total reviews.,2026-09-11 04:23:34.164000
374280398,Reader_Community,3.95,Official community discussion thread with 203 total reviews.,2026-09-11 04:23:34.164000
374519749,Reader_Community,4.17,Official community discussion thread with 22 total reviews.,2026-09-11 04:23:34.164000
374522596,Reader_Community,4.24,Official community discussion thread with 305 total reviews.,2026-09-11 04:23:34.164000
374518734,Reader_Community,4.34,Official community discussion thread with 228 total reviews.,2026-09-11 04:23:34.164000
374522871,Reader_Community,4.22,Official community discussion thread with 261 total reviews.,2026-09-11 04:23:34.164000
374519323,Reader_Community,3.92,Official community discussion thread with 52 total reviews.,2026-09-11 04:23:34.164000
374516006,Reader_Community,4.23,Official community discussion thread with 36 total reviews.,2026-09-11 04:23:34.164000
374520658,Reader_Community,4.23,Official community discussion thread with 98 total reviews.,2026-09-11 04:23:34.164000
822205106,Reader_Community,3.75,Official community discussion thread with 70 total reviews.,2026-09-11 04:23:34.164000
679734996,Reader_Community,3.84,Official community discussion thread with 64 total reviews.,2026-09-11 04:23:34.164000
1596670231,Reader_Community,3.94,Official community discussion thread with 1 total reviews.,2026-09-11 04:23:34.164000
1581807740,Reader_Community,3.77,Official community discussion thread with 4 total reviews.,2026-09-11 04:23:34.164000
800793617,Reader_Community,4.46,Official community discussion thread with 53 total reviews.,2026-09-11 04:23:34.164000
871202867,Reader_Community,3.68,Official community discussion thread with 2 total reviews.,2026-09-11 04:23:34.164000
753454947,Reader_Community,3.99,Official community discussion thread with 2257 total reviews.,2026-09-11 04:23:34.164000
871209993,Reader_Community,3.25,Official community discussion thread with 5 total reviews.,2026-09-11 04:23:34.164000
1852402873,Reader_Community,4.46,Official community discussion thread with 6 total reviews.,2026-09-11 04:23:34.164000
761129588,Reader_Community,3.89,Official community discussion thread with 659 total reviews.,2026-09-11 04:23:34.164000
972016414,Reader_Community,3.82,Official community discussion thread with 8 total reviews.,2026-09-11 04:23:34.164000
1581805632,Reader_Community,3.78,Official community discussion thread with 4 total reviews.,2026-09-11 04:23:34.164000
441294677,Reader_Community,3.84,Official community discussion thread with 166 total reviews.,2026-09-11 04:23:34.164000
441102670,Reader_Community,3.91,Official community discussion thread with 568 total reviews.,2026-09-11 04:23:34.164000
441172695,Reader_Community,3.88,Official community discussion thread with 2359 total reviews.,2026-09-11 04:23:34.165000
765306476,Reader_Community,4.01,Official community discussion thread with 21 total reviews.,2026-09-11 04:23:34.165000
399128980,Reader_Community,3.86,Official community discussion thread with 20 total reviews.,2026-09-11 04:23:34.165000
765353709,Reader_Community,3.88,Official community discussion thread with 83 total reviews.,2026-09-11 04:23:34.165000
441328008,Reader_Community,3.86,Official community discussion thread with 644 total reviews.,2026-09-11 04:23:34.165000
618212906,Reader_Community,4.59,Official community discussion thread with 102 total reviews.,2026-09-11 04:23:34.165000
034541005X,Reader_Community,4.35,Official community discussion thread with 4551 total reviews.,2026-09-11 04:23:34.165000
385732546,Reader_Community,4.35,Official community discussion thread with 13 total reviews.,2026-09-11 04:23:34.165000
785260056,Reader_Community,4.28,Official community discussion thread with 1 total reviews.,2026-09-11 04:23:34.165000
471780936,Reader_Community,3.34,Official community discussion thread with 16 total reviews.,2026-09-11 04:23:34.165000
006076287X,Reader_Community,3.48,Official community discussion thread with 9 total reviews.,2026-09-11 04:23:34.165000
470045299,Reader_Community,3.5,Official community discussion thread with 9 total reviews.,2026-09-11 04:23:34.165000
764569244,Reader_Community,3.55,Official community discussion thread with 4 total reviews.,2026-09-11 04:23:34.165000
764559915,Reader_Community,3.39,Official community discussion thread with 1 total reviews.,2026-09-11 04:23:34.165000
764584383,Reader_Community,3.89,Official community discussion thread with 3 total reviews.,2026-09-11 04:23:34.165000
596523696,Reader_Community,3.84,Official community discussion thread with 4 total reviews.,2026-09-11 04:23:34.165000
806523492,Reader_Community,4.12,Official community discussion thread with 5 total reviews.,2026-09-11 04:23:34.165000
806525363,Reader_Community,4.08,Official community discussion thread with 2 total reviews.,2026-09-11 04:23:34.165000
596527314,Reader_Community,3.48,Official community discussion thread with 1 total reviews.,2026-09-11 04:23:34.165000
143035002,Reader_Community,4.05,Official community discussion thread with 1851 total reviews.,2026-09-11 04:23:34.165000
451528611,Reader_Community,4.05,Official community discussion thread with 5696 total reviews.,2026-09-11 04:23:34.166000
140449175,Reader_Community,4.05,Official community discussion thread with 309 total reviews.,2026-09-11 04:23:34.166000
822001837,Reader_Community,3.85,Official community discussion thread with 3 total reviews.,2026-09-11 04:23:34.166000
1593080271,Reader_Community,4.05,Official community discussion thread with 726 total reviews.,2026-09-11 04:23:34.166000
486437965,Reader_Community,4.05,Official community discussion thread with 72 total reviews.,2026-09-11 04:23:34.166000
1593081774,Reader_Community,4.05,Official community discussion thread with 48 total reviews.,2026-09-11 04:23:34.166000
778322270,Reader_Community,2.99,Official community discussion thread with 65 total reviews.,2026-09-11 04:23:34.166000
521313252,Reader_Community,4.19,Official community discussion thread with 33 total reviews.,2026-09-11 04:23:34.166000
140183957,Reader_Community,3.71,Official community discussion thread with 279 total reviews.,2026-09-11 04:23:34.166000
679767479,Reader_Community,3.95,Official community discussion thread with 216 total reviews.,2026-09-11 04:23:34.166000
1568491980,Reader_Community,3.89,Official community discussion thread with 31 total reviews.,2026-09-11 04:23:34.166000
743270797,Reader_Community,3.82,Official community discussion thread with 40 total reviews.,2026-09-11 04:23:34.166000
742508803,Reader_Community,3.65,Official community discussion thread with 4 total reviews.,2026-09-11 04:23:34.166000
380720442,Reader_Community,4.01,Official community discussion thread with 23 total reviews.,2026-09-11 04:23:34.166000
821925326,Reader_Community,4.0,Official community discussion thread with 6 total reviews.,2026-09-11 04:23:34.166000
606105263,Reader_Community,4.0,Official community discussion thread with 1 total reviews.,2026-09-11 04:23:34.166000
751506435,Reader_Community,4.12,Official community discussion thread with 17 total reviews.,2026-09-11 04:23:34.166000
006078671X,Reader_Community,4.11,Official community discussion thread with 237 total reviews.,2026-09-11 04:23:34.166000
743499344,Reader_Community,3.94,Official community discussion thread with 44 total reviews.,2026-09-11 04:23:34.166000
765313405,Reader_Community,3.6,Official community discussion thread with 633 total reviews.,2026-09-11 04:23:34.167000
1400032490,Reader_Community,3.9,Official community discussion thread with 78 total reviews.,2026-09-11 04:23:34.167000
1400032482,Reader_Community,4.05,Official community discussion thread with 72 total reviews.,2026-09-11 04:23:34.167000
1400032466,Reader_Community,3.94,Official community discussion thread with 178 total reviews.,2026-09-11 04:23:34.167000
679732527,Reader_Community,3.89,Official community discussion thread with 11 total reviews.,2026-09-11 04:23:34.167000
312424442,Reader_Community,3.42,Official community discussion thread with 1688 total reviews.,2026-09-11 04:23:34.167000
806930772,Reader_Community,3.91,Official community discussion thread with 19 total reviews.,2026-09-11 04:23:34.167000
140366601,Reader_Community,4.02,Official community discussion thread with 6 total reviews.,2026-09-11 04:23:34.167000
811201120,Reader_Community,4.22,Official community discussion thread with 52 total reviews.,2026-09-11 04:23:34.167000
080213016X,Reader_Community,3.69,Official community discussion thread with 141 total reviews.,2026-09-11 04:23:34.167000
802131786,Reader_Community,3.68,Official community discussion thread with 2376 total reviews.,2026-09-11 04:23:34.167000
802151825,Reader_Community,3.78,Official community discussion thread with 459 total reviews.,2026-09-11 04:23:34.167000
802151787,Reader_Community,4.1,Official community discussion thread with 58 total reviews.,2026-09-11 04:23:34.167000
802151809,Reader_Community,3.98,Official community discussion thread with 251 total reviews.,2026-09-11 04:23:34.167000
811201066,Reader_Community,3.83,Official community discussion thread with 142 total reviews.,2026-09-11 04:23:34.167000
141439637,Reader_Community,3.78,Official community discussion thread with 1951 total reviews.,2026-09-11 04:23:34.167000
1593080964,Reader_Community,3.78,Official community discussion thread with 41 total reviews.,2026-09-11 04:23:34.167000
1571290532,Reader_Community,3.75,Official community discussion thread with 44 total reviews.,2026-09-11 04:23:34.167000
1565842219,Reader_Community,3.85,Official community discussion thread with 65 total reviews.,2026-09-11 04:23:34.167000
394743040,Reader_Community,3.66,Official community discussion thread with 128 total reviews.,2026-09-11 04:23:34.167000
1851681825,Reader_Community,3.68,Official community discussion thread with 8 total reviews.,2026-09-11 04:23:34.167000
156656249X,Reader_Community,4.21,Official community discussion thread with 2 total reviews.,2026-09-11 04:23:34.167000
014019553X,Reader_Community,4.19,Official community discussion thread with 16 total reviews.,2026-09-11 04:23:34.167000
394431243,Reader_Community,3.98,Official community discussion thread with 82 total reviews.,2026-09-11 04:23:34.167000
806501901,Reader_Community,3.92,Official community discussion thread with 517 total reviews.,2026-09-11 04:23:34.167000
067943920X,Reader_Community,4.08,Official community discussion thread with 217 total reviews.,2026-09-11 04:23:34.167000
753453800,Reader_Community,3.83,Official community discussion thread with 6734 total reviews.,2026-09-11 04:23:34.167000
1402714572,Reader_Community,3.83,Official community discussion thread with 42 total reviews.,2026-09-11 04:23:34.167000
1416500294,Reader_Community,3.83,Official community discussion thread with 276 total reviews.,2026-09-11 04:23:34.167000
689854684,Reader_Community,3.83,Official community discussion thread with 14 total reviews.,2026-09-11 04:23:34.167000
517221144,Reader_Community,3.83,Official community discussion thread with 4 total reviews.,2026-09-11 04:23:34.168000
1577658051,Reader_Community,4.05,Official community discussion thread with 16 total reviews.,2026-09-11 04:23:34.168000
933121180,Reader_Community,4.61,Official community discussion thread with 4 total reviews.,2026-09-11 04:23:34.168000
785950109,Reader_Community,4.07,Official community discussion thread with 7 total reviews.,2026-09-11 04:23:34.168000
394800842,Reader_Community,4.04,Official community discussion thread with 164 total reviews.,2026-09-11 04:23:34.168000
821778250,Reader_Community,3.6,Official community discussion thread with 13 total reviews.,2026-09-11 04:23:34.168000
60733039,Reader_Community,3.44,Official community discussion thread with 24 total reviews.,2026-09-11 04:23:34.168000
8432216062,Reader_Community,4.02,Official community discussion thread with 255 total reviews.,2026-09-11 04:23:34.168000
345413997,Reader_Community,4.01,Official community discussion thread with 649 total reviews.,2026-09-11 04:23:34.168000
441788386,Reader_Community,3.92,Official community discussion thread with 6241 total reviews.,2026-09-11 04:23:34.168000
441748600,Reader_Community,3.87,Official community discussion thread with 193 total reviews.,2026-09-11 04:23:34.168000
345316509,Reader_Community,3.78,Official community discussion thread with 438 total reviews.,2026-09-11 04:23:34.168000
765314932,Reader_Community,3.97,Official community discussion thread with 200 total reviews.,2026-09-11 04:23:34.168000
671742515,Reader_Community,4.06,Official community discussion thread with 1401 total reviews.,2026-09-11 04:23:34.168000
345455290,Reader_Community,3.93,Official community discussion thread with 746 total reviews.,2026-09-11 04:23:34.168000
345476514,Reader_Community,4.14,Official community discussion thread with 49 total reviews.,2026-09-11 04:23:34.168000
345368436,Reader_Community,3.6,Official community discussion thread with 84 total reviews.,2026-09-11 04:23:34.168000
573650969,Reader_Community,4.13,Official community discussion thread with 13 total reviews.,2026-09-11 04:23:34.168000
691122946,Reader_Community,3.57,Official community discussion thread with 995 total reviews.,2026-09-11 04:23:34.168000
393329402,Reader_Community,3.78,Official community discussion thread with 907 total reviews.,2026-09-11 04:23:34.168000
671867423,Reader_Community,4.14,Official community discussion thread with 15 total reviews.,2026-09-11 04:23:34.168000
395883970,Reader_Community,4.53,Official community discussion thread with 76 total reviews.,2026-09-11 04:23:34.168000
684848155,Reader_Community,3.92,Official community discussion thread with 175 total reviews.,2026-09-11 04:23:34.168000
140156046,Reader_Community,3.99,Official community discussion thread with 564 total reviews.,2026-09-11 04:23:34.168000
140119485,Reader_Community,3.43,Official community discussion thread with 55 total reviews.,2026-09-11 04:23:34.168000
679722947,Reader_Community,3.43,Official community discussion thread with 72 total reviews.,2026-09-11 04:23:34.168000
743244257,Reader_Community,3.22,Official community discussion thread with 41 total reviews.,2026-09-11 04:23:34.168000
140179178,Reader_Community,3.48,Official community discussion thread with 145 total reviews.,2026-09-11 04:23:34.168000
679722955,Reader_Community,3.64,Official community discussion thread with 212 total reviews.,2026-09-11 04:23:34.168000
159420120X,Reader_Community,4.13,Official community discussion thread with 587 total reviews.,2026-09-11 04:23:34.168000
60930217,Reader_Community,3.96,Official community discussion thread with 177 total reviews.,2026-09-11 04:23:34.169000
60931671,Reader_Community,3.69,Official community discussion thread with 230 total reviews.,2026-09-11 04:23:34.169000
140283382,Reader_Community,4.01,Official community discussion thread with 213 total reviews.,2026-09-11 04:23:34.169000
312423209,Reader_Community,4.07,Official community discussion thread with 602 total reviews.,2026-09-11 04:23:34.169000
141180633,Reader_Community,3.69,Official community discussion thread with 69 total reviews.,2026-09-11 04:23:34.169000
143039946,Reader_Community,4.01,Official community discussion thread with 2164 total reviews.,2026-09-11 04:23:34.169000
316724432,Reader_Community,3.5,Official community discussion thread with 34 total reviews.,2026-09-11 04:23:34.169000
140189300,Reader_Community,3.8,Official community discussion thread with 220 total reviews.,2026-09-11 04:23:34.169000
140004314X,Reader_Community,3.89,Official community discussion thread with 336 total reviews.,2026-09-11 04:23:34.169000
374522219,Reader_Community,4.17,Official community discussion thread with 738 total reviews.,2026-09-11 04:23:34.169000
679754865,Reader_Community,3.8,Official community discussion thread with 255 total reviews.,2026-09-11 04:23:34.169000
679752862,Reader_Community,3.86,Official community discussion thread with 292 total reviews.,2026-09-11 04:23:34.169000
374521727,Reader_Community,4.21,Official community discussion thread with 1825 total reviews.,2026-09-11 04:23:34.169000
679754857,Reader_Community,3.81,Official community discussion thread with 169 total reviews.,2026-09-11 04:23:34.169000
307264874,Reader_Community,4.5,Official community discussion thread with 108 total reviews.,2026-09-11 04:23:34.169000
374529949,Reader_Community,3.87,Official community discussion thread with 1706 total reviews.,2026-09-11 04:23:34.169000
143039830,Reader_Community,3.89,Official community discussion thread with 1873 total reviews.,2026-09-11 04:23:34.169000
140097317,Reader_Community,3.79,Official community discussion thread with 734 total reviews.,2026-09-11 04:23:34.169000
014009735X,Reader_Community,3.64,Official community discussion thread with 195 total reviews.,2026-09-11 04:23:34.169000
940650762,Reader_Community,3.89,Official community discussion thread with 164 total reviews.,2026-09-11 04:23:34.169000
963188925,Reader_Community,3.89,Official community discussion thread with 2 total reviews.,2026-09-11 04:23:34.169000
312426232,Reader_Community,3.84,Official community discussion thread with 1157 total reviews.,2026-09-11 04:23:34.169000
140115854,Reader_Community,3.94,Official community discussion thread with 503 total reviews.,2026-09-11 04:23:34.169000
140154078,Reader_Community,3.9,Official community discussion thread with 36 total reviews.,2026-09-11 04:23:34.169000
805081453,Reader_Community,3.23,Official community discussion thread with 562 total reviews.,2026-09-11 04:23:34.169000
140178139,Reader_Community,3.96,Official community discussion thread with 443 total reviews.,2026-09-11 04:23:34.169000
811214982,Reader_Community,3.77,Official community discussion thread with 120 total reviews.,2026-09-11 04:23:34.169000
2742741461,Reader_Community,4.38,Official community discussion thread with 1 total reviews.,2026-09-11 04:23:34.169000
143036556,Reader_Community,3.93,Official community discussion thread with 2780 total reviews.,2026-09-11 04:23:34.169000
446579785,Reader_Community,3.4,Official community discussion thread with 26 total reviews.,2026-09-11 04:23:34.169000
052138673X,Reader_Community,4.15,Official community discussion thread with 86 total reviews.,2026-09-11 04:23:34.170000
743203046,Reader_Community,3.8,Official community discussion thread with 512 total reviews.,2026-09-11 04:23:34.170000
034543871X,Reader_Community,3.91,Official community discussion thread with 4 total reviews.,2026-09-11 04:23:34.170000
393318281,Reader_Community,4.39,Official community discussion thread with 20 total reviews.,2026-09-11 04:23:34.170000
1599869942,Reader_Community,4.01,Official community discussion thread with 262 total reviews.,2026-09-11 04:23:34.170000
806519606,Reader_Community,3.78,Official community discussion thread with 334 total reviews.,2026-09-11 04:23:34.170000
822549204,Reader_Community,3.93,Official community discussion thread with 5 total reviews.,2026-09-11 04:23:34.170000
932813860,Reader_Community,4.13,Official community discussion thread with 2 total reviews.,2026-09-11 04:23:34.170000
373792689,Reader_Community,3.77,Official community discussion thread with 12 total reviews.,2026-09-11 04:23:34.170000
974514055,Reader_Community,4.03,Official community discussion thread with 49 total reviews.,2026-09-11 04:23:34.170000
764585975,Reader_Community,3.95,Official community discussion thread with 8 total reviews.,2026-09-11 04:23:34.170000
307281701,Reader_Community,3.68,Official community discussion thread with 96 total reviews.,2026-09-11 04:23:34.170000
812969707,Reader_Community,4.11,Official community discussion thread with 100 total reviews.,2026-09-11 04:23:34.170000
330485385,Reader_Community,3.81,Official community discussion thread with 966 total reviews.,2026-09-11 04:23:34.170000
159413023X,Reader_Community,3.81,Official community discussion thread with 73 total reviews.,2026-09-11 04:23:34.170000
345360354,Reader_Community,3.8,Official community discussion thread with 43 total reviews.,2026-09-11 04:23:34.170000
321303474,Reader_Community,3.98,Official community discussion thread with 28 total reviews.,2026-09-11 04:23:34.170000
321430840,Reader_Community,3.8,Official community discussion thread with 42 total reviews.,2026-09-11 04:23:34.170000
3822840858,Reader_Community,3.85,Official community discussion thread with 31 total reviews.,2026-09-11 04:23:34.170000
743264460,Reader_Community,3.81,Official community discussion thread with 1109 total reviews.,2026-09-11 04:23:34.170000
743236017,Reader_Community,3.73,Official community discussion thread with 3324 total reviews.,2026-09-11 04:23:34.170000
553572490,Reader_Community,3.51,Official community discussion thread with 19 total reviews.,2026-09-11 04:23:34.170000
60589469,Reader_Community,3.77,Official community discussion thread with 6446 total reviews.,2026-09-11 04:23:34.170000
802789471,Reader_Community,4.08,Official community discussion thread with 274 total reviews.,2026-09-11 04:23:34.170000
688060692,Reader_Community,3.72,Official community discussion thread with 10 total reviews.,2026-09-11 04:23:34.170000
185960515X,Reader_Community,3.85,Official community discussion thread with 2 total reviews.,2026-09-11 04:23:34.170000
451528808,Reader_Community,4.11,Official community discussion thread with 266 total reviews.,2026-09-11 04:23:34.170000
192833987,Reader_Community,4.11,Official community discussion thread with 6245 total reviews.,2026-09-11 04:23:34.170000
486451380,Reader_Community,4.13,Official community discussion thread with 210 total reviews.,2026-09-11 04:23:34.170000
452011876,Reader_Community,3.69,Official community discussion thread with 14702 total reviews.,2026-09-11 04:23:34.171000
451163087,Reader_Community,3.68,Official community discussion thread with 108 total reviews.,2026-09-11 04:23:34.171000
452286751,Reader_Community,3.87,Official community discussion thread with 229 total reviews.,2026-09-11 04:23:34.171000
451163931,Reader_Community,3.51,Official community discussion thread with 467 total reviews.,2026-09-11 04:23:34.171000
452281253,Reader_Community,3.63,Official community discussion thread with 7277 total reviews.,2026-09-11 04:23:34.171000
451187849,Reader_Community,3.91,Official community discussion thread with 1086 total reviews.,2026-09-11 04:23:34.171000
451147952,Reader_Community,3.88,Official community discussion thread with 153 total reviews.,2026-09-11 04:23:34.171000
452274044,Reader_Community,3.96,Official community discussion thread with 2 total reviews.,2026-09-11 04:23:34.171000
471791431,Reader_Community,3.95,Official community discussion thread with 7 total reviews.,2026-09-11 04:23:34.171000
553803816,Reader_Community,3.88,Official community discussion thread with 83 total reviews.,2026-09-11 04:23:34.171000
375755195,Reader_Community,4.23,Official community discussion thread with 630 total reviews.,2026-09-11 04:23:34.171000
1592283195,Reader_Community,3.62,Official community discussion thread with 5 total reviews.,2026-09-11 04:23:34.171000
975599518,Reader_Community,3.09,Official community discussion thread with 284 total reviews.,2026-09-11 04:23:34.171000
374502005,Reader_Community,3.63,Official community discussion thread with 672 total reviews.,2026-09-11 04:23:34.171000
307263940,Reader_Community,3.55,Official community discussion thread with 1841 total reviews.,2026-09-11 04:23:34.171000
312405545,Reader_Community,3.77,Official community discussion thread with 3 total reviews.,2026-09-11 04:23:34.171000
019517013X,Reader_Community,3.59,Official community discussion thread with 11 total reviews.,2026-09-11 04:23:34.171000
1400079497,Reader_Community,3.77,Official community discussion thread with 2925 total reviews.,2026-09-11 04:23:34.171000
688171621,Reader_Community,3.59,Official community discussion thread with 417 total reviews.,2026-09-11 04:23:34.171000
60932686,Reader_Community,4.19,Official community discussion thread with 179 total reviews.,2026-09-11 04:23:34.171000
1400034957,Reader_Community,3.97,Official community discussion thread with 411 total reviews.,2026-09-11 04:23:34.171000
307350428,Reader_Community,4.07,Official community discussion thread with 5 total reviews.,2026-09-11 04:23:34.171000
307350444,Reader_Community,3.98,Official community discussion thread with 278 total reviews.,2026-09-11 04:23:34.171000
140003454X,Reader_Community,3.99,Official community discussion thread with 47 total reviews.,2026-09-11 04:23:34.171000
1400095808,Reader_Community,3.6,Official community discussion thread with 377 total reviews.,2026-09-11 04:23:34.171000
375708111,Reader_Community,4.07,Official community discussion thread with 1058 total reviews.,2026-09-11 04:23:34.171000
086171492X,Reader_Community,4.29,Official community discussion thread with 6 total reviews.,2026-09-11 04:23:34.171000
618710531,Reader_Community,3.88,Official community discussion thread with 237 total reviews.,2026-09-11 04:23:34.171000
60512806,Reader_Community,4.25,Official community discussion thread with 4249 total reviews.,2026-09-11 04:23:34.172000
60733357,Reader_Community,4.26,Official community discussion thread with 565 total reviews.,2026-09-11 04:23:34.172000
60593083,Reader_Community,3.93,Official community discussion thread with 1735 total reviews.,2026-09-11 04:23:34.172000
553383442,Reader_Community,3.61,Official community discussion thread with 137 total reviews.,2026-09-11 04:23:34.172000
380816032,Reader_Community,3.25,Official community discussion thread with 223 total reviews.,2026-09-11 04:23:34.172000
553380966,Reader_Community,4.19,Official community discussion thread with 2767 total reviews.,2026-09-11 04:23:34.172000
553383434,Reader_Community,3.68,Official community discussion thread with 270 total reviews.,2026-09-11 04:23:34.172000
60833181,Reader_Community,4.2,Official community discussion thread with 65 total reviews.,2026-09-11 04:23:34.172000
553380958,Reader_Community,4.03,Official community discussion thread with 6612 total reviews.,2026-09-11 04:23:34.172000
1880685353,Reader_Community,4.16,Official community discussion thread with 30 total reviews.,2026-09-11 04:23:34.172000
1880685337,Reader_Community,4.24,Official community discussion thread with 72 total reviews.,2026-09-11 04:23:34.172000
465067107,Reader_Community,4.17,Official community discussion thread with 1379 total reviews.,2026-09-11 04:23:34.172000
465051367,Reader_Community,3.95,Official community discussion thread with 149 total reviews.,2026-09-11 04:23:34.172000
465067093,Reader_Community,4.17,Official community discussion thread with 31 total reviews.,2026-09-11 04:23:34.172000
898709199,Reader_Community,4.27,Official community discussion thread with 7 total reviews.,2026-09-11 04:23:34.172000
60887966,Reader_Community,3.86,Official community discussion thread with 76 total reviews.,2026-09-11 04:23:34.172000
61122416,Reader_Community,3.86,Official community discussion thread with 55843 total reviews.,2026-09-11 04:23:34.172000
142150460X,Reader_Community,4.57,Official community discussion thread with 153 total reviews.,2026-09-11 04:23:34.172000
1591169259,Reader_Community,4.56,Official community discussion thread with 299 total reviews.,2026-09-11 04:23:34.172000
1421504596,Reader_Community,4.57,Official community discussion thread with 161 total reviews.,2026-09-11 04:23:34.172000
1591169208,Reader_Community,4.5,Official community discussion thread with 1427 total reviews.,2026-09-11 04:23:34.172000
1591169291,Reader_Community,4.55,Official community discussion thread with 294 total reviews.,2026-09-11 04:23:34.172000
006019250X,Reader_Community,3.86,Official community discussion thread with 32 total reviews.,2026-09-11 04:23:34.172000
1591169232,Reader_Community,4.52,Official community discussion thread with 419 total reviews.,2026-09-11 04:23:34.172000
812974611,Reader_Community,3.82,Official community discussion thread with 1726 total reviews.,2026-09-11 04:23:34.172000
158715739X,Reader_Community,3.6,Official community discussion thread with 68 total reviews.,2026-09-11 04:23:34.172000
142000671,Reader_Community,3.87,Official community discussion thread with 25554 total reviews.,2026-09-11 04:23:34.173000
60554738,Reader_Community,3.74,Official community discussion thread with 1592 total reviews.,2026-09-11 04:23:34.173000
014240120X,Reader_Community,4.02,Official community discussion thread with 8782 total reviews.,2026-09-11 04:23:34.173000
808553038,Reader_Community,3.83,Official community discussion thread with 1130 total reviews.,2026-09-11 04:23:34.173000
1400096898,Reader_Community,4.11,Official community discussion thread with 3703 total reviews.,2026-09-11 04:23:34.173000
739326228,Reader_Community,4.11,Official community discussion thread with 19296 total reviews.,2026-09-11 04:23:34.173000
99498189,Reader_Community,4.11,Official community discussion thread with 256 total reviews.,2026-09-11 04:23:34.173000
1557046832,Reader_Community,4.08,Official community discussion thread with 8 total reviews.,2026-09-11 04:23:34.173000
99771519,Reader_Community,4.11,Official community discussion thread with 462 total reviews.,2026-09-11 04:23:34.173000
074343059X,Reader_Community,3.93,Official community discussion thread with 158 total reviews.,2026-09-11 04:23:34.173000
1932664394,Reader_Community,3.44,Official community discussion thread with 2 total reviews.,2026-09-11 04:23:34.173000
521750849,Reader_Community,3.41,Official community discussion thread with 7 total reviews.,2026-09-11 04:23:34.173000
802415318,Reader_Community,4.7,Official community discussion thread with 4 total reviews.,2026-09-11 04:23:34.173000
1416524797,Reader_Community,3.89,Official community discussion thread with 21303 total reviews.,2026-09-11 04:23:34.173000
849561877X,Reader_Community,3.89,Official community discussion thread with 20 total reviews.,2026-09-11 04:23:34.173000
972859896,Reader_Community,3.89,Official community discussion thread with 7 total reviews.,2026-09-11 04:23:34.173000
307277674,Reader_Community,3.84,Official community discussion thread with 35877 total reviews.,2026-09-11 04:23:34.173000
076792603X,Reader_Community,3.84,Official community discussion thread with 105 total reviews.,2026-09-11 04:23:34.173000
2266144340,Reader_Community,3.84,Official community discussion thread with 16 total reviews.,2026-09-11 04:23:34.173000
1416524800,Reader_Community,3.71,Official community discussion thread with 410 total reviews.,2026-09-11 04:23:34.173000
552151769,Reader_Community,3.71,Official community discussion thread with 183 total reviews.,2026-09-11 04:23:34.173000
593055071,Reader_Community,3.71,Official community discussion thread with 4 total reviews.,2026-09-11 04:23:34.173000
078601606X,Reader_Community,4.04,Official community discussion thread with 41 total reviews.,2026-09-11 04:23:34.173000
671015206,Reader_Community,4.03,Official community discussion thread with 2600 total reviews.,2026-09-11 04:23:34.173000
1585424331,Reader_Community,4.18,Official community discussion thread with 2334 total reviews.,2026-09-11 04:23:34.173000
1932429239,Reader_Community,4.18,Official community discussion thread with 9 total reviews.,2026-09-11 04:23:34.173000
977616657,Reader_Community,3.58,Official community discussion thread with 14 total reviews.,2026-09-11 04:23:34.173000
1563410907,Reader_Community,3.95,Official community discussion thread with 17 total reviews.,2026-09-11 04:23:34.173000
345479173,Reader_Community,3.66,Official community discussion thread with 948 total reviews.,2026-09-11 04:23:34.173000
451205367,Reader_Community,4.26,Official community discussion thread with 3400 total reviews.,2026-09-11 04:23:34.173000
1419349996,Reader_Community,4.26,Official community discussion thread with 15 total reviews.,2026-09-11 04:23:34.173000
1400098033,Reader_Community,4.21,Official community discussion thread with 637 total reviews.,2026-09-11 04:23:34.173000
743226720,Reader_Community,4.07,Official community discussion thread with 6243 total reviews.,2026-09-11 04:23:34.174000
140481397,Reader_Community,4.22,Official community discussion thread with 30 total reviews.,2026-09-11 04:23:34.174000
226014908,Reader_Community,3.62,Official community discussion thread with 5 total reviews.,2026-09-11 04:23:34.174000
1416500189,Reader_Community,3.98,Official community discussion thread with 7656 total reviews.,2026-09-11 04:23:34.174000
310258979,Reader_Community,3.93,Official community discussion thread with 2 total reviews.,2026-09-11 04:23:34.174000
60838582,Reader_Community,3.74,Official community discussion thread with 4922 total reviews.,2026-09-11 04:23:34.174000
141006870,Reader_Community,3.74,Official community discussion thread with 77 total reviews.,2026-09-11 04:23:34.174000
812968069,Reader_Community,4.07,Official community discussion thread with 14935 total reviews.,2026-09-11 04:23:34.174000
385340540,Reader_Community,3.78,Official community discussion thread with 2334 total reviews.,2026-09-11 04:23:34.174000
394720245,Reader_Community,4.51,Official community discussion thread with 1237 total reviews.,2026-09-11 04:23:34.174000
345480600,Reader_Community,3.75,Official community discussion thread with 1 total reviews.,2026-09-11 04:23:34.174000
60193395,Reader_Community,3.74,Official community discussion thread with 275 total reviews.,2026-09-11 04:23:34.174000
1579546013,Reader_Community,3.65,Official community discussion thread with 63 total reviews.,2026-09-11 04:23:34.174000
972018417,Reader_Community,3.95,Official community discussion thread with 51 total reviews.,2026-09-11 04:23:34.174000
471743674,Reader_Community,4.13,Official community discussion thread with 16 total reviews.,2026-09-11 04:23:34.174000
471430455,Reader_Community,4.07,Official community discussion thread with 1 total reviews.,2026-09-11 04:23:34.174000
805431578,Reader_Community,3.15,Official community discussion thread with 8 total reviews.,2026-09-11 04:23:34.174000
679838864,Reader_Community,3.99,Official community discussion thread with 623 total reviews.,2026-09-11 04:23:34.174000
373250711,Reader_Community,3.67,Official community discussion thread with 67 total reviews.,2026-09-11 04:23:34.174000
140143459,Reader_Community,4.15,Official community discussion thread with 936 total reviews.,2026-09-11 04:23:34.174000
802732291,Reader_Community,3.31,Official community discussion thread with 1 total reviews.,2026-09-11 04:23:34.174000
1841721476,Reader_Community,4.08,Official community discussion thread with 2 total reviews.,2026-09-11 04:23:34.174000
030723827X,Reader_Community,3.96,Official community discussion thread with 74 total reviews.,2026-09-11 04:23:34.174000
1400052580,Reader_Community,3.95,Official community discussion thread with 217 total reviews.,2026-09-11 04:23:34.174000
307346587,Reader_Community,4.09,Official community discussion thread with 55 total reviews.,2026-09-11 04:23:34.174000
1400052386,Reader_Community,4.09,Official community discussion thread with 34 total reviews.,2026-09-11 04:23:34.174000
609609971,Reader_Community,4.06,Official community discussion thread with 16 total reviews.,2026-09-11 04:23:34.174000
1400052378,Reader_Community,3.92,Official community discussion thread with 15 total reviews.,2026-09-11 04:23:34.174000
61234001,Reader_Community,3.97,Official community discussion thread with 13034 total reviews.,2026-09-11 04:23:34.174000
8466625127,Reader_Community,3.97,Official community discussion thread with 23 total reviews.,2026-09-11 04:23:34.174000
61245135,Reader_Community,3.97,Official community discussion thread with 5 total reviews.,2026-09-11 04:23:34.174000
399153594,Reader_Community,4.27,Official community discussion thread with 25 total reviews.,2026-09-11 04:23:34.174000
156030209,Reader_Community,3.91,Official community discussion thread with 668 total reviews.,2026-09-11 04:23:34.175000
828808392,Reader_Community,3.91,Official community discussion thread with 26 total reviews.,2026-09-11 04:23:34.175000
140285970,Reader_Community,3.49,Official community discussion thread with 8 total reviews.,2026-09-11 04:23:34.175000
307276902,Reader_Community,3.65,Official community discussion thread with 10821 total reviews.,2026-09-11 04:23:34.175000
1411677315,Reader_Community,3.56,Official community discussion thread with 6 total reviews.,2026-09-11 04:23:34.175000
61171468,Reader_Community,3.41,Official community discussion thread with 24 total reviews.,2026-09-11 04:23:34.175000
787968331,Reader_Community,4.05,Official community discussion thread with 40 total reviews.,2026-09-11 04:23:34.175000
446394599,Reader_Community,4.14,Official community discussion thread with 281 total reviews.,2026-09-11 04:23:34.175000
131494848,Reader_Community,3.68,Official community discussion thread with 4 total reviews.,2026-09-11 04:23:34.175000
316861014,Reader_Community,3.72,Official community discussion thread with 147 total reviews.,2026-09-11 04:23:34.175000
60574216,Reader_Community,3.55,Official community discussion thread with 3303 total reviews.,2026-09-11 04:23:34.175000
60192771,Reader_Community,3.62,Official community discussion thread with 1 total reviews.,2026-09-11 04:23:34.175000
006123205X,Reader_Community,3.55,Official community discussion thread with 3 total reviews.,2026-09-11 04:23:34.175000
735200300,Reader_Community,3.76,Official community discussion thread with 13 total reviews.,2026-09-11 04:23:34.175000
553381679,Reader_Community,4.05,Official community discussion thread with 4432 total reviews.,2026-09-11 04:23:34.175000
517542021,Reader_Community,4.05,Official community discussion thread with 67 total reviews.,2026-09-11 04:23:34.175000
393324818,Reader_Community,4.26,Official community discussion thread with 4155 total reviews.,2026-09-11 04:23:34.175000
140280197,Reader_Community,4.18,Official community discussion thread with 3167 total reviews.,2026-09-11 04:23:34.175000
055338368X,Reader_Community,4.42,Official community discussion thread with 1629 total reviews.,2026-09-11 04:23:34.175000
553295411,Reader_Community,4.07,Official community discussion thread with 175 total reviews.,2026-09-11 04:23:34.175000
812590104,Reader_Community,3.58,Official community discussion thread with 4 total reviews.,2026-09-11 04:23:34.175000
038551641X,Reader_Community,3.96,Official community discussion thread with 198 total reviews.,2026-09-11 04:23:34.175000
553381393,Reader_Community,3.9,Official community discussion thread with 157 total reviews.,2026-09-11 04:23:34.175000
553382047,Reader_Community,3.76,Official community discussion thread with 125 total reviews.,2026-09-11 04:23:34.175000
446691437,Reader_Community,4.0,Official community discussion thread with 4702 total reviews.,2026-09-11 04:23:34.175000
826413013,Reader_Community,3.78,Official community discussion thread with 2 total reviews.,2026-09-11 04:23:34.175000
811701646,Reader_Community,3.91,Official community discussion thread with 6 total reviews.,2026-09-11 04:23:34.175000
140442758,Reader_Community,4.1,Official community discussion thread with 20 total reviews.,2026-09-11 04:23:34.175000
192802771,Reader_Community,3.92,Official community discussion thread with 6 total reviews.,2026-09-11 04:23:34.175000
140449744,Reader_Community,3.92,Official community discussion thread with 22 total reviews.,2026-09-11 04:23:34.176000
189031823X,Reader_Community,4.5,Official community discussion thread with 4 total reviews.,2026-09-11 04:23:34.176000
872207889,Reader_Community,4.06,Official community discussion thread with 4 total reviews.,2026-09-11 04:23:34.176000
801435307,Reader_Community,4.35,Official community discussion thread with 1 total reviews.,2026-09-11 04:23:34.176000
872204626,Reader_Community,3.85,Official community discussion thread with 7 total reviews.,2026-09-11 04:23:34.176000
140449043,Reader_Community,3.95,Official community discussion thread with 198 total reviews.,2026-09-11 04:23:34.176000
140449086,Reader_Community,3.99,Official community discussion thread with 597 total reviews.,2026-09-11 04:23:34.176000
140446389,Reader_Community,3.99,Official community discussion thread with 18 total reviews.,2026-09-11 04:23:34.176000
192824252,Reader_Community,3.99,Official community discussion thread with 41 total reviews.,2026-09-11 04:23:34.176000
140440348,Reader_Community,3.99,Official community discussion thread with 17 total reviews.,2026-09-11 04:23:34.176000
393959465,Reader_Community,3.99,Official community discussion thread with 5 total reviews.,2026-09-11 04:23:34.176000
375400613,Reader_Community,3.99,Official community discussion thread with 10 total reviews.,2026-09-11 04:23:34.176000
226327701,Reader_Community,3.99,Official community discussion thread with 6 total reviews.,2026-09-11 04:23:34.176000
140275363,Reader_Community,3.86,Official community discussion thread with 3423 total reviews.,2026-09-11 04:23:34.176000
872203522,Reader_Community,3.86,Official community discussion thread with 137 total reviews.,2026-09-11 04:23:34.176000
374529051,Reader_Community,3.86,Official community discussion thread with 81 total reviews.,2026-09-11 04:23:34.176000
147712556,Reader_Community,4.04,Official community discussion thread with 380 total reviews.,2026-09-11 04:23:34.176000
140447946,Reader_Community,3.86,Official community discussion thread with 118 total reviews.,2026-09-11 04:23:34.176000
451527372,Reader_Community,3.86,Official community discussion thread with 15 total reviews.,2026-09-11 04:23:34.176000
872205428,Reader_Community,3.86,Official community discussion thread with 18 total reviews.,2026-09-11 04:23:34.176000
143039954,Reader_Community,3.76,Official community discussion thread with 6557 total reviews.,2026-09-11 04:23:34.176000
374525749,Reader_Community,3.76,Official community discussion thread with 179 total reviews.,2026-09-11 04:23:34.176000
60931957,Reader_Community,3.76,Official community discussion thread with 78 total reviews.,2026-09-11 04:23:34.176000
140449116,Reader_Community,3.76,Official community discussion thread with 167 total reviews.,2026-09-11 04:23:34.176000
451527364,Reader_Community,3.76,Official community discussion thread with 24 total reviews.,2026-09-11 04:23:34.176000
086516584X,Reader_Community,4.35,Official community discussion thread with 6 total reviews.,2026-09-11 04:23:34.176000
067499583X,Reader_Community,4.22,Official community discussion thread with 10 total reviews.,2026-09-11 04:23:34.176000
1891190237,Reader_Community,4.13,Official community discussion thread with 7 total reviews.,2026-09-11 04:23:34.176000
192837680,Reader_Community,3.8,Official community discussion thread with 15 total reviews.,2026-09-11 04:23:34.176000
141000589,Reader_Community,4.5,Official community discussion thread with 25 total reviews.,2026-09-11 04:23:34.177000
517092948,Reader_Community,4.5,Official community discussion thread with 6 total reviews.,2026-09-11 04:23:34.177000
521618746,Reader_Community,4.02,Official community discussion thread with 7139 total reviews.,2026-09-11 04:23:34.177000
1557831572,Reader_Community,4.44,Official community discussion thread with 118 total reviews.,2026-09-11 04:23:34.177000
006251279X,Reader_Community,3.64,Official community discussion thread with 92 total reviews.,2026-09-11 04:23:34.177000
62513346,Reader_Community,3.31,Official community discussion thread with 79 total reviews.,2026-09-11 04:23:34.177000
60527986,Reader_Community,3.7,Official community discussion thread with 945 total reviews.,2026-09-11 04:23:34.177000
60832819,Reader_Community,3.57,Official community discussion thread with 2575 total reviews.,2026-09-11 04:23:34.177000
61122092,Reader_Community,3.57,Official community discussion thread with 2702 total reviews.,2026-09-11 04:23:34.177000
60930136,Reader_Community,3.62,Official community discussion thread with 68 total reviews.,2026-09-11 04:23:34.177000
61124265,Reader_Community,3.7,Official community discussion thread with 5452 total reviews.,2026-09-11 04:23:34.177000
140714545,Reader_Community,4.02,Official community discussion thread with 125 total reviews.,2026-09-11 04:23:34.177000
764586033,Reader_Community,3.69,Official community discussion thread with 6 total reviews.,2026-09-11 04:23:34.177000
764585681,Reader_Community,4.02,Official community discussion thread with 16 total reviews.,2026-09-11 04:23:34.177000
879232153,Reader_Community,4.29,Official community discussion thread with 57 total reviews.,2026-09-11 04:23:34.177000
674991206,Reader_Community,4.32,Official community discussion thread with 7 total reviews.,2026-09-11 04:23:34.177000
872201686,Reader_Community,3.72,Official community discussion thread with 15 total reviews.,2026-09-11 04:23:34.177000
872203948,Reader_Community,3.9,Official community discussion thread with 21 total reviews.,2026-09-11 04:23:34.177000
393971678,Reader_Community,3.9,Official community discussion thread with 4 total reviews.,2026-09-11 04:23:34.177000
226307808,Reader_Community,4.03,Official community discussion thread with 56 total reviews.,2026-09-11 04:23:34.177000
226307840,Reader_Community,4.21,Official community discussion thread with 46 total reviews.,2026-09-11 04:23:34.177000
226307832,Reader_Community,4.21,Official community discussion thread with 8 total reviews.,2026-09-11 04:23:34.177000
1590171802,Reader_Community,4.4,Official community discussion thread with 85 total reviews.,2026-09-11 04:23:34.177000
553213636,Reader_Community,4.17,Official community discussion thread with 21 total reviews.,2026-09-11 04:23:34.177000
226307824,Reader_Community,4.0,Official community discussion thread with 15 total reviews.,2026-09-11 04:23:34.177000
226307816,Reader_Community,4.31,Official community discussion thread with 12 total reviews.,2026-09-11 04:23:34.177000
140449299,Reader_Community,4.03,Official community discussion thread with 120 total reviews.,2026-09-11 04:23:34.177000
674995600,Reader_Community,4.23,Official community discussion thread with 4 total reviews.,2026-09-11 04:23:34.178000
521643864,Reader_Community,3.87,Official community discussion thread with 9 total reviews.,2026-09-11 04:23:34.178000
140447261,Reader_Community,4.14,Official community discussion thread with 8 total reviews.,2026-09-11 04:23:34.178000
195125983,Reader_Community,3.88,Official community discussion thread with 13 total reviews.,2026-09-11 04:23:34.178000
486424626,Reader_Community,3.63,Official community discussion thread with 4 total reviews.,2026-09-11 04:23:34.178000
393325830,Reader_Community,3.86,Official community discussion thread with 6 total reviews.,2026-09-11 04:23:34.178000
192832603,Reader_Community,4.1,Official community discussion thread with 2 total reviews.,2026-09-11 04:23:34.178000
674995333,Reader_Community,4.26,Official community discussion thread with 5 total reviews.,2026-09-11 04:23:34.178000
195061667,Reader_Community,3.83,Official community discussion thread with 95 total reviews.,2026-09-11 04:23:34.178000
067499566X,Reader_Community,4.47,Official community discussion thread with 4 total reviews.,2026-09-11 04:23:34.178000
195145666,Reader_Community,3.87,Official community discussion thread with 35 total reviews.,2026-09-11 04:23:34.178000
071563187X,Reader_Community,4.04,Official community discussion thread with 1 total reviews.,2026-09-11 04:23:34.178000
674995740,Reader_Community,4.03,Official community discussion thread with 2 total reviews.,2026-09-11 04:23:34.178000
674996003,Reader_Community,4.07,Official community discussion thread with 3 total reviews.,2026-09-11 04:23:34.178000
715629948,Reader_Community,4.03,Official community discussion thread with 1 total reviews.,2026-09-11 04:23:34.178000
226307662,Reader_Community,4.43,Official community discussion thread with 7 total reviews.,2026-09-11 04:23:34.178000
226307786,Reader_Community,4.02,Official community discussion thread with 53 total reviews.,2026-09-11 04:23:34.178000
226307948,Reader_Community,4.1,Official community discussion thread with 26 total reviews.,2026-09-11 04:23:34.178000
019513592X,Reader_Community,4.02,Official community discussion thread with 7 total reviews.,2026-09-11 04:23:34.178000
140443339,Reader_Community,4.02,Official community discussion thread with 591 total reviews.,2026-09-11 04:23:34.178000
872203905,Reader_Community,4.02,Official community discussion thread with 21 total reviews.,2026-09-11 04:23:34.178000
140441123,Reader_Community,4.1,Official community discussion thread with 62 total reviews.,2026-09-11 04:23:34.178000
374527059,Reader_Community,4.02,Official community discussion thread with 25 total reviews.,2026-09-11 04:23:34.178000
081221627X,Reader_Community,4.02,Official community discussion thread with 3 total reviews.,2026-09-11 04:23:34.179000
226307646,Reader_Community,4.1,Official community discussion thread with 7 total reviews.,2026-09-11 04:23:34.179000
521539811,Reader_Community,4.03,Official community discussion thread with 3 total reviews.,2026-09-11 04:23:34.179000
1400041929,Reader_Community,4.02,Official community discussion thread with 8 total reviews.,2026-09-11 04:23:34.179000
812216717,Reader_Community,4.1,Official community discussion thread with 2 total reviews.,2026-09-11 04:23:34.179000
486292428,Reader_Community,4.02,Official community discussion thread with 8 total reviews.,2026-09-11 04:23:34.179000
226307867,Reader_Community,4.14,Official community discussion thread with 36 total reviews.,2026-09-11 04:23:34.179000
452011671,Reader_Community,3.97,Official community discussion thread with 46 total reviews.,2026-09-11 04:23:34.179000
451527844,Reader_Community,4.27,Official community discussion thread with 40 total reviews.,2026-09-11 04:23:34.179000
015602764X,Reader_Community,3.97,Official community discussion thread with 726 total reviews.,2026-09-11 04:23:34.179000
140444254,Reader_Community,3.97,Official community discussion thread with 288 total reviews.,2026-09-11 04:23:34.179000
872205851,Reader_Community,3.97,Official community discussion thread with 7 total reviews.,2026-09-11 04:23:34.179000
679431322,Reader_Community,3.97,Official community discussion thread with 3 total reviews.,2026-09-11 04:23:34.179000
140440283,Reader_Community,4.14,Official community discussion thread with 9 total reviews.,2026-09-11 04:23:34.179000
192835882,Reader_Community,3.94,Official community discussion thread with 199 total reviews.,2026-09-11 04:23:34.179000
1580495931,Reader_Community,3.7,Official community discussion thread with 1776 total reviews.,2026-09-11 04:23:34.179000
451621603,Reader_Community,3.97,Official community discussion thread with 1 total reviews.,2026-09-11 04:23:34.179000
521617359,Reader_Community,3.7,Official community discussion thread with 1 total reviews.,2026-09-11 04:23:34.179000
1416500332,Reader_Community,3.7,Official community discussion thread with 57 total reviews.,2026-09-11 04:23:34.179000
452007178,Reader_Community,4.06,Official community discussion thread with 79 total reviews.,2026-09-11 04:23:34.179000
415907446,Reader_Community,3.94,Official community discussion thread with 8 total reviews.,2026-09-11 04:23:34.179000
553213431,Reader_Community,4.21,Official community discussion thread with 33 total reviews.,2026-09-11 04:23:34.179000
140448144,Reader_Community,3.95,Official community discussion thread with 120 total reviews.,2026-09-11 04:23:34.179000
1585100870,Reader_Community,3.42,Official community discussion thread with 1 total reviews.,2026-09-11 04:23:34.179000
199120099,Reader_Community,3.75,Official community discussion thread with 2 total reviews.,2026-09-11 04:23:34.179000
674995376,Reader_Community,4.07,Official community discussion thread with 10 total reviews.,2026-09-11 04:23:34.179000
140441522,Reader_Community,3.94,Official community discussion thread with 27 total reviews.,2026-09-11 04:23:34.179000
156027658,Reader_Community,4.03,Official community discussion thread with 2 total reviews.,2026-09-11 04:23:34.179000
674995961,Reader_Community,4.21,Official community discussion thread with 4 total reviews.,2026-09-11 04:23:34.180000
198721595,Reader_Community,4.07,Official community discussion thread with 3 total reviews.,2026-09-11 04:23:34.180000
451616227,Reader_Community,3.85,Official community discussion thread with 2 total reviews.,2026-09-11 04:23:34.180000
198140819,Reader_Community,3.6,Official community discussion thread with 13 total reviews.,2026-09-11 04:23:34.180000
872206033,Reader_Community,3.85,Official community discussion thread with 552 total reviews.,2026-09-11 04:23:34.180000
140443320,Reader_Community,3.69,Official community discussion thread with 1 total reviews.,2026-09-11 04:23:34.180000
521774330,Reader_Community,4.33,Official community discussion thread with 2 total reviews.,2026-09-11 04:23:34.180000
1400032717,Reader_Community,3.88,Official community discussion thread with 35537 total reviews.,2026-09-11 04:23:34.180000
316156507,Reader_Community,3.64,Official community discussion thread with 357 total reviews.,2026-09-11 04:23:34.180000
743482778,Reader_Community,3.98,Official community discussion thread with 2513 total reviews.,2026-09-11 04:23:34.180000
743271327,Reader_Community,3.94,Official community discussion thread with 1751 total reviews.,2026-09-11 04:23:34.180000
142000280,Reader_Community,3.99,Official community discussion thread with 3838 total reviews.,2026-09-11 04:23:34.180000
1576751724,Reader_Community,3.46,Official community discussion thread with 12 total reviews.,2026-09-11 04:23:34.180000
843392463X,Reader_Community,4.17,Official community discussion thread with 30 total reviews.,2026-09-11 04:23:34.180000
8433968777,Reader_Community,4.14,Official community discussion thread with 24 total reviews.,2026-09-11 04:23:34.180000
1862076650,Reader_Community,3.76,Official community discussion thread with 12 total reviews.,2026-09-11 04:23:34.180000
8433924710,Reader_Community,3.96,Official community discussion thread with 77 total reviews.,2026-09-11 04:23:34.180000
8433924621,Reader_Community,3.76,Official community discussion thread with 65 total reviews.,2026-09-11 04:23:34.180000
8432216429,Reader_Community,4.05,Official community discussion thread with 60 total reviews.,2026-09-11 04:23:34.180000
1565480848,Reader_Community,3.92,Official community discussion thread with 24 total reviews.,2026-09-11 04:23:34.180000
679783199,Reader_Community,3.92,Official community discussion thread with 16 total reviews.,2026-09-11 04:23:34.180000
1565481240,Reader_Community,4.04,Official community discussion thread with 21 total reviews.,2026-09-11 04:23:34.180000
520227573,Reader_Community,4.27,Official community discussion thread with 97 total reviews.,2026-09-11 04:23:34.180000
24021504,Reader_Community,4.03,Official community discussion thread with 67 total reviews.,2026-09-11 04:23:34.180000
872201864,Reader_Community,3.92,Official community discussion thread with 8 total reviews.,2026-09-11 04:23:34.180000
143035983,Reader_Community,3.55,Official community discussion thread with 30 total reviews.,2026-09-11 04:23:34.180000
192854526,Reader_Community,3.71,Official community discussion thread with 33 total reviews.,2026-09-11 04:23:34.180000
1565482018,Reader_Community,3.94,Official community discussion thread with 3 total reviews.,2026-09-11 04:23:34.180000
60934913,Reader_Community,4.07,Official community discussion thread with 266 total reviews.,2026-09-11 04:23:34.181000
156001268,Reader_Community,4.05,Official community discussion thread with 64 total reviews.,2026-09-11 04:23:34.181000
014044789X,Reader_Community,4.05,Official community discussion thread with 764 total reviews.,2026-09-11 04:23:34.181000
393058107,Reader_Community,4.05,Official community discussion thread with 8 total reviews.,2026-09-11 04:23:34.181000
806128941,Reader_Community,4.27,Official community discussion thread with 16 total reviews.,2026-09-11 04:23:34.181000
806114568,Reader_Community,4.32,Official community discussion thread with 3 total reviews.,2026-09-11 04:23:34.181000
814317324,Reader_Community,4.36,Official community discussion thread with 8 total reviews.,2026-09-11 04:23:34.181000
674992555,Reader_Community,4.02,Official community discussion thread with 5 total reviews.,2026-09-11 04:23:34.181000
520242602,Reader_Community,4.12,Official community discussion thread with 14 total reviews.,2026-09-11 04:23:34.181000
674990471,Reader_Community,4.52,Official community discussion thread with 4 total reviews.,2026-09-11 04:23:34.181000
674990463,Reader_Community,4.42,Official community discussion thread with 14 total reviews.,2026-09-11 04:23:34.181000
806115602,Reader_Community,3.71,Official community discussion thread with 1 total reviews.,2026-09-11 04:23:34.181000
195143108,Reader_Community,3.64,Official community discussion thread with 5 total reviews.,2026-09-11 04:23:34.181000
195143736,Reader_Community,3.64,Official community discussion thread with 14 total reviews.,2026-09-11 04:23:34.181000
1857150600,Reader_Community,3.86,Official community discussion thread with 2 total reviews.,2026-09-11 04:23:34.181000
226301192,Reader_Community,3.79,Official community discussion thread with 16 total reviews.,2026-09-11 04:23:34.181000
521315794,Reader_Community,4.12,Official community discussion thread with 3 total reviews.,2026-09-11 04:23:34.181000
521011760,Reader_Community,3.4,Official community discussion thread with 1 total reviews.,2026-09-11 04:23:34.181000
1585424838,Reader_Community,3.42,Official community discussion thread with 217 total reviews.,2026-09-11 04:23:34.181000
767907434,Reader_Community,4.06,Official community discussion thread with 166 total reviews.,2026-09-11 04:23:34.181000
743233212,Reader_Community,3.95,Official community discussion thread with 831 total reviews.,2026-09-11 04:23:34.181000
743270606,Reader_Community,3.61,Official community discussion thread with 899 total reviews.,2026-09-11 04:23:34.181000
393061310,Reader_Community,4.03,Official community discussion thread with 404 total reviews.,2026-09-11 04:23:34.181000
865475091,Reader_Community,3.87,Official community discussion thread with 60 total reviews.,2026-09-11 04:23:34.181000
385486804,Reader_Community,3.98,Official community discussion thread with 18198 total reviews.,2026-09-11 04:23:34.182000
785268839,Reader_Community,3.92,Official community discussion thread with 1503 total reviews.,2026-09-11 04:23:34.182000
743246985,Reader_Community,4.26,Official community discussion thread with 4280 total reviews.,2026-09-11 04:23:34.182000
044657967X,Reader_Community,4.01,Official community discussion thread with 944 total reviews.,2026-09-11 04:23:34.182000
515142395,Reader_Community,3.78,Official community discussion thread with 115 total reviews.,2026-09-11 04:23:34.182000
439227143,Reader_Community,3.86,Official community discussion thread with 7203 total reviews.,2026-09-11 04:23:34.182000
037582538X,Reader_Community,4.17,Official community discussion thread with 378 total reviews.,2026-09-11 04:23:34.182000
1591583667,Reader_Community,2.67,Official community discussion thread with 2 total reviews.,2026-09-11 04:23:34.182000
805063897,Reader_Community,3.63,Official community discussion thread with 5762 total reviews.,2026-09-11 04:23:34.182000
394417755,Reader_Community,4.04,Official community discussion thread with 3 total reviews.,2026-09-11 04:23:34.182000
140268685,Reader_Community,4.04,Official community discussion thread with 27 total reviews.,2026-09-11 04:23:34.182000
140137343,Reader_Community,4.08,Official community discussion thread with 2 total reviews.,2026-09-11 04:23:34.182000
014025157X,Reader_Community,4.45,Official community discussion thread with 99 total reviews.,2026-09-11 04:23:34.182000
192802380,Reader_Community,4.26,Official community discussion thread with 253 total reviews.,2026-09-11 04:23:34.182000
143036238,Reader_Community,4.26,Official community discussion thread with 210 total reviews.,2026-09-11 04:23:34.182000
486440915,Reader_Community,4.26,Official community discussion thread with 166 total reviews.,2026-09-11 04:23:34.182000
1593083246,Reader_Community,4.26,Official community discussion thread with 171 total reviews.,2026-09-11 04:23:34.182000
1400032806,Reader_Community,4.0,Official community discussion thread with 1022 total reviews.,2026-09-11 04:23:34.182000
375752676,Reader_Community,3.71,Official community discussion thread with 40 total reviews.,2026-09-11 04:23:34.182000
385494785,Reader_Community,4.17,Official community discussion thread with 11701 total reviews.,2026-09-11 04:23:34.182000
067978361X,Reader_Community,4.01,Official community discussion thread with 136 total reviews.,2026-09-11 04:23:34.182000
374292795,Reader_Community,3.68,Official community discussion thread with 2800 total reviews.,2026-09-11 04:23:34.182000
898868092,Reader_Community,4.07,Official community discussion thread with 1 total reviews.,2026-09-11 04:23:34.182000
590422677,Reader_Community,3.65,Official community discussion thread with 36 total reviews.,2026-09-11 04:23:34.182000
451529308,Reader_Community,4.07,Official community discussion thread with 18458 total reviews.,2026-09-11 04:23:34.182000
1402714580,Reader_Community,4.07,Official community discussion thread with 131 total reviews.,2026-09-11 04:23:34.182000
439101360,Reader_Community,4.07,Official community discussion thread with 45 total reviews.,2026-09-11 04:23:34.182000
517221160,Reader_Community,4.07,Official community discussion thread with 9 total reviews.,2026-09-11 04:23:34.182000
1931082731,Reader_Community,4.33,Official community discussion thread with 87 total reviews.,2026-09-11 04:23:34.182000
1904633277,Reader_Community,4.07,Official community discussion thread with 9 total reviews.,2026-09-11 04:23:34.182000
743487605,Reader_Community,3.84,Official community discussion thread with 28 total reviews.,2026-09-11 04:23:34.183000
1593081383,Reader_Community,3.84,Official community discussion thread with 183 total reviews.,2026-09-11 04:23:34.183000
158663352X,Reader_Community,4.0,Official community discussion thread with 1 total reviews.,2026-09-11 04:23:34.183000
1593080557,Reader_Community,3.84,Official community discussion thread with 88 total reviews.,2026-09-11 04:23:34.183000
1857151437,Reader_Community,3.84,Official community discussion thread with 9 total reviews.,2026-09-11 04:23:34.183000
067179227X,Reader_Community,4.16,Official community discussion thread with 216 total reviews.,2026-09-11 04:23:34.183000
1405228180,Reader_Community,4.21,Official community discussion thread with 61 total reviews.,2026-09-11 04:23:34.183000
517093391,Reader_Community,4.3,Official community discussion thread with 2 total reviews.,2026-09-11 04:23:34.183000
375760059,Reader_Community,4.01,Official community discussion thread with 146 total reviews.,2026-09-11 04:23:34.183000
451530047,Reader_Community,3.99,Official community discussion thread with 17 total reviews.,2026-09-11 04:23:34.183000
671882368,Reader_Community,3.85,Official community discussion thread with 501 total reviews.,2026-09-11 04:23:34.183000
670030775,Reader_Community,3.82,Official community discussion thread with 81 total reviews.,2026-09-11 04:23:34.183000
140436146,Reader_Community,3.83,Official community discussion thread with 394 total reviews.,2026-09-11 04:23:34.183000
465031269,Reader_Community,3.71,Official community discussion thread with 278 total reviews.,2026-09-11 04:23:34.183000
60183071,Reader_Community,4.06,Official community discussion thread with 1 total reviews.,2026-09-11 04:23:34.183000
822533898,Reader_Community,3.84,Official community discussion thread with 10 total reviews.,2026-09-11 04:23:34.183000
043932162X,Reader_Community,4.4,Official community discussion thread with 139 total reviews.,2026-09-11 04:23:34.183000
826452329,Reader_Community,3.58,Official community discussion thread with 9 total reviews.,2026-09-11 04:23:34.183000
747584664,Reader_Community,4.57,Official community discussion thread with 78 total reviews.,2026-09-11 04:23:34.183000
765342510,Reader_Community,3.66,Official community discussion thread with 85 total reviews.,2026-09-11 04:23:34.183000
765342537,Reader_Community,3.81,Official community discussion thread with 150 total reviews.,2026-09-11 04:23:34.183000
765342529,Reader_Community,3.43,Official community discussion thread with 76 total reviews.,2026-09-11 04:23:34.183000
413772780,Reader_Community,2.67,Official community discussion thread with 1 total reviews.,2026-09-11 04:23:34.183000
1420926713,Reader_Community,3.8,Official community discussion thread with 1 total reviews.,2026-09-11 04:23:34.183000
198144962,Reader_Community,3.85,Official community discussion thread with 6 total reviews.,2026-09-11 04:23:34.183000
1573921335,Reader_Community,3.77,Official community discussion thread with 4 total reviews.,2026-09-11 04:23:34.183000
1853991147,Reader_Community,3.86,Official community discussion thread with 1 total reviews.,2026-09-11 04:23:34.183000
1883011086,Reader_Community,4.47,Official community discussion thread with 48 total reviews.,2026-09-11 04:23:34.183000
1883011078,Reader_Community,4.5,Official community discussion thread with 66 total reviews.,2026-09-11 04:23:34.183000
375415025,Reader_Community,4.45,Official community discussion thread with 11 total reviews.,2026-09-11 04:23:34.183000
394758269,Reader_Community,4.08,Official community discussion thread with 570 total reviews.,2026-09-11 04:23:34.184000
394757653,Reader_Community,4.16,Official community discussion thread with 162 total reviews.,2026-09-11 04:23:34.184000
394758285,Reader_Community,4.01,Official community discussion thread with 4076 total reviews.,2026-09-11 04:23:34.184000
394757688,Reader_Community,4.22,Official community discussion thread with 1619 total reviews.,2026-09-11 04:23:34.184000
812970403,Reader_Community,3.6,Official community discussion thread with 130 total reviews.,2026-09-11 04:23:34.184000
452286875,Reader_Community,3.82,Official community discussion thread with 31 total reviews.,2026-09-11 04:23:34.184000
1421501562,Reader_Community,3.97,Official community discussion thread with 12 total reviews.,2026-09-11 04:23:34.184000
056352474X,Reader_Community,4.22,Official community discussion thread with 2 total reviews.,2026-09-11 04:23:34.184000
067003472X,Reader_Community,3.89,Official community discussion thread with 330 total reviews.,2026-09-11 04:23:34.184000
068482471X,Reader_Community,4.04,Official community discussion thread with 235 total reviews.,2026-09-11 04:23:34.184000
142003840,Reader_Community,3.83,Official community discussion thread with 88 total reviews.,2026-09-11 04:23:34.184000
262540371,Reader_Community,3.95,Official community discussion thread with 11 total reviews.,2026-09-11 04:23:34.184000
465073514,Reader_Community,3.82,Official community discussion thread with 63 total reviews.,2026-09-11 04:23:34.184000
387987207,Reader_Community,3.61,Official community discussion thread with 3 total reviews.,2026-09-11 04:23:34.184000
262540428,Reader_Community,3.92,Official community discussion thread with 37 total reviews.,2026-09-11 04:23:34.184000
553345842,Reader_Community,4.14,Official community discussion thread with 92 total reviews.,2026-09-11 04:23:34.184000
553103741,Reader_Community,4.17,Official community discussion thread with 63 total reviews.,2026-09-11 04:23:34.184000
553804367,Reader_Community,4.22,Official community discussion thread with 828 total reviews.,2026-09-11 04:23:34.184000
055380202X,Reader_Community,4.15,Official community discussion thread with 645 total reviews.,2026-09-11 04:23:34.184000
762419229,Reader_Community,4.07,Official community discussion thread with 51 total reviews.,2026-09-11 04:23:34.184000
465081983,Reader_Community,4.29,Official community discussion thread with 22 total reviews.,2026-09-11 04:23:34.184000
039332446X,Reader_Community,3.94,Official community discussion thread with 10 total reviews.,2026-09-11 04:23:34.184000
380707632,Reader_Community,4.02,Official community discussion thread with 30 total reviews.,2026-09-11 04:23:34.184000
691050848,Reader_Community,4.09,Official community discussion thread with 40 total reviews.,2026-09-11 04:23:34.184000
60977108,Reader_Community,3.83,Official community discussion thread with 178 total reviews.,2026-09-11 04:23:34.184000
713484071,Reader_Community,4.31,Official community discussion thread with 5 total reviews.,2026-09-11 04:23:34.184000
316281336,Reader_Community,4.13,Official community discussion thread with 12 total reviews.,2026-09-11 04:23:34.185000
452282314,Reader_Community,3.96,Official community discussion thread with 39 total reviews.,2026-09-11 04:23:34.185000
452278872,Reader_Community,3.94,Official community discussion thread with 14 total reviews.,2026-09-11 04:23:34.185000
451191153,Reader_Community,3.87,Official community discussion thread with 10063 total reviews.,2026-09-11 04:23:34.185000
446618764,Reader_Community,4.24,Official community discussion thread with 6 total reviews.,2026-09-11 04:23:34.185000
60793198,Reader_Community,3.1,Official community discussion thread with 2 total reviews.,2026-09-11 04:23:34.185000
1400051576,Reader_Community,4.23,Official community discussion thread with 136 total reviews.,2026-09-11 04:23:34.185000
312425023,Reader_Community,3.58,Official community discussion thread with 446 total reviews.,2026-09-11 04:23:34.185000
312424086,Reader_Community,3.91,Official community discussion thread with 658 total reviews.,2026-09-11 04:23:34.185000
316172324,Reader_Community,3.93,Official community discussion thread with 355 total reviews.,2026-09-11 04:23:34.185000
849945119,Reader_Community,4.17,Official community discussion thread with 502 total reviews.,2026-09-11 04:23:34.185000
743422074,Reader_Community,4.39,Official community discussion thread with 22 total reviews.,2026-09-11 04:23:34.185000
517147688,Reader_Community,4.55,Official community discussion thread with 31 total reviews.,2026-09-11 04:23:34.185000
452286530,Reader_Community,3.08,Official community discussion thread with 3535 total reviews.,2026-09-11 04:23:34.185000
517118297,Reader_Community,4.55,Official community discussion thread with 24 total reviews.,2026-09-11 04:23:34.185000
192832972,Reader_Community,4.16,Official community discussion thread with 69 total reviews.,2026-09-11 04:23:34.185000
192802631,Reader_Community,4.14,Official community discussion thread with 11308 total reviews.,2026-09-11 04:23:34.185000
097212179X,Reader_Community,3.79,Official community discussion thread with 108 total reviews.,2026-09-11 04:23:34.185000
743564367,Reader_Community,3.77,Official community discussion thread with 77 total reviews.,2026-09-11 04:23:34.185000
679731369,Reader_Community,3.66,Official community discussion thread with 606 total reviews.,2026-09-11 04:23:34.185000
140435824,Reader_Community,3.62,Official community discussion thread with 31 total reviews.,2026-09-11 04:23:34.185000
192836226,Reader_Community,3.83,Official community discussion thread with 7 total reviews.,2026-09-11 04:23:34.185000
140448004,Reader_Community,3.69,Official community discussion thread with 150 total reviews.,2026-09-11 04:23:34.185000
140447970,Reader_Community,3.83,Official community discussion thread with 388 total reviews.,2026-09-11 04:23:34.185000
226735192,Reader_Community,3.8,Official community discussion thread with 1 total reviews.,2026-09-11 04:23:34.185000
312422156,Reader_Community,4.0,Official community discussion thread with 19548 total reviews.,2026-09-11 04:23:34.185000
743270754,Reader_Community,4.28,Official community discussion thread with 6118 total reviews.,2026-09-11 04:23:34.185000
743223136,Reader_Community,4.06,Official community discussion thread with 5325 total reviews.,2026-09-11 04:23:34.185000
1574671324,Reader_Community,3.5,Official community discussion thread with 5 total reviews.,2026-09-11 04:23:34.185000
142437115,Reader_Community,4.14,Official community discussion thread with 28 total reviews.,2026-09-11 04:23:34.185000
393311333,Reader_Community,4.05,Official community discussion thread with 78 total reviews.,2026-09-11 04:23:34.185000
471773867,Reader_Community,3.64,Official community discussion thread with 9 total reviews.,2026-09-11 04:23:34.185000
452281326,Reader_Community,4.0,Official community discussion thread with 124 total reviews.,2026-09-11 04:23:34.185000
684842238,Reader_Community,4.16,Official community discussion thread with 10 total reviews.,2026-09-11 04:23:34.186000
684839377,Reader_Community,4.07,Official community discussion thread with 7 total reviews.,2026-09-11 04:23:34.186000
72920963,Reader_Community,3.77,Official community discussion thread with 13 total reviews.,2026-09-11 04:23:34.186000
938497197,Reader_Community,3.62,Official community discussion thread with 7 total reviews.,2026-09-11 04:23:34.186000
671708635,Reader_Community,4.1,Official community discussion thread with 233 total reviews.,2026-09-11 04:23:34.186000
743250974,Reader_Community,4.24,Official community discussion thread with 114 total reviews.,2026-09-11 04:23:34.186000
671887173,Reader_Community,3.9,Official community discussion thread with 26 total reviews.,2026-09-11 04:23:34.186000
1932073205,Reader_Community,4.14,Official community discussion thread with 1622 total reviews.,2026-09-11 04:23:34.186000
915811235,Reader_Community,4.15,Official community discussion thread with 13 total reviews.,2026-09-11 04:23:34.186000
425179613,Reader_Community,3.72,Official community discussion thread with 1833 total reviews.,2026-09-11 04:23:34.186000
306814552,Reader_Community,3.67,Official community discussion thread with 26 total reviews.,2026-09-11 04:23:34.186000
671869205,Reader_Community,4.12,Official community discussion thread with 1937 total reviews.,2026-09-11 04:23:34.186000
140009691X,Reader_Community,4.2,Official community discussion thread with 217 total reviews.,2026-09-11 04:23:34.186000
067960085X,Reader_Community,3.89,Official community discussion thread with 699 total reviews.,2026-09-11 04:23:34.186000
345478207,Reader_Community,3.58,Official community discussion thread with 78 total reviews.,2026-09-11 04:23:34.186000
449007383,Reader_Community,3.74,Official community discussion thread with 68 total reviews.,2026-09-11 04:23:34.186000
679745645,Reader_Community,3.8,Official community discussion thread with 656 total reviews.,2026-09-11 04:23:34.186000
073933364X,Reader_Community,4.07,Official community discussion thread with 133 total reviews.,2026-09-11 04:23:34.186000
684868768,Reader_Community,3.96,Official community discussion thread with 200 total reviews.,2026-09-11 04:23:34.186000
446671827,Reader_Community,4.07,Official community discussion thread with 154 total reviews.,2026-09-11 04:23:34.186000
813527406,Reader_Community,4.02,Official community discussion thread with 5 total reviews.,2026-09-11 04:23:34.186000
684842572,Reader_Community,3.89,Official community discussion thread with 182 total reviews.,2026-09-11 04:23:34.186000
940450313,Reader_Community,4.3,Official community discussion thread with 29 total reviews.,2026-09-11 04:23:34.186000
1883011949,Reader_Community,4.25,Official community discussion thread with 9 total reviews.,2026-09-11 04:23:34.186000
940450534,Reader_Community,4.22,Official community discussion thread with 9 total reviews.,2026-09-11 04:23:34.186000
486420493,Reader_Community,3.95,Official community discussion thread with 62 total reviews.,2026-09-11 04:23:34.186000
689304579,Reader_Community,4.08,Official community discussion thread with 9 total reviews.,2026-09-11 04:23:34.186000
440802504,Reader_Community,3.69,Official community discussion thread with 12 total reviews.,2026-09-11 04:23:34.186000
307236013,Reader_Community,3.93,Official community discussion thread with 85 total reviews.,2026-09-11 04:23:34.186000
1597770078,Reader_Community,3.98,Official community discussion thread with 15 total reviews.,2026-09-11 04:23:34.186000
618056998,Reader_Community,4.15,Official community discussion thread with 171 total reviews.,2026-09-11 04:23:34.186000
618083553,Reader_Community,4.38,Official community discussion thread with 3 total reviews.,2026-09-11 04:23:34.186000
395291305,Reader_Community,3.98,Official community discussion thread with 74 total reviews.,2026-09-11 04:23:34.186000
618574999,Reader_Community,4.5,Official community discussion thread with 9 total reviews.,2026-09-11 04:23:34.186000
618009361,Reader_Community,3.85,Official community discussion thread with 225 total reviews.,2026-09-11 04:23:34.186000
140272925,Reader_Community,4.05,Official community discussion thread with 369 total reviews.,2026-09-11 04:23:34.186000
670910619,Reader_Community,3.8,Official community discussion thread with 161 total reviews.,2026-09-11 04:23:34.186000
140271570,Reader_Community,4.01,Official community discussion thread with 132 total reviews.,2026-09-11 04:23:34.187000
198111843,Reader_Community,4.1,Official community discussion thread with 7 total reviews.,2026-09-11 04:23:34.187000
815319665,Reader_Community,3.68,Official community discussion thread with 2 total reviews.,2026-09-11 04:23:34.187000
671792768,Reader_Community,3.98,Official community discussion thread with 482 total reviews.,2026-09-11 04:23:34.187000
671447548,Reader_Community,4.12,Official community discussion thread with 1191 total reviews.,2026-09-11 04:23:34.187000
684813637,Reader_Community,4.06,Official community discussion thread with 285 total reviews.,2026-09-11 04:23:34.187000
844662925,Reader_Community,4.11,Official community discussion thread with 1199 total reviews.,2026-09-11 04:23:34.187000
743262131,Reader_Community,4.2,Official community discussion thread with 1042 total reviews.,2026-09-11 04:23:34.187000
451188454,Reader_Community,4.19,Official community discussion thread with 1753 total reviews.,2026-09-11 04:23:34.187000
761452427,Reader_Community,3.27,Official community discussion thread with 19 total reviews.,2026-09-11 04:23:34.187000
8466305130,Reader_Community,4.19,Official community discussion thread with 2 total reviews.,2026-09-11 04:23:34.187000
9626343583,Reader_Community,3.5,Official community discussion thread with 17 total reviews.,2026-09-11 04:23:34.187000
763630187,Reader_Community,3.71,Official community discussion thread with 16 total reviews.,2026-09-11 04:23:34.187000
143058096,Reader_Community,3.5,Official community discussion thread with 885 total reviews.,2026-09-11 04:23:34.187000
1593080182,Reader_Community,3.5,Official community discussion thread with 207 total reviews.,2026-09-11 04:23:34.187000
415247713,Reader_Community,3.61,Official community discussion thread with 7 total reviews.,2026-09-11 04:23:34.187000
192781537,Reader_Community,3.82,Official community discussion thread with 5 total reviews.,2026-09-11 04:23:34.187000
919123708,Reader_Community,3.93,Official community discussion thread with 4 total reviews.,2026-09-11 04:23:34.187000
700607420,Reader_Community,4.28,Official community discussion thread with 1 total reviews.,2026-09-11 04:23:34.187000
515139734,Reader_Community,3.92,Official community discussion thread with 159 total reviews.,2026-09-11 04:23:34.187000
515121495,Reader_Community,3.96,Official community discussion thread with 141 total reviews.,2026-09-11 04:23:34.187000
61020613,Reader_Community,4.22,Official community discussion thread with 1272 total reviews.,2026-09-11 04:23:34.187000
812967054,Reader_Community,3.86,Official community discussion thread with 693 total reviews.,2026-09-11 04:23:34.187000
1854583522,Reader_Community,3.57,Official community discussion thread with 6 total reviews.,2026-09-11 04:23:34.187000
862921473,Reader_Community,3.0,Official community discussion thread with 1 total reviews.,2026-09-11 04:23:34.187000
674996232,Reader_Community,4.03,Official community discussion thread with 1 total reviews.,2026-09-11 04:23:34.187000
393977617,Reader_Community,3.76,Official community discussion thread with 30 total reviews.,2026-09-11 04:23:34.187000
141439971,Reader_Community,3.89,Official community discussion thread with 301 total reviews.,2026-09-11 04:23:34.187000
743487737,Reader_Community,3.89,Official community discussion thread with 36 total reviews.,2026-09-11 04:23:34.187000
157174102X,Reader_Community,3.59,Official community discussion thread with 6 total reviews.,2026-09-11 04:23:34.187000
439436540,Reader_Community,3.89,Official community discussion thread with 35 total reviews.,2026-09-11 04:23:34.187000
1842124021,Reader_Community,4.14,Official community discussion thread with 33 total reviews.,2026-09-11 04:23:34.187000
812970756,Reader_Community,3.93,Official community discussion thread with 11 total reviews.,2026-09-11 04:23:34.187000
141441119,Reader_Community,3.42,Official community discussion thread with 111 total reviews.,2026-09-11 04:23:34.187000
307264890,Reader_Community,4.12,Official community discussion thread with 113 total reviews.,2026-09-11 04:23:34.187000
824512596,Reader_Community,4.34,Official community discussion thread with 410 total reviews.,2026-09-11 04:23:34.187000
1400083117,Reader_Community,4.15,Official community discussion thread with 403 total reviews.,2026-09-11 04:23:34.188000
156007754,Reader_Community,4.11,Official community discussion thread with 7778 total reviews.,2026-09-11 04:23:34.188000
156001411,Reader_Community,4.29,Official community discussion thread with 107 total reviews.,2026-09-11 04:23:34.188000
156010593,Reader_Community,3.89,Official community discussion thread with 734 total reviews.,2026-09-11 04:23:34.188000
156013037,Reader_Community,3.89,Official community discussion thread with 242 total reviews.,2026-09-11 04:23:34.188000
156005204,Reader_Community,3.92,Official community discussion thread with 284 total reviews.,2026-09-11 04:23:34.188000
156028794,Reader_Community,3.84,Official community discussion thread with 548 total reviews.,2026-09-11 04:23:34.188000
156004011,Reader_Community,3.8,Official community discussion thread with 30 total reviews.,2026-09-11 04:23:34.188000
1860465021,Reader_Community,4.02,Official community discussion thread with 191 total reviews.,2026-09-11 04:23:34.188000
8466312803,Reader_Community,3.89,Official community discussion thread with 106 total reviews.,2026-09-11 04:23:34.188000
8466314741,Reader_Community,3.8,Official community discussion thread with 124 total reviews.,2026-09-11 04:23:34.188000
846630679X,Reader_Community,3.84,Official community discussion thread with 69 total reviews.,2026-09-11 04:23:34.188000
156006243,Reader_Community,3.81,Official community discussion thread with 62 total reviews.,2026-09-11 04:23:34.188000
9587043642,Reader_Community,4.0,Official community discussion thread with 306 total reviews.,2026-09-11 04:23:34.188000
089009389X,Reader_Community,4.42,Official community discussion thread with 45 total reviews.,2026-09-11 04:23:34.188000
000100039X,Reader_Community,4.23,Official community discussion thread with 5418 total reviews.,2026-09-11 04:23:34.188000
394448049,Reader_Community,4.03,Official community discussion thread with 104 total reviews.,2026-09-11 04:23:34.188000
143036386,Reader_Community,3.63,Official community discussion thread with 39 total reviews.,2026-09-11 04:23:34.188000
141182679,Reader_Community,3.63,Official community discussion thread with 502 total reviews.,2026-09-11 04:23:34.188000
375711163,Reader_Community,4.11,Official community discussion thread with 105 total reviews.,2026-09-11 04:23:34.188000
679725407,Reader_Community,3.93,Official community discussion thread with 90 total reviews.,2026-09-11 04:23:34.188000
143034545,Reader_Community,3.85,Official community discussion thread with 178 total reviews.,2026-09-11 04:23:34.188000
807744689,Reader_Community,4.0,Official community discussion thread with 4 total reviews.,2026-09-11 04:23:34.188000
195137892,Reader_Community,3.89,Official community discussion thread with 13 total reviews.,2026-09-11 04:23:34.188000
71460829,Reader_Community,4.11,Official community discussion thread with 59 total reviews.,2026-09-11 04:23:34.188000
316346624,Reader_Community,3.97,Official community discussion thread with 11898 total reviews.,2026-09-11 04:23:34.188000
786887176,Reader_Community,3.98,Official community discussion thread with 88 total reviews.,2026-09-11 04:23:34.188000
60521996,Reader_Community,3.99,Official community discussion thread with 752 total reviews.,2026-09-11 04:23:34.188000
141439564,Reader_Community,3.77,Official community discussion thread with 668 total reviews.,2026-09-11 04:23:34.188000
393960692,Reader_Community,3.77,Official community discussion thread with 38 total reviews.,2026-09-11 04:23:34.188000
664241581,Reader_Community,3.8,Official community discussion thread with 13 total reviews.,2026-09-11 04:23:34.188000
60935464,Reader_Community,4.27,Official community discussion thread with 898 total reviews.,2026-09-11 04:23:34.188000
60888695,Reader_Community,4.27,Official community discussion thread with 180 total reviews.,2026-09-11 04:23:34.189000
61205699,Reader_Community,4.27,Official community discussion thread with 34 total reviews.,2026-09-11 04:23:34.189000
761501665,Reader_Community,4.02,Official community discussion thread with 4 total reviews.,2026-09-11 04:23:34.189000
486287599,Reader_Community,4.05,Official community discussion thread with 141 total reviews.,2026-09-11 04:23:34.189000
1416500391,Reader_Community,3.79,Official community discussion thread with 50 total reviews.,2026-09-11 04:23:34.189000
192834428,Reader_Community,3.59,Official community discussion thread with 12 total reviews.,2026-09-11 04:23:34.189000
1931082308,Reader_Community,4.28,Official community discussion thread with 4 total reviews.,2026-09-11 04:23:34.189000
193108288X,Reader_Community,4.63,Official community discussion thread with 3 total reviews.,2026-09-11 04:23:34.189000
1883011094,Reader_Community,4.22,Official community discussion thread with 7 total reviews.,2026-09-11 04:23:34.189000
140424385,Reader_Community,3.49,Official community discussion thread with 2365 total reviews.,2026-09-11 04:23:34.189000
019283360X,Reader_Community,3.49,Official community discussion thread with 22 total reviews.,2026-09-11 04:23:34.189000
014042234X,Reader_Community,3.49,Official community discussion thread with 59 total reviews.,2026-09-11 04:23:34.189000
812000390,Reader_Community,3.8,Official community discussion thread with 5 total reviews.,2026-09-11 04:23:34.189000
198711557,Reader_Community,4.02,Official community discussion thread with 4 total reviews.,2026-09-11 04:23:34.189000
140444084,Reader_Community,3.61,Official community discussion thread with 6 total reviews.,2026-09-11 04:23:34.189000
671475029,Reader_Community,3.49,Official community discussion thread with 5 total reviews.,2026-09-11 04:23:34.189000
395290317,Reader_Community,4.18,Official community discussion thread with 152 total reviews.,2026-09-11 04:23:34.189000
140150811,Reader_Community,3.86,Official community discussion thread with 8 total reviews.,2026-09-11 04:23:34.189000
142001619,Reader_Community,3.74,Official community discussion thread with 3012 total reviews.,2026-09-11 04:23:34.189000
689834195,Reader_Community,4.2,Official community discussion thread with 173 total reviews.,2026-09-11 04:23:34.189000
618446885,Reader_Community,3.52,Official community discussion thread with 629 total reviews.,2026-09-11 04:23:34.189000
039475526X,Reader_Community,4.13,Official community discussion thread with 105 total reviews.,2026-09-11 04:23:34.189000
553580078,Reader_Community,3.73,Official community discussion thread with 995 total reviews.,2026-09-11 04:23:34.189000
805202412,Reader_Community,4.29,Official community discussion thread with 194 total reviews.,2026-09-11 04:23:34.189000
300115865,Reader_Community,4.51,Official community discussion thread with 5 total reviews.,2026-09-11 04:23:34.189000
1568813074,Reader_Community,4.5,Official community discussion thread with 2 total reviews.,2026-09-11 04:23:34.189000
074754655X,Reader_Community,3.83,Official community discussion thread with 46 total reviews.,2026-09-11 04:23:34.189000
1558745157,Reader_Community,4.1,Official community discussion thread with 2513 total reviews.,2026-09-11 04:23:34.189000
805061835,Reader_Community,3.83,Official community discussion thread with 128 total reviews.,2026-09-11 04:23:34.189000
7179812,Reader_Community,3.88,Official community discussion thread with 38 total reviews.,2026-09-11 04:23:34.189000
684832402,Reader_Community,4.16,Official community discussion thread with 635 total reviews.,2026-09-11 04:23:34.190000
60838655,Reader_Community,4.08,Official community discussion thread with 4711 total reviews.,2026-09-11 04:23:34.190000
1565848268,Reader_Community,4.08,Official community discussion thread with 3 total reviews.,2026-09-11 04:23:34.190000
500203474,Reader_Community,4.0,Official community discussion thread with 12 total reviews.,2026-09-11 04:23:34.190000
822318644,Reader_Community,4.0,Official community discussion thread with 9 total reviews.,2026-09-11 04:23:34.190000
039574010X,Reader_Community,3.92,Official community discussion thread with 12 total reviews.,2026-09-11 04:23:34.190000
006091307X,Reader_Community,3.69,Official community discussion thread with 3332 total reviews.,2026-09-11 04:23:34.190000
425181642,Reader_Community,4.09,Official community discussion thread with 321 total reviews.,2026-09-11 04:23:34.190000
307237206,Reader_Community,4.1,Official community discussion thread with 112 total reviews.,2026-09-11 04:23:34.190000
094089548X,Reader_Community,3.93,Official community discussion thread with 18 total reviews.,2026-09-11 04:23:34.190000
440936853,Reader_Community,3.76,Official community discussion thread with 163 total reviews.,2026-09-11 04:23:34.190000
877887268,Reader_Community,4.12,Official community discussion thread with 48 total reviews.,2026-09-11 04:23:34.190000
671686909,Reader_Community,4.25,Official community discussion thread with 38 total reviews.,2026-09-11 04:23:34.190000
877880204,Reader_Community,3.98,Official community discussion thread with 4 total reviews.,2026-09-11 04:23:34.190000
62545035,Reader_Community,4.21,Official community discussion thread with 506 total reviews.,2026-09-11 04:23:34.190000
521639875,Reader_Community,4.04,Official community discussion thread with 23 total reviews.,2026-09-11 04:23:34.190000
385092105,Reader_Community,4.01,Official community discussion thread with 42 total reviews.,2026-09-11 04:23:34.190000
140433392,Reader_Community,3.98,Official community discussion thread with 301 total reviews.,2026-09-11 04:23:34.190000
907129072,Reader_Community,4.0,Official community discussion thread with 2 total reviews.,2026-09-11 04:23:34.190000
195114159,Reader_Community,3.79,Official community discussion thread with 58 total reviews.,2026-09-11 04:23:34.190000
60734019,Reader_Community,4.0,Official community discussion thread with 152 total reviews.,2026-09-11 04:23:34.190000
439271711,Reader_Community,5.0,Official community discussion thread with 1 total reviews.,2026-09-11 04:23:34.190000
618654798,Reader_Community,3.76,Official community discussion thread with 294 total reviews.,2026-09-11 04:23:34.190000
525464824,Reader_Community,4.27,Official community discussion thread with 27 total reviews.,2026-09-11 04:23:34.190000
1559704640,Reader_Community,4.25,Official community discussion thread with 99 total reviews.,2026-09-11 04:23:34.190000
078690206X,Reader_Community,3.46,Official community discussion thread with 1 total reviews.,2026-09-11 04:23:34.190000
452284937,Reader_Community,3.88,Official community discussion thread with 127 total reviews.,2026-09-11 04:23:34.190000
385415605,Reader_Community,3.94,Official community discussion thread with 4 total reviews.,2026-09-11 04:23:34.190000
052594978X,Reader_Community,3.36,Official community discussion thread with 1113 total reviews.,2026-09-11 04:23:34.190000
452283205,Reader_Community,3.58,Official community discussion thread with 1214 total reviews.,2026-09-11 04:23:34.190000
452284449,Reader_Community,3.66,Official community discussion thread with 1588 total reviews.,2026-09-11 04:23:34.190000
3471772537,Reader_Community,3.58,Official community discussion thread with 1 total reviews.,2026-09-11 04:23:34.190000
1421506130,Reader_Community,4.42,Official community discussion thread with 76 total reviews.,2026-09-11 04:23:34.190000
1591164419,Reader_Community,4.22,Official community discussion thread with 1063 total reviews.,2026-09-11 04:23:34.191000
1421506122,Reader_Community,4.38,Official community discussion thread with 79 total reviews.,2026-09-11 04:23:34.191000
1421502712,Reader_Community,4.36,Official community discussion thread with 84 total reviews.,2026-09-11 04:23:34.191000
1421504030,Reader_Community,4.36,Official community discussion thread with 86 total reviews.,2026-09-11 04:23:34.191000
4088736214,Reader_Community,4.43,Official community discussion thread with 38 total reviews.,2026-09-11 04:23:34.191000
4088736710,Reader_Community,4.39,Official community discussion thread with 13 total reviews.,2026-09-11 04:23:34.191000
4088736524,Reader_Community,4.43,Official community discussion thread with 11 total reviews.,2026-09-11 04:23:34.191000
373028601,Reader_Community,3.25,Official community discussion thread with 1 total reviews.,2026-09-11 04:23:34.191000
307277763,Reader_Community,4.02,Official community discussion thread with 191 total reviews.,2026-09-11 04:23:34.191000
3257228007,Reader_Community,4.02,Official community discussion thread with 343 total reviews.,2026-09-11 04:23:34.191000
747534934,Reader_Community,3.57,Official community discussion thread with 3 total reviews.,2026-09-11 04:23:34.191000
140105832,Reader_Community,3.68,Official community discussion thread with 423 total reviews.,2026-09-11 04:23:34.191000
747566755,Reader_Community,3.84,Official community discussion thread with 104 total reviews.,2026-09-11 04:23:34.191000
4088732138,Reader_Community,4.22,Official community discussion thread with 3 total reviews.,2026-09-11 04:23:34.191000
2723442276,Reader_Community,4.22,Official community discussion thread with 4 total reviews.,2026-09-11 04:23:34.191000
440410258,Reader_Community,3.67,Official community discussion thread with 17 total reviews.,2026-09-11 04:23:34.191000
440229359,Reader_Community,3.93,Official community discussion thread with 218 total reviews.,2026-09-11 04:23:34.191000
440419670,Reader_Community,4.44,Official community discussion thread with 46 total reviews.,2026-09-11 04:23:34.191000
306801450,Reader_Community,3.92,Official community discussion thread with 2 total reviews.,2026-09-11 04:23:34.191000
156001454,Reader_Community,4.26,Official community discussion thread with 830 total reviews.,2026-09-11 04:23:34.191000
385321988,Reader_Community,4.01,Official community discussion thread with 12 total reviews.,2026-09-11 04:23:34.191000
375757325,Reader_Community,3.67,Official community discussion thread with 4131 total reviews.,2026-09-11 04:23:34.191000
141439823,Reader_Community,3.67,Official community discussion thread with 142 total reviews.,2026-09-11 04:23:34.191000
393964523,Reader_Community,3.67,Official community discussion thread with 63 total reviews.,2026-09-11 04:23:34.191000
689844085,Reader_Community,3.67,Official community discussion thread with 32 total reviews.,2026-09-11 04:23:34.191000
1587263882,Reader_Community,3.67,Official community discussion thread with 18 total reviews.,2026-09-11 04:23:34.191000
486404889,Reader_Community,3.72,Official community discussion thread with 36 total reviews.,2026-09-11 04:23:34.191000
1555176801,Reader_Community,3.57,Official community discussion thread with 29 total reviews.,2026-09-11 04:23:34.191000
1883011884,Reader_Community,4.06,Official community discussion thread with 3 total reviews.,2026-09-11 04:23:34.191000
142437174,Reader_Community,3.82,Official community discussion thread with 11391 total reviews.,2026-09-11 04:23:34.191000
486443221,Reader_Community,3.82,Official community discussion thread with 17 total reviews.,2026-09-11 04:23:34.191000
375757376,Reader_Community,3.82,Official community discussion thread with 37 total reviews.,2026-09-11 04:23:34.191000
393020398,Reader_Community,3.82,Official community discussion thread with 18 total reviews.,2026-09-11 04:23:34.191000
486406644,Reader_Community,4.2,Official community discussion thread with 53 total reviews.,2026-09-11 04:23:34.191000
520242459,Reader_Community,3.86,Official community discussion thread with 71 total reviews.,2026-09-11 04:23:34.191000
553211951,Reader_Community,4.28,Official community discussion thread with 142 total reviews.,2026-09-11 04:23:34.191000
60955422,Reader_Community,4.05,Official community discussion thread with 209 total reviews.,2026-09-11 04:23:34.192000
940450739,Reader_Community,4.39,Official community discussion thread with 10 total reviews.,2026-09-11 04:23:34.192000
60594527,Reader_Community,3.92,Official community discussion thread with 955 total reviews.,2026-09-11 04:23:34.192000
1589199502,Reader_Community,3.96,Official community discussion thread with 44 total reviews.,2026-09-11 04:23:34.192000
671019872,Reader_Community,3.68,Official community discussion thread with 123 total reviews.,2026-09-11 04:23:34.192000
517189607,Reader_Community,4.13,Official community discussion thread with 11796 total reviews.,2026-09-11 04:23:34.192000
451528832,Reader_Community,4.13,Official community discussion thread with 116 total reviews.,2026-09-11 04:23:34.192000
1402713193,Reader_Community,4.33,Official community discussion thread with 76 total reviews.,2026-09-11 04:23:34.192000
142437050,Reader_Community,4.13,Official community discussion thread with 13 total reviews.,2026-09-11 04:23:34.192000
142437018,Reader_Community,4.2,Official community discussion thread with 4392 total reviews.,2026-09-11 04:23:34.192000
879237902,Reader_Community,3.8,Official community discussion thread with 7 total reviews.,2026-09-11 04:23:34.192000
60277408,Reader_Community,4.3,Official community discussion thread with 23 total reviews.,2026-09-11 04:23:34.192000
465081452,Reader_Community,4.32,Official community discussion thread with 475 total reviews.,2026-09-11 04:23:34.192000
465002609,Reader_Community,4.32,Official community discussion thread with 43 total reviews.,2026-09-11 04:23:34.192000
1594030863,Reader_Community,4.38,Official community discussion thread with 301 total reviews.,2026-09-11 04:23:34.192000
465081436,Reader_Community,4.14,Official community discussion thread with 122 total reviews.,2026-09-11 04:23:34.192000
465037380,Reader_Community,4.39,Official community discussion thread with 47 total reviews.,2026-09-11 04:23:34.192000
465081428,Reader_Community,4.31,Official community discussion thread with 166 total reviews.,2026-09-11 04:23:34.192000
744520053,Reader_Community,3.91,Official community discussion thread with 9 total reviews.,2026-09-11 04:23:34.192000
1893007162,Reader_Community,4.45,Official community discussion thread with 30 total reviews.,2026-09-11 04:23:34.192000
960989862,Reader_Community,4.36,Official community discussion thread with 10 total reviews.,2026-09-11 04:23:34.192000
395530075,Reader_Community,3.9,Official community discussion thread with 80 total reviews.,2026-09-11 04:23:34.192000
618479031,Reader_Community,4.11,Official community discussion thread with 41 total reviews.,2026-09-11 04:23:34.192000
374529388,Reader_Community,3.96,Official community discussion thread with 409 total reviews.,2026-09-11 04:23:34.192000
374525757,Reader_Community,4.22,Official community discussion thread with 51 total reviews.,2026-09-11 04:23:34.192000
374504849,Reader_Community,3.89,Official community discussion thread with 319 total reviews.,2026-09-11 04:23:34.192000
374521026,Reader_Community,3.65,Official community discussion thread with 50 total reviews.,2026-09-11 04:23:34.192000
822219751,Reader_Community,3.61,Official community discussion thread with 6 total reviews.,2026-09-11 04:23:34.192000
1420925431,Reader_Community,3.91,Official community discussion thread with 3422 total reviews.,2026-09-11 04:23:34.192000
451521412,Reader_Community,4.1,Official community discussion thread with 113 total reviews.,2026-09-11 04:23:34.192000
141441488,Reader_Community,3.48,Official community discussion thread with 125 total reviews.,2026-09-11 04:23:34.192000
486424545,Reader_Community,3.96,Official community discussion thread with 1437 total reviews.,2026-09-11 04:23:34.192000
393310329,Reader_Community,4.03,Official community discussion thread with 1005 total reviews.,2026-09-11 04:23:34.193000
156286513,Reader_Community,4.14,Official community discussion thread with 11 total reviews.,2026-09-11 04:23:34.193000
141183357,Reader_Community,3.96,Official community discussion thread with 26 total reviews.,2026-09-11 04:23:34.193000
385314698,Reader_Community,3.59,Official community discussion thread with 336 total reviews.,2026-09-11 04:23:34.193000
1594200939,Reader_Community,3.97,Official community discussion thread with 187 total reviews.,2026-09-11 04:23:34.193000
439847796,Reader_Community,4.11,Official community discussion thread with 117 total reviews.,2026-09-11 04:23:34.193000
439651417,Reader_Community,4.21,Official community discussion thread with 85 total reviews.,2026-09-11 04:23:34.193000
439651409,Reader_Community,4.19,Official community discussion thread with 76 total reviews.,2026-09-11 04:23:34.193000
1860460585,Reader_Community,4.33,Official community discussion thread with 35 total reviews.,2026-09-11 04:23:34.193000
750000333,Reader_Community,4.16,Official community discussion thread with 4 total reviews.,2026-09-11 04:23:34.193000
750005947,Reader_Community,4.16,Official community discussion thread with 1 total reviews.,2026-09-11 04:23:34.193000
225393321X,Reader_Community,4.33,Official community discussion thread with 10 total reviews.,2026-09-11 04:23:34.193000
750002468,Reader_Community,4.26,Official community discussion thread with 7 total reviews.,2026-09-11 04:23:34.193000
750002425,Reader_Community,4.09,Official community discussion thread with 6 total reviews.,2026-09-11 04:23:34.193000
300044887,Reader_Community,4.17,Official community discussion thread with 11 total reviews.,2026-09-11 04:23:34.193000
486427595,Reader_Community,3.74,Official community discussion thread with 5 total reviews.,2026-09-11 04:23:34.193000
872203603,Reader_Community,3.77,Official community discussion thread with 9 total reviews.,2026-09-11 04:23:34.193000
1420927329,Reader_Community,3.89,Official community discussion thread with 126 total reviews.,2026-09-11 04:23:34.193000
226307751,Reader_Community,4.29,Official community discussion thread with 12 total reviews.,2026-09-11 04:23:34.193000
312304358,Reader_Community,4.17,Official community discussion thread with 8192 total reviews.,2026-09-11 04:23:34.193000
1416600302,Reader_Community,4.11,Official community discussion thread with 49 total reviews.,2026-09-11 04:23:34.193000
1840466383,Reader_Community,3.54,Official community discussion thread with 1 total reviews.,2026-09-11 04:23:34.193000
553383825,Reader_Community,3.97,Official community discussion thread with 23 total reviews.,2026-09-11 04:23:34.193000
743217187,Reader_Community,3.97,Official community discussion thread with 375 total reviews.,2026-09-11 04:23:34.193000
007001356X,Reader_Community,3.97,Official community discussion thread with 1 total reviews.,2026-09-11 04:23:34.193000
60816198,Reader_Community,3.77,Official community discussion thread with 46 total reviews.,2026-09-11 04:23:34.193000
61161535,Reader_Community,3.93,Official community discussion thread with 1075 total reviews.,2026-09-11 04:23:34.193000
60951303,Reader_Community,4.23,Official community discussion thread with 38 total reviews.,2026-09-11 04:23:34.193000
60951273,Reader_Community,3.72,Official community discussion thread with 33 total reviews.,2026-09-11 04:23:34.193000
60591714,Reader_Community,3.84,Official community discussion thread with 51 total reviews.,2026-09-11 04:23:34.193000
60535032,Reader_Community,3.71,Official community discussion thread with 778 total reviews.,2026-09-11 04:23:34.193000
571219764,Reader_Community,3.43,Official community discussion thread with 146 total reviews.,2026-09-11 04:23:34.194000
750002441,Reader_Community,4.02,Official community discussion thread with 1 total reviews.,2026-09-11 04:23:34.194000
399239987,Reader_Community,4.08,Official community discussion thread with 85 total reviews.,2026-09-11 04:23:34.194000
679643354,Reader_Community,4.0,Official community discussion thread with 96 total reviews.,2026-09-11 04:23:34.194000
345448197,Reader_Community,3.17,Official community discussion thread with 26 total reviews.,2026-09-11 04:23:34.194000
140275010,Reader_Community,3.91,Official community discussion thread with 104 total reviews.,2026-09-11 04:23:34.194000
345455827,Reader_Community,3.78,Official community discussion thread with 248 total reviews.,2026-09-11 04:23:34.194000
345448146,Reader_Community,3.87,Official community discussion thread with 2 total reviews.,2026-09-11 04:23:34.194000
140298517,Reader_Community,3.85,Official community discussion thread with 329 total reviews.,2026-09-11 04:23:34.194000
399234764,Reader_Community,3.91,Official community discussion thread with 25 total reviews.,2026-09-11 04:23:34.194000
613359607,Reader_Community,4.47,Official community discussion thread with 12 total reviews.,2026-09-11 04:23:34.194000
141185473,Reader_Community,4.27,Official community discussion thread with 146 total reviews.,2026-09-11 04:23:34.194000
321344758,Reader_Community,4.25,Official community discussion thread with 641 total reviews.,2026-09-11 04:23:34.194000
60987324,Reader_Community,3.62,Official community discussion thread with 612 total reviews.,2026-09-11 04:23:34.194000
067976397X,Reader_Community,3.98,Official community discussion thread with 1791 total reviews.,2026-09-11 04:23:34.194000
156030489,Reader_Community,3.4,Official community discussion thread with 131 total reviews.,2026-09-11 04:23:34.194000
60984384,Reader_Community,3.72,Official community discussion thread with 117 total reviews.,2026-09-11 04:23:34.194000
60184124,Reader_Community,3.95,Official community discussion thread with 29 total reviews.,2026-09-11 04:23:34.194000
815412185,Reader_Community,4.19,Official community discussion thread with 16 total reviews.,2026-09-11 04:23:34.194000
60837551,Reader_Community,4.23,Official community discussion thread with 66 total reviews.,2026-09-11 04:23:34.194000
60510854,Reader_Community,4.37,Official community discussion thread with 120 total reviews.,2026-09-11 04:23:34.194000
380710846,Reader_Community,4.25,Official community discussion thread with 157 total reviews.,2026-09-11 04:23:34.194000
743286421,Reader_Community,3.52,Official community discussion thread with 175 total reviews.,2026-09-11 04:23:34.194000
517201666,Reader_Community,3.67,Official community discussion thread with 7 total reviews.,2026-09-11 04:23:34.194000
671024183,Reader_Community,3.95,Official community discussion thread with 191 total reviews.,2026-09-11 04:23:34.194000
671024205,Reader_Community,4.29,Official community discussion thread with 119 total reviews.,2026-09-11 04:23:34.194000
068809368X,Reader_Community,4.11,Official community discussion thread with 49 total reviews.,2026-09-11 04:23:34.194000
038071082X,Reader_Community,4.3,Official community discussion thread with 199 total reviews.,2026-09-11 04:23:34.194000
380711966,Reader_Community,3.81,Official community discussion thread with 17 total reviews.,2026-09-11 04:23:34.194000
764586688,Reader_Community,3.69,Official community discussion thread with 2 total reviews.,2026-09-11 04:23:34.194000
1401308589,Reader_Community,3.93,Official community discussion thread with 16562 total reviews.,2026-09-11 04:23:34.194000
99450259,Reader_Community,3.88,Official community discussion thread with 1606 total reviews.,2026-09-11 04:23:34.194000
99456761,Reader_Community,3.88,Official community discussion thread with 754 total reviews.,2026-09-11 04:23:34.195000
385662238,Reader_Community,3.88,Official community discussion thread with 6 total reviews.,2026-09-11 04:23:34.195000
767904419,Reader_Community,3.29,Official community discussion thread with 69 total reviews.,2026-09-11 04:23:34.195000
767904435,Reader_Community,3.95,Official community discussion thread with 362 total reviews.,2026-09-11 04:23:34.195000
767904427,Reader_Community,3.91,Official community discussion thread with 637 total reviews.,2026-09-11 04:23:34.195000
061870986X,Reader_Community,3.78,Official community discussion thread with 1211 total reviews.,2026-09-11 04:23:34.195000
140259104,Reader_Community,3.45,Official community discussion thread with 61 total reviews.,2026-09-11 04:23:34.195000
446696129,Reader_Community,4.11,Official community discussion thread with 3141 total reviews.,2026-09-11 04:23:34.195000
446696137,Reader_Community,4.03,Official community discussion thread with 3229 total reviews.,2026-09-11 04:23:34.195000
044669651X,Reader_Community,3.8,Official community discussion thread with 2425 total reviews.,2026-09-11 04:23:34.195000
446694851,Reader_Community,4.03,Official community discussion thread with 2658 total reviews.,2026-09-11 04:23:34.195000
446615862,Reader_Community,3.99,Official community discussion thread with 5295 total reviews.,2026-09-11 04:23:34.195000
8496284530,Reader_Community,4.15,Official community discussion thread with 3 total reviews.,2026-09-11 04:23:34.195000
446691798,Reader_Community,3.84,Official community discussion thread with 157 total reviews.,2026-09-11 04:23:34.195000
446606812,Reader_Community,3.96,Official community discussion thread with 218 total reviews.,2026-09-11 04:23:34.195000
446693804,Reader_Community,4.17,Official community discussion thread with 10173 total reviews.,2026-09-11 04:23:34.195000
142000205,Reader_Community,3.7,Official community discussion thread with 1192 total reviews.,2026-09-11 04:23:34.195000
446676071,Reader_Community,3.96,Official community discussion thread with 3496 total reviews.,2026-09-11 04:23:34.195000
61136956,Reader_Community,3.98,Official community discussion thread with 66 total reviews.,2026-09-11 04:23:34.195000
067003777X,Reader_Community,3.71,Official community discussion thread with 4212 total reviews.,2026-09-11 04:23:34.195000
767920740,Reader_Community,4.03,Official community discussion thread with 9 total reviews.,2026-09-11 04:23:34.195000
030726422X,Reader_Community,3.52,Official community discussion thread with 99 total reviews.,2026-09-11 04:23:34.195000
312349486,Reader_Community,4.15,Official community discussion thread with 1925 total reviews.,2026-09-11 04:23:34.195000
671524097,Reader_Community,3.86,Official community discussion thread with 73 total reviews.,2026-09-11 04:23:34.195000
074321076X,Reader_Community,4.08,Official community discussion thread with 33 total reviews.,2026-09-11 04:23:34.195000
440420628,Reader_Community,3.85,Official community discussion thread with 7 total reviews.,2026-09-11 04:23:34.195000
440420636,Reader_Community,3.77,Official community discussion thread with 7 total reviews.,2026-09-11 04:23:34.195000
440420598,Reader_Community,3.54,Official community discussion thread with 7 total reviews.,2026-09-11 04:23:34.195000
307264122,Reader_Community,3.43,Official community discussion thread with 5 total reviews.,2026-09-11 04:23:34.195000
1421505479,Reader_Community,4.06,Official community discussion thread with 8 total reviews.,2026-09-11 04:23:34.195000
898705975,Reader_Community,4.59,Official community discussion thread with 63 total reviews.,2026-09-11 04:23:34.195000
1421505487,Reader_Community,4.09,Official community discussion thread with 18 total reviews.,2026-09-11 04:23:34.195000
087123596X,Reader_Community,4.08,Official community discussion thread with 21 total reviews.,2026-09-11 04:23:34.195000
974607894,Reader_Community,3.78,Official community discussion thread with 310 total reviews.,2026-09-11 04:23:34.195000
767916913,Reader_Community,3.41,Official community discussion thread with 74 total reviews.,2026-09-11 04:23:34.195000
373706405,Reader_Community,3.73,Official community discussion thread with 2 total reviews.,2026-09-11 04:23:34.195000
717801330,Reader_Community,3.89,Official community discussion thread with 9 total reviews.,2026-09-11 04:23:34.195000
055323370X,Reader_Community,4.1,Official community discussion thread with 1366 total reviews.,2026-09-11 04:23:34.196000
195421167,Reader_Community,4.24,Official community discussion thread with 22 total reviews.,2026-09-11 04:23:34.196000
553565923,Reader_Community,3.83,Official community discussion thread with 27 total reviews.,2026-09-11 04:23:34.196000
786180307,Reader_Community,4.23,Official community discussion thread with 8 total reviews.,2026-09-11 04:23:34.196000
770422454,Reader_Community,3.88,Official community discussion thread with 248 total reviews.,2026-09-11 04:23:34.196000
553609416,Reader_Community,4.43,Official community discussion thread with 1447 total reviews.,2026-09-11 04:23:34.196000
770422470,Reader_Community,3.9,Official community discussion thread with 188 total reviews.,2026-09-11 04:23:34.196000
553212419,Reader_Community,4.47,Official community discussion thread with 554 total reviews.,2026-09-11 04:23:34.196000
393059162,Reader_Community,4.64,Official community discussion thread with 54 total reviews.,2026-09-11 04:23:34.196000
039305800X,Reader_Community,4.53,Official community discussion thread with 32 total reviews.,2026-09-11 04:23:34.196000
471648795,Reader_Community,4.22,Official community discussion thread with 71 total reviews.,2026-09-11 04:23:34.196000
1598870297,Reader_Community,3.96,Official community discussion thread with 4 total reviews.,2026-09-11 04:23:34.196000
871139472,Reader_Community,4.26,Official community discussion thread with 6 total reviews.,2026-09-11 04:23:34.196000
743564677,Reader_Community,4.0,Official community discussion thread with 2 total reviews.,2026-09-11 04:23:34.196000
448409577,Reader_Community,4.18,Official community discussion thread with 8 total reviews.,2026-09-11 04:23:34.196000
517174960,Reader_Community,4.33,Official community discussion thread with 87 total reviews.,2026-09-11 04:23:34.196000
074353395X,Reader_Community,3.5,Official community discussion thread with 1 total reviews.,2026-09-11 04:23:34.196000
470038322,Reader_Community,3.77,Official community discussion thread with 15 total reviews.,2026-09-11 04:23:34.196000
764525905,Reader_Community,3.77,Official community discussion thread with 92 total reviews.,2026-09-11 04:23:34.196000
449005577,Reader_Community,3.38,Official community discussion thread with 27 total reviews.,2026-09-11 04:23:34.196000
159052201X,Reader_Community,4.26,Official community discussion thread with 316 total reviews.,2026-09-11 04:23:34.196000
385732554,Reader_Community,4.13,Official community discussion thread with 56604 total reviews.,2026-09-11 04:23:34.196000
64401685,Reader_Community,3.83,Official community discussion thread with 218 total reviews.,2026-09-11 04:23:34.196000
449904962,Reader_Community,4.11,Official community discussion thread with 135 total reviews.,2026-09-11 04:23:34.196000
156011654,Reader_Community,3.56,Official community discussion thread with 201 total reviews.,2026-09-11 04:23:34.196000
330488155,Reader_Community,3.42,Official community discussion thread with 64 total reviews.,2026-09-11 04:23:34.196000
964561107,Reader_Community,3.17,Official community discussion thread with 58 total reviews.,2026-09-11 04:23:34.196000
1400097029,Reader_Community,3.51,Official community discussion thread with 1803 total reviews.,2026-09-11 04:23:34.196000
307263118,Reader_Community,3.51,Official community discussion thread with 103 total reviews.,2026-09-11 04:23:34.196000
375725237,Reader_Community,3.71,Official community discussion thread with 278 total reviews.,2026-09-11 04:23:34.196000
679736859,Reader_Community,3.66,Official community discussion thread with 29 total reviews.,2026-09-11 04:23:34.196000
679737995,Reader_Community,3.65,Official community discussion thread with 60 total reviews.,2026-09-11 04:23:34.196000
037572530X,Reader_Community,3.66,Official community discussion thread with 81 total reviews.,2026-09-11 04:23:34.196000
330371851,Reader_Community,3.61,Official community discussion thread with 3 total reviews.,2026-09-11 04:23:34.196000
143037749,Reader_Community,3.73,Official community discussion thread with 3657 total reviews.,2026-09-11 04:23:34.196000
689875347,Reader_Community,3.79,Official community discussion thread with 8207 total reviews.,2026-09-11 04:23:34.196000
452287650,Reader_Community,3.37,Official community discussion thread with 16 total reviews.,2026-09-11 04:23:34.196000
439228905,Reader_Community,3.96,Official community discussion thread with 3358 total reviews.,2026-09-11 04:23:34.196000
60572159,Reader_Community,3.94,Official community discussion thread with 2662 total reviews.,2026-09-11 04:23:34.196000
142004200,Reader_Community,4.11,Official community discussion thread with 21 total reviews.,2026-09-11 04:23:34.196000
143039105,Reader_Community,4.17,Official community discussion thread with 69 total reviews.,2026-09-11 04:23:34.197000
142437301,Reader_Community,4.0,Official community discussion thread with 1585 total reviews.,2026-09-11 04:23:34.197000
99478420,Reader_Community,3.99,Official community discussion thread with 891 total reviews.,2026-09-11 04:23:34.197000
142437913,Reader_Community,3.46,Official community discussion thread with 220 total reviews.,2026-09-11 04:23:34.197000
143039725,Reader_Community,3.6,Official community discussion thread with 70 total reviews.,2026-09-11 04:23:34.197000
143039024,Reader_Community,3.97,Official community discussion thread with 2298 total reviews.,2026-09-11 04:23:34.197000
140186123,Reader_Community,3.98,Official community discussion thread with 22 total reviews.,2026-09-11 04:23:34.197000
014018533X,Reader_Community,3.77,Official community discussion thread with 109 total reviews.,2026-09-11 04:23:34.197000
671019090,Reader_Community,3.73,Official community discussion thread with 220 total reviews.,2026-09-11 04:23:34.197000
037570387X,Reader_Community,3.16,Official community discussion thread with 576 total reviews.,2026-09-11 04:23:34.197000
375703861,Reader_Community,3.77,Official community discussion thread with 5677 total reviews.,2026-09-11 04:23:34.197000
385722222,Reader_Community,3.57,Official community discussion thread with 629 total reviews.,2026-09-11 04:23:34.197000
60586540,Reader_Community,4.04,Official community discussion thread with 13 total reviews.,2026-09-11 04:23:34.197000
1567922694,Reader_Community,3.77,Official community discussion thread with 3 total reviews.,2026-09-11 04:23:34.197000
940450097,Reader_Community,4.2,Official community discussion thread with 72 total reviews.,2026-09-11 04:23:34.197000
940450240,Reader_Community,4.18,Official community discussion thread with 16 total reviews.,2026-09-11 04:23:34.197000
140431055,Reader_Community,3.62,Official community discussion thread with 53 total reviews.,2026-09-11 04:23:34.197000
940450003,Reader_Community,3.55,Official community discussion thread with 26 total reviews.,2026-09-11 04:23:34.197000
440416884,Reader_Community,3.84,Official community discussion thread with 52 total reviews.,2026-09-11 04:23:34.197000
142002062,Reader_Community,3.74,Official community discussion thread with 780 total reviews.,2026-09-11 04:23:34.197000
449235947,Reader_Community,4.31,Official community discussion thread with 13 total reviews.,2026-09-11 04:23:34.197000
014200202X,Reader_Community,3.73,Official community discussion thread with 2823 total reviews.,2026-09-11 04:23:34.197000
142002046,Reader_Community,3.8,Official community discussion thread with 639 total reviews.,2026-09-11 04:23:34.197000
142003255,Reader_Community,3.96,Official community discussion thread with 428 total reviews.,2026-09-11 04:23:34.197000
142003298,Reader_Community,3.55,Official community discussion thread with 211 total reviews.,2026-09-11 04:23:34.197000
142002151,Reader_Community,3.8,Official community discussion thread with 43 total reviews.,2026-09-11 04:23:34.197000
141184884,Reader_Community,3.92,Official community discussion thread with 77 total reviews.,2026-09-11 04:23:34.197000
1904634001,Reader_Community,3.91,Official community discussion thread with 5 total reviews.,2026-09-11 04:23:34.197000
141184892,Reader_Community,3.68,Official community discussion thread with 42 total reviews.,2026-09-11 04:23:34.197000
1842552473,Reader_Community,4.07,Official community discussion thread with 26 total reviews.,2026-09-11 04:23:34.197000
679854347,Reader_Community,4.02,Official community discussion thread with 158 total reviews.,2026-09-11 04:23:34.197000
440458153,Reader_Community,4.0,Official community discussion thread with 32 total reviews.,2026-09-11 04:23:34.197000
192752537,Reader_Community,3.64,Official community discussion thread with 33 total reviews.,2026-09-11 04:23:34.197000
440486874,Reader_Community,3.98,Official community discussion thread with 38 total reviews.,2026-09-11 04:23:34.197000
1405088567,Reader_Community,4.27,Official community discussion thread with 66 total reviews.,2026-09-11 04:23:34.197000
330489992,Reader_Community,3.95,Official community discussion thread with 54 total reviews.,2026-09-11 04:23:34.197000
330442554,Reader_Community,4.01,Official community discussion thread with 73 total reviews.,2026-09-11 04:23:34.197000
688117228,Reader_Community,3.97,Official community discussion thread with 77 total reviews.,2026-09-11 04:23:34.198000
330367471,Reader_Community,3.82,Official community discussion thread with 5 total reviews.,2026-09-11 04:23:34.198000
1841156736,Reader_Community,3.79,Official community discussion thread with 7468 total reviews.,2026-09-11 04:23:34.198000
1589971280,Reader_Community,3.93,Official community discussion thread with 87 total reviews.,2026-09-11 04:23:34.198000
446679224,Reader_Community,3.91,Official community discussion thread with 297 total reviews.,2026-09-11 04:23:34.198000
083082605X,Reader_Community,3.68,Official community discussion thread with 16 total reviews.,2026-09-11 04:23:34.198000
505523248,Reader_Community,3.75,Official community discussion thread with 16 total reviews.,2026-09-11 04:23:34.198000
1595820159,Reader_Community,3.71,Official community discussion thread with 18 total reviews.,2026-09-11 04:23:34.198000
345446666,Reader_Community,3.92,Official community discussion thread with 516 total reviews.,2026-09-11 04:23:34.198000
307275736,Reader_Community,3.81,Official community discussion thread with 711 total reviews.,2026-09-11 04:23:34.198000
571204104,Reader_Community,3.94,Official community discussion thread with 330 total reviews.,2026-09-11 04:23:34.198000
571204201,Reader_Community,3.99,Official community discussion thread with 265 total reviews.,2026-09-11 04:23:34.198000
571204155,Reader_Community,3.82,Official community discussion thread with 4 total reviews.,2026-09-11 04:23:34.198000
1400096472,Reader_Community,4.02,Official community discussion thread with 374 total reviews.,2026-09-11 04:23:34.198000
345442121,Reader_Community,3.93,Official community discussion thread with 76 total reviews.,2026-09-11 04:23:34.198000
743219570,Reader_Community,3.93,Official community discussion thread with 953 total reviews.,2026-09-11 04:23:34.198000
743219619,Reader_Community,4.0,Official community discussion thread with 335 total reviews.,2026-09-11 04:23:34.198000
743219635,Reader_Community,3.68,Official community discussion thread with 286 total reviews.,2026-09-11 04:23:34.198000
60934344,Reader_Community,3.87,Official community discussion thread with 705 total reviews.,2026-09-11 04:23:34.198000
142437239,Reader_Community,3.87,Official community discussion thread with 4087 total reviews.,2026-09-11 04:23:34.198000
451528905,Reader_Community,3.87,Official community discussion thread with 5 total reviews.,2026-09-11 04:23:34.198000
037575699X,Reader_Community,3.87,Official community discussion thread with 40 total reviews.,2026-09-11 04:23:34.198000
156495406,Reader_Community,3.87,Official community discussion thread with 14 total reviews.,2026-09-11 04:23:34.198000
822004151,Reader_Community,3.61,Official community discussion thread with 2 total reviews.,2026-09-11 04:23:34.198000
727861158,Reader_Community,4.0,Official community discussion thread with 11 total reviews.,2026-09-11 04:23:34.198000
821773682,Reader_Community,4.19,Official community discussion thread with 46 total reviews.,2026-09-11 04:23:34.198000
226443221,Reader_Community,3.86,Official community discussion thread with 71 total reviews.,2026-09-11 04:23:34.198000
345449606,Reader_Community,4.18,Official community discussion thread with 41 total reviews.,2026-09-11 04:23:34.198000
1843607409,Reader_Community,4.13,Official community discussion thread with 62 total reviews.,2026-09-11 04:23:34.198000
1582430152,Reader_Community,3.55,Official community discussion thread with 270 total reviews.,2026-09-11 04:23:34.198000
767915747,Reader_Community,3.53,Official community discussion thread with 1101 total reviews.,2026-09-11 04:23:34.198000
963810944,Reader_Community,4.01,Official community discussion thread with 35 total reviews.,2026-09-11 04:23:34.198000
393328627,Reader_Community,3.92,Official community discussion thread with 9777 total reviews.,2026-09-11 04:23:34.198000
553380168,Reader_Community,4.17,Official community discussion thread with 5860 total reviews.,2026-09-11 04:23:34.198000
767923227,Reader_Community,4.21,Official community discussion thread with 37 total reviews.,2026-09-11 04:23:34.198000
895260476,Reader_Community,4.03,Official community discussion thread with 153 total reviews.,2026-09-11 04:23:34.198000
802715524,Reader_Community,3.76,Official community discussion thread with 1686 total reviews.,2026-09-11 04:23:34.198000
517223120,Reader_Community,3.87,Official community discussion thread with 1087 total reviews.,2026-09-11 04:23:34.198000
743564413,Reader_Community,3.82,Official community discussion thread with 69 total reviews.,2026-09-11 04:23:34.198000
764596861,Reader_Community,4.07,Official community discussion thread with 22 total reviews.,2026-09-11 04:23:34.198000
609602195,Reader_Community,4.15,Official community discussion thread with 177 total reviews.,2026-09-11 04:23:34.198000
792272668,Reader_Community,3.51,Official community discussion thread with 46 total reviews.,2026-09-11 04:23:34.199000
374271070,Reader_Community,3.86,Official community discussion thread with 95 total reviews.,2026-09-11 04:23:34.199000
670037567,Reader_Community,3.45,Official community discussion thread with 233 total reviews.,2026-09-11 04:23:34.199000
8466617353,Reader_Community,4.24,Official community discussion thread with 14 total reviews.,2026-09-11 04:23:34.199000
747236046,Reader_Community,4.2,Official community discussion thread with 15 total reviews.,2026-09-11 04:23:34.199000
785118950,Reader_Community,3.45,Official community discussion thread with 9 total reviews.,2026-09-11 04:23:34.199000
3453215281,Reader_Community,4.42,Official community discussion thread with 11 total reviews.,2026-09-11 04:23:34.199000
2266111574,Reader_Community,4.2,Official community discussion thread with 1 total reviews.,2026-09-11 04:23:34.199000
2221089561,Reader_Community,4.17,Official community discussion thread with 1 total reviews.,2026-09-11 04:23:34.199000
380817934,Reader_Community,3.94,Official community discussion thread with 484 total reviews.,2026-09-11 04:23:34.199000
380817926,Reader_Community,4.03,Official community discussion thread with 905 total reviews.,2026-09-11 04:23:34.199000
316017442,Reader_Community,4.07,Official community discussion thread with 3317 total reviews.,2026-09-11 04:23:34.199000
60506040,Reader_Community,3.75,Official community discussion thread with 61 total reviews.,2026-09-11 04:23:34.199000
312989482,Reader_Community,3.84,Official community discussion thread with 44 total reviews.,2026-09-11 04:23:34.199000
553572946,Reader_Community,4.17,Official community discussion thread with 1111 total reviews.,2026-09-11 04:23:34.199000
380817160,Reader_Community,3.6,Official community discussion thread with 488 total reviews.,2026-09-11 04:23:34.199000
312282990,Reader_Community,4.18,Official community discussion thread with 9143 total reviews.,2026-09-11 04:23:34.199000
159307171X,Reader_Community,3.46,Official community discussion thread with 105 total reviews.,2026-09-11 04:23:34.199000
849942985,Reader_Community,4.25,Official community discussion thread with 58 total reviews.,2026-09-11 04:23:34.199000
722533942,Reader_Community,3.31,Official community discussion thread with 685 total reviews.,2026-09-11 04:23:34.199000
60527994,Reader_Community,3.61,Official community discussion thread with 2046 total reviews.,2026-09-11 04:23:34.199000
316767727,Reader_Community,4.19,Official community discussion thread with 2897 total reviews.,2026-09-11 04:23:34.199000
753459647,Reader_Community,3.94,Official community discussion thread with 6 total reviews.,2026-09-11 04:23:34.199000
033048477X,Reader_Community,3.82,Official community discussion thread with 76 total reviews.,2026-09-11 04:23:34.199000
375727272,Reader_Community,3.7,Official community discussion thread with 738 total reviews.,2026-09-11 04:23:34.199000
446677124,Reader_Community,4.06,Official community discussion thread with 272 total reviews.,2026-09-11 04:23:34.199000
1416908161,Reader_Community,3.6,Official community discussion thread with 735 total reviews.,2026-09-11 04:23:34.199000
664228917,Reader_Community,3.59,Official community discussion thread with 1 total reviews.,2026-09-11 04:23:34.199000
60925752,Reader_Community,3.99,Official community discussion thread with 81 total reviews.,2026-09-11 04:23:34.199000
922729484,Reader_Community,3.79,Official community discussion thread with 5 total reviews.,2026-09-11 04:23:34.199000
452282179,Reader_Community,4.08,Official community discussion thread with 4 total reviews.,2026-09-11 04:23:34.199000
080701429X,Reader_Community,4.36,Official community discussion thread with 13449 total reviews.,2026-09-11 04:23:34.199000
807014265,Reader_Community,4.36,Official community discussion thread with 44 total reviews.,2026-09-11 04:23:34.199000
393058638,Reader_Community,4.1,Official community discussion thread with 172 total reviews.,2026-09-11 04:23:34.199000
471979988,Reader_Community,3.79,Official community discussion thread with 20 total reviews.,2026-09-11 04:23:34.200000
020161622X,Reader_Community,4.31,Official community discussion thread with 699 total reviews.,2026-09-11 04:23:34.200000
976694026,Reader_Community,3.96,Official community discussion thread with 63 total reviews.,2026-09-11 04:23:34.200000
713997273,Reader_Community,3.93,Official community discussion thread with 118 total reviews.,2026-09-11 04:23:34.200000
859653234,Reader_Community,4.42,Official community discussion thread with 4 total reviews.,2026-09-11 04:23:34.200000
753456109,Reader_Community,3.92,Official community discussion thread with 1 total reviews.,2026-09-11 04:23:34.200000
689837143,Reader_Community,3.9,Official community discussion thread with 197 total reviews.,2026-09-11 04:23:34.200000
1569246815,Reader_Community,3.83,Official community discussion thread with 78 total reviews.,2026-09-11 04:23:34.200000
60566108,Reader_Community,3.99,Official community discussion thread with 509 total reviews.,2026-09-11 04:23:34.200000
446578843,Reader_Community,3.88,Official community discussion thread with 1401 total reviews.,2026-09-11 04:23:34.200000
743276124,Reader_Community,3.68,Official community discussion thread with 463 total reviews.,2026-09-11 04:23:34.200000
99468239,Reader_Community,3.89,Official community discussion thread with 61 total reviews.,2026-09-11 04:23:34.200000
757305458,Reader_Community,3.7,Official community discussion thread with 17 total reviews.,2026-09-11 04:23:34.200000
830833293,Reader_Community,3.91,Official community discussion thread with 4 total reviews.,2026-09-11 04:23:34.200000
312291566,Reader_Community,4.16,Official community discussion thread with 25 total reviews.,2026-09-11 04:23:34.200000
037572740X,Reader_Community,4.01,Official community discussion thread with 265 total reviews.,2026-09-11 04:23:34.200000
140276335,Reader_Community,3.77,Official community discussion thread with 406 total reviews.,2026-09-11 04:23:34.200000
1417626283,Reader_Community,3.77,Official community discussion thread with 11 total reviews.,2026-09-11 04:23:34.200000
140297782,Reader_Community,3.77,Official community discussion thread with 142 total reviews.,2026-09-11 04:23:34.200000
875168167,Reader_Community,2.98,Official community discussion thread with 2 total reviews.,2026-09-11 04:23:34.200000
739326740,Reader_Community,3.84,Official community discussion thread with 407 total reviews.,2026-09-11 04:23:34.200000
743275063,Reader_Community,3.89,Official community discussion thread with 143 total reviews.,2026-09-11 04:23:34.200000
1595540016,Reader_Community,3.71,Official community discussion thread with 8 total reviews.,2026-09-11 04:23:34.200000
1579510027,Reader_Community,3.83,Official community discussion thread with 22 total reviews.,2026-09-11 04:23:34.200000
1400079179,Reader_Community,3.84,Official community discussion thread with 1459 total reviews.,2026-09-11 04:23:34.200000
739339788,Reader_Community,3.84,Official community discussion thread with 16 total reviews.,2026-09-11 04:23:34.200000
8495618605,Reader_Community,3.84,Official community discussion thread with 190 total reviews.,2026-09-11 04:23:34.200000
195307135,Reader_Community,3.64,Official community discussion thread with 50 total reviews.,2026-09-11 04:23:34.200000
074757362X,Reader_Community,4.56,Official community discussion thread with 140 total reviews.,2026-09-11 04:23:34.200000
1932416595,Reader_Community,3.88,Official community discussion thread with 302 total reviews.,2026-09-11 04:23:34.200000
1932416242,Reader_Community,3.73,Official community discussion thread with 621 total reviews.,2026-09-11 04:23:34.200000
1573223565,Reader_Community,3.56,Official community discussion thread with 341 total reviews.,2026-09-11 04:23:34.200000
753814412,Reader_Community,3.68,Official community discussion thread with 4 total reviews.,2026-09-11 04:23:34.200000
1573226882,Reader_Community,3.74,Official community discussion thread with 1069 total reviews.,2026-09-11 04:23:34.200000
1573228214,Reader_Community,3.94,Official community discussion thread with 101 total reviews.,2026-09-11 04:23:34.200000
141007338,Reader_Community,3.8,Official community discussion thread with 73 total reviews.,2026-09-11 04:23:34.200000
670916668,Reader_Community,3.59,Official community discussion thread with 63 total reviews.,2026-09-11 04:23:34.200000
1596912316,Reader_Community,3.73,Official community discussion thread with 695 total reviews.,2026-09-11 04:23:34.200000
082641477X,Reader_Community,3.82,Official community discussion thread with 48 total reviews.,2026-09-11 04:23:34.200000
1401301010,Reader_Community,4.11,Official community discussion thread with 46 total reviews.,2026-09-11 04:23:34.200000
2226126260,Reader_Community,3.82,Official community discussion thread with 62 total reviews.,2026-09-11 04:23:34.201000
9774248449,Reader_Community,3.55,Official community discussion thread with 12 total reviews.,2026-09-11 04:23:34.201000
142401757,Reader_Community,3.91,Official community discussion thread with 3881 total reviews.,2026-09-11 04:23:34.201000
60094427,Reader_Community,4.02,Official community discussion thread with 7 total reviews.,2026-09-11 04:23:34.201000
1568821573,Reader_Community,3.97,Official community discussion thread with 2 total reviews.,2026-09-11 04:23:34.201000
7109660,Reader_Community,3.9,Official community discussion thread with 28 total reviews.,2026-09-11 04:23:34.201000
60094419,Reader_Community,4.0,Official community discussion thread with 9 total reviews.,2026-09-11 04:23:34.201000
1594480117,Reader_Community,4.01,Official community discussion thread with 172 total reviews.,2026-09-11 04:23:34.201000
61132381,Reader_Community,3.96,Official community discussion thread with 825 total reviews.,2026-09-11 04:23:34.201000
679735259,Reader_Community,4.23,Official community discussion thread with 795 total reviews.,2026-09-11 04:23:34.201000
451216776,Reader_Community,3.62,Official community discussion thread with 100 total reviews.,2026-09-11 04:23:34.201000
609808346,Reader_Community,4.21,Official community discussion thread with 30 total reviews.,2026-09-11 04:23:34.201000
439944392,Reader_Community,3.53,Official community discussion thread with 14 total reviews.,2026-09-11 04:23:34.201000
590227165,Reader_Community,4.0,Official community discussion thread with 7 total reviews.,2026-09-11 04:23:34.201000
140298541,Reader_Community,4.29,Official community discussion thread with 119 total reviews.,2026-09-11 04:23:34.201000
312426038,Reader_Community,4.12,Official community discussion thread with 61 total reviews.,2026-09-11 04:23:34.201000
375703403,Reader_Community,3.93,Official community discussion thread with 637 total reviews.,2026-09-11 04:23:34.201000
312267177,Reader_Community,3.96,Official community discussion thread with 524 total reviews.,2026-09-11 04:23:34.201000
393322106,Reader_Community,4.14,Official community discussion thread with 320 total reviews.,2026-09-11 04:23:34.201000
60856262,Reader_Community,4.35,Official community discussion thread with 2609 total reviews.,2026-09-11 04:23:34.201000
078617627X,Reader_Community,3.99,Official community discussion thread with 146 total reviews.,2026-09-11 04:23:34.201000
307350320,Reader_Community,3.78,Official community discussion thread with 133 total reviews.,2026-09-11 04:23:34.201000
006093266X,Reader_Community,4.0,Official community discussion thread with 51 total reviews.,2026-09-11 04:23:34.201000
143039431,Reader_Community,3.96,Official community discussion thread with 639 total reviews.,2026-09-11 04:23:34.201000
764585967,Reader_Community,3.81,Official community discussion thread with 5 total reviews.,2026-09-11 04:23:34.201000
582461537,Reader_Community,3.96,Official community discussion thread with 8 total reviews.,2026-09-11 04:23:34.201000
60010606,Reader_Community,4.11,Official community discussion thread with 169 total reviews.,2026-09-11 04:23:34.201000
1400065550,Reader_Community,3.8,Official community discussion thread with 244 total reviews.,2026-09-11 04:23:34.201000
747263744,Reader_Community,4.11,Official community discussion thread with 15962 total reviews.,2026-09-11 04:23:34.201000
142004235,Reader_Community,4.37,Official community discussion thread with 396 total reviews.,2026-09-11 04:23:34.201000
753806797,Reader_Community,3.98,Official community discussion thread with 15 total reviews.,2026-09-11 04:23:34.201000
553116088,Reader_Community,4.37,Official community discussion thread with 18 total reviews.,2026-09-11 04:23:34.201000
448437430,Reader_Community,4.18,Official community discussion thread with 116 total reviews.,2026-09-11 04:23:34.201000
316907928,Reader_Community,4.07,Official community discussion thread with 307 total reviews.,2026-09-11 04:23:34.201000
1843543648,Reader_Community,3.56,Official community discussion thread with 9 total reviews.,2026-09-11 04:23:34.201000
1843541858,Reader_Community,4.03,Official community discussion thread with 91 total reviews.,2026-09-11 04:23:34.201000
1843544857,Reader_Community,3.72,Official community discussion thread with 70 total reviews.,2026-09-11 04:23:34.201000
684848597,Reader_Community,3.98,Official community discussion thread with 459 total reviews.,2026-09-11 04:23:34.201000
743243153,Reader_Community,4.05,Official community discussion thread with 98 total reviews.,2026-09-11 04:23:34.201000
1842055062,Reader_Community,4.36,Official community discussion thread with 140 total reviews.,2026-09-11 04:23:34.201000
679642595,Reader_Community,4.23,Official community discussion thread with 97 total reviews.,2026-09-11 04:23:34.201000
312421702,Reader_Community,4.26,Official community discussion thread with 2237 total reviews.,2026-09-11 04:23:34.202000
689833768,Reader_Community,3.91,Official community discussion thread with 13 total reviews.,2026-09-11 04:23:34.202000
033036734X,Reader_Community,3.57,Official community discussion thread with 49 total reviews.,2026-09-11 04:23:34.202000
142000213,Reader_Community,3.49,Official community discussion thread with 34 total reviews.,2026-09-11 04:23:34.202000
8423671267,Reader_Community,3.77,Official community discussion thread with 217 total reviews.,2026-09-11 04:23:34.202000
1929229488,Reader_Community,3.9,Official community discussion thread with 518 total reviews.,2026-09-11 04:23:34.202000
61284386,Reader_Community,3.7,Official community discussion thread with 325 total reviews.,2026-09-11 04:23:34.202000
753819317,Reader_Community,4.26,Official community discussion thread with 175 total reviews.,2026-09-11 04:23:34.202000
1932394699,Reader_Community,3.77,Official community discussion thread with 10 total reviews.,2026-09-11 04:23:34.202000
440400341,Reader_Community,3.57,Official community discussion thread with 30 total reviews.,2026-09-11 04:23:34.202000
142402931,Reader_Community,3.98,Official community discussion thread with 9 total reviews.,2026-09-11 04:23:34.202000
142500372,Reader_Community,3.95,Official community discussion thread with 230 total reviews.,2026-09-11 04:23:34.202000
60792175,Reader_Community,3.9,Official community discussion thread with 191 total reviews.,2026-09-11 04:23:34.202000
141008253,Reader_Community,3.9,Official community discussion thread with 522 total reviews.,2026-09-11 04:23:34.202000
618711651,Reader_Community,3.98,Official community discussion thread with 19241 total reviews.,2026-09-11 04:23:34.202000
60894083,Reader_Community,4.04,Official community discussion thread with 714 total reviews.,2026-09-11 04:23:34.202000
879697121,Reader_Community,3.86,Official community discussion thread with 3 total reviews.,2026-09-11 04:23:34.202000
345433742,Reader_Community,3.83,Official community discussion thread with 23 total reviews.,2026-09-11 04:23:34.202000
786886323,Reader_Community,4.09,Official community discussion thread with 880 total reviews.,2026-09-11 04:23:34.202000
689861133,Reader_Community,4.2,Official community discussion thread with 527 total reviews.,2026-09-11 04:23:34.202000
743461517,Reader_Community,4.24,Official community discussion thread with 33 total reviews.,2026-09-11 04:23:34.202000
689845073,Reader_Community,4.1,Official community discussion thread with 250 total reviews.,2026-09-11 04:23:34.202000
2743604913,Reader_Community,3.46,Official community discussion thread with 492 total reviews.,2026-09-11 04:23:34.202000
689842198,Reader_Community,4.07,Official community discussion thread with 41 total reviews.,2026-09-11 04:23:34.202000
822002965,Reader_Community,3.55,Official community discussion thread with 1 total reviews.,2026-09-11 04:23:34.202000
99477319,Reader_Community,3.98,Official community discussion thread with 452 total reviews.,2026-09-11 04:23:34.202000
520204956,Reader_Community,4.0,Official community discussion thread with 142 total reviews.,2026-09-11 04:23:34.202000
743297261,Reader_Community,3.52,Official community discussion thread with 45 total reviews.,2026-09-11 04:23:34.202000
3462031953,Reader_Community,3.97,Official community discussion thread with 1 total reviews.,2026-09-11 04:23:34.202000
684843323,Reader_Community,4.29,Official community discussion thread with 649 total reviews.,2026-09-11 04:23:34.202000
1565124820,Reader_Community,3.9,Official community discussion thread with 24 total reviews.,2026-09-11 04:23:34.202000
99481561,Reader_Community,3.97,Official community discussion thread with 7 total reviews.,2026-09-11 04:23:34.202000
99285045,Reader_Community,4.04,Official community discussion thread with 4808 total reviews.,2026-09-11 04:23:34.202000
743253426,Reader_Community,3.88,Official community discussion thread with 471 total reviews.,2026-09-11 04:23:34.202000
99449234,Reader_Community,3.87,Official community discussion thread with 24 total reviews.,2026-09-11 04:23:34.202000
684837862,Reader_Community,4.26,Official community discussion thread with 21 total reviews.,2026-09-11 04:23:34.202000
1561643424,Reader_Community,3.82,Official community discussion thread with 9 total reviews.,2026-09-11 04:23:34.202000
694524980,Reader_Community,4.3,Official community discussion thread with 6 total reviews.,2026-09-11 04:23:34.202000
552773123,Reader_Community,3.63,Official community discussion thread with 33 total reviews.,2026-09-11 04:23:34.202000
345458265,Reader_Community,3.42,Official community discussion thread with 112 total reviews.,2026-09-11 04:23:34.202000
345463153,Reader_Community,3.31,Official community discussion thread with 977 total reviews.,2026-09-11 04:23:34.202000
034541800X,Reader_Community,3.35,Official community discussion thread with 251 total reviews.,2026-09-11 04:23:34.203000
345417984,Reader_Community,3.3,Official community discussion thread with 217 total reviews.,2026-09-11 04:23:34.203000
345417968,Reader_Community,3.24,Official community discussion thread with 280 total reviews.,2026-09-11 04:23:34.203000
684842505,Reader_Community,4.23,Official community discussion thread with 164 total reviews.,2026-09-11 04:23:34.203000
684801531,Reader_Community,4.22,Official community discussion thread with 13 total reviews.,2026-09-11 04:23:34.203000
1570031460,Reader_Community,3.75,Official community discussion thread with 1 total reviews.,2026-09-11 04:23:34.203000
873515129,Reader_Community,4.0,Official community discussion thread with 11 total reviews.,2026-09-11 04:23:34.203000
141183594,Reader_Community,3.82,Official community discussion thread with 140 total reviews.,2026-09-11 04:23:34.203000
140771972,Reader_Community,3.88,Official community discussion thread with 28 total reviews.,2026-09-11 04:23:34.203000
60098910,Reader_Community,3.91,Official community discussion thread with 58 total reviews.,2026-09-11 04:23:34.203000
1572702567,Reader_Community,3.91,Official community discussion thread with 13 total reviews.,2026-09-11 04:23:34.203000
764586017,Reader_Community,3.7,Official community discussion thread with 13 total reviews.,2026-09-11 04:23:34.203000
140620184,Reader_Community,3.91,Official community discussion thread with 245 total reviews.,2026-09-11 04:23:34.203000
312426453,Reader_Community,3.33,Official community discussion thread with 228 total reviews.,2026-09-11 04:23:34.203000
446612626,Reader_Community,3.83,Official community discussion thread with 222 total reviews.,2026-09-11 04:23:34.203000
446604402,Reader_Community,3.75,Official community discussion thread with 162 total reviews.,2026-09-11 04:23:34.203000
446608602,Reader_Community,3.86,Official community discussion thread with 179 total reviews.,2026-09-11 04:23:34.203000
446673781,Reader_Community,3.67,Official community discussion thread with 447 total reviews.,2026-09-11 04:23:34.203000
031242373X,Reader_Community,3.81,Official community discussion thread with 50 total reviews.,2026-09-11 04:23:34.203000
751503894,Reader_Community,4.37,Official community discussion thread with 1175 total reviews.,2026-09-11 04:23:34.203000
451187261,Reader_Community,3.39,Official community discussion thread with 142 total reviews.,2026-09-11 04:23:34.203000
449214540,Reader_Community,3.69,Official community discussion thread with 44 total reviews.,2026-09-11 04:23:34.203000
312300530,Reader_Community,4.1,Official community discussion thread with 189 total reviews.,2026-09-11 04:23:34.203000
974016713,Reader_Community,4.32,Official community discussion thread with 8 total reviews.,2026-09-11 04:23:34.203000
849654642X,Reader_Community,4.12,Official community discussion thread with 24 total reviews.,2026-09-11 04:23:34.203000
307275698,Reader_Community,3.31,Official community discussion thread with 37 total reviews.,2026-09-11 04:23:34.203000
195024923,Reader_Community,3.76,Official community discussion thread with 14 total reviews.,2026-09-11 04:23:34.203000
1589802543,Reader_Community,3.73,Official community discussion thread with 80 total reviews.,2026-09-11 04:23:34.203000
521890470,Reader_Community,4.42,Official community discussion thread with 4 total reviews.,2026-09-11 04:23:34.203000
1553650433,Reader_Community,3.83,Official community discussion thread with 9 total reviews.,2026-09-11 04:23:34.203000
1550549170,Reader_Community,3.85,Official community discussion thread with 34 total reviews.,2026-09-11 04:23:34.203000
019518999X,Reader_Community,3.97,Official community discussion thread with 11 total reviews.,2026-09-11 04:23:34.203000
1568580398,Reader_Community,3.85,Official community discussion thread with 2 total reviews.,2026-09-11 04:23:34.203000
809447967,Reader_Community,3.56,Official community discussion thread with 1 total reviews.,2026-09-11 04:23:34.203000
684844079,Reader_Community,3.75,Official community discussion thread with 5 total reviews.,2026-09-11 04:23:34.203000
345431103,Reader_Community,3.92,Official community discussion thread with 9 total reviews.,2026-09-11 04:23:34.203000
806127945,Reader_Community,4.14,Official community discussion thread with 19 total reviews.,2026-09-11 04:23:34.203000
143039482,Reader_Community,3.99,Official community discussion thread with 1517 total reviews.,2026-09-11 04:23:34.203000
014200068X,Reader_Community,4.04,Official community discussion thread with 3909 total reviews.,2026-09-11 04:23:34.203000
1883011159,Reader_Community,4.41,Official community discussion thread with 25 total reviews.,2026-09-11 04:23:34.203000
141185112,Reader_Community,3.83,Official community discussion thread with 38 total reviews.,2026-09-11 04:23:34.204000
141186070,Reader_Community,3.84,Official community discussion thread with 276 total reviews.,2026-09-11 04:23:34.204000
802775934,Reader_Community,3.97,Official community discussion thread with 20 total reviews.,2026-09-11 04:23:34.204000
802714625,Reader_Community,3.97,Official community discussion thread with 1865 total reviews.,2026-09-11 04:23:34.204000
964432900,Reader_Community,4.5,Official community discussion thread with 2 total reviews.,2026-09-11 04:23:34.207000
006054094X,Reader_Community,3.6,Official community discussion thread with 893 total reviews.,2026-09-11 04:23:34.207000
373764219,Reader_Community,3.27,Official community discussion thread with 1 total reviews.,2026-09-11 04:23:34.207000
670037605,Reader_Community,3.87,Official community discussion thread with 2255 total reviews.,2026-09-11 04:23:34.207000
874850916,Reader_Community,4.44,Official community discussion thread with 2 total reviews.,2026-09-11 04:23:34.207000
140072144,Reader_Community,4.44,Official community discussion thread with 1 total reviews.,2026-09-11 04:23:34.207000
679783482,Reader_Community,3.88,Official community discussion thread with 743 total reviews.,2026-09-11 04:23:34.207000
330267140,Reader_Community,3.98,Official community discussion thread with 46 total reviews.,2026-09-11 04:23:34.207000
670886580,Reader_Community,4.01,Official community discussion thread with 1613 total reviews.,2026-09-11 04:23:34.207000
99421860,Reader_Community,3.29,Official community discussion thread with 354 total reviews.,2026-09-11 04:23:34.207000
735619670,Reader_Community,4.29,Official community discussion thread with 326 total reviews.,2026-09-11 04:23:34.207000
1578660394,Reader_Community,4.17,Official community discussion thread with 6 total reviews.,2026-09-11 04:23:34.207000
671035975,Reader_Community,4.12,Official community discussion thread with 1607 total reviews.,2026-09-11 04:23:34.207000
671708260,Reader_Community,3.96,Official community discussion thread with 121 total reviews.,2026-09-11 04:23:34.207000
671519980,Reader_Community,4.08,Official community discussion thread with 103 total reviews.,2026-09-11 04:23:34.207000
465016901,Reader_Community,4.09,Official community discussion thread with 619 total reviews.,2026-09-11 04:23:34.207000
046501691X,Reader_Community,4.09,Official community discussion thread with 10 total reviews.,2026-09-11 04:23:34.208000
91883768,Reader_Community,3.8,Official community discussion thread with 8421 total reviews.,2026-09-11 04:23:34.208000
1591396190,Reader_Community,3.91,Official community discussion thread with 871 total reviews.,2026-09-11 04:23:34.208000
1892295490,Reader_Community,3.42,Official community discussion thread with 8423 total reviews.,2026-09-11 04:23:34.208000
192801724,Reader_Community,3.58,Official community discussion thread with 177 total reviews.,2026-09-11 04:23:34.208000
159224646X,Reader_Community,3.42,Official community discussion thread with 11 total reviews.,2026-09-11 04:23:34.208000
743243781,Reader_Community,3.75,Official community discussion thread with 2019 total reviews.,2026-09-11 04:23:34.208000
7718721,Reader_Community,4.11,Official community discussion thread with 64 total reviews.,2026-09-11 04:23:34.208000
140621334,Reader_Community,3.89,Official community discussion thread with 2811 total reviews.,2026-09-11 04:23:34.208000
486451100,Reader_Community,3.89,Official community discussion thread with 32 total reviews.,2026-09-11 04:23:34.208000
1904919529,Reader_Community,3.89,Official community discussion thread with 8 total reviews.,2026-09-11 04:23:34.208000
141441216,Reader_Community,3.89,Official community discussion thread with 125 total reviews.,2026-09-11 04:23:34.208000
140437509,Reader_Community,4.08,Official community discussion thread with 182 total reviews.,2026-09-11 04:23:34.208000
1400079276,Reader_Community,4.14,Official community discussion thread with 12452 total reviews.,2026-09-11 04:23:34.208000
451527348,Reader_Community,4.32,Official community discussion thread with 91 total reviews.,2026-09-11 04:23:34.208000
374528373,Reader_Community,4.32,Official community discussion thread with 6795 total reviews.,2026-09-11 04:23:34.208000
140449248,Reader_Community,4.32,Official community discussion thread with 184 total reviews.,2026-09-11 04:23:34.208000
679729259,Reader_Community,4.32,Official community discussion thread with 80 total reviews.,2026-09-11 04:23:34.208000
1596440791,Reader_Community,4.32,Official community discussion thread with 2 total reviews.,2026-09-11 04:23:34.208000
159308045X,Reader_Community,4.32,Official community discussion thread with 202 total reviews.,2026-09-11 04:23:34.208000
1580086810,Reader_Community,4.44,Official community discussion thread with 193 total reviews.,2026-09-11 04:23:34.208000
399226907,Reader_Community,4.29,Official community discussion thread with 262 total reviews.,2026-09-11 04:23:34.208000
859533301,Reader_Community,4.32,Official community discussion thread with 10 total reviews.,2026-09-11 04:23:34.208000
395971233,Reader_Community,4.05,Official community discussion thread with 166 total reviews.,2026-09-11 04:23:34.208000
061871166X,Reader_Community,3.95,Official community discussion thread with 815 total reviews.,2026-09-11 04:23:34.208000
452270839,Reader_Community,3.96,Official community discussion thread with 46 total reviews.,2026-09-11 04:23:34.208000
1932416641,Reader_Community,4.16,Official community discussion thread with 6203 total reviews.,2026-09-11 04:23:34.208000
375725784,Reader_Community,3.68,Official community discussion thread with 8463 total reviews.,2026-09-11 04:23:34.208000
1400033543,Reader_Community,3.63,Official community discussion thread with 1463 total reviews.,2026-09-11 04:23:34.208000
1400095565,Reader_Community,3.75,Official community discussion thread with 659 total reviews.,2026-09-11 04:23:34.208000
1932416137,Reader_Community,3.75,Official community discussion thread with 38 total reviews.,2026-09-11 04:23:34.208000
439635772,Reader_Community,3.97,Official community discussion thread with 3 total reviews.,2026-09-11 04:23:34.208000
142001430,Reader_Community,4.01,Official community discussion thread with 8549 total reviews.,2026-09-11 04:23:34.208000
553804766,Reader_Community,3.51,Official community discussion thread with 9 total reviews.,2026-09-11 04:23:34.208000
141651693X,Reader_Community,4.18,Official community discussion thread with 2801 total reviews.,2026-09-11 04:23:34.208000
081297736X,Reader_Community,4.07,Official community discussion thread with 2061 total reviews.,2026-09-11 04:23:34.208000
385333846,Reader_Community,4.07,Official community discussion thread with 19056 total reviews.,2026-09-11 04:23:34.208000
791071685,Reader_Community,4.35,Official community discussion thread with 196 total reviews.,2026-09-11 04:23:34.209000
743422007,Reader_Community,3.84,Official community discussion thread with 558 total reviews.,2026-09-11 04:23:34.209000
385333900,Reader_Community,3.82,Official community discussion thread with 593 total reviews.,2026-09-11 04:23:34.209000
425134067,Reader_Community,3.87,Official community discussion thread with 115 total reviews.,2026-09-11 04:23:34.209000
312353766,Reader_Community,4.17,Official community discussion thread with 15859 total reviews.,2026-09-11 04:23:34.209000
827230281,Reader_Community,3.96,Official community discussion thread with 16 total reviews.,2026-09-11 04:23:34.209000
826415741,Reader_Community,4.13,Official community discussion thread with 55 total reviews.,2026-09-11 04:23:34.209000
2070417948,Reader_Community,3.88,Official community discussion thread with 38 total reviews.,2026-09-11 04:23:34.209000
674023854,Reader_Community,4.14,Official community discussion thread with 183 total reviews.,2026-09-11 04:23:34.209000
786918144,Reader_Community,3.68,Official community discussion thread with 9 total reviews.,2026-09-11 04:23:34.209000
670886955,Reader_Community,4.29,Official community discussion thread with 17 total reviews.,2026-09-11 04:23:34.209000
8466313591,Reader_Community,3.66,Official community discussion thread with 5 total reviews.,2026-09-11 04:23:34.209000
1400076196,Reader_Community,3.63,Official community discussion thread with 3332 total reviews.,2026-09-11 04:23:34.209000
068987409X,Reader_Community,4.05,Official community discussion thread with 10 total reviews.,2026-09-11 04:23:34.209000
330332651,Reader_Community,4.05,Official community discussion thread with 12 total reviews.,2026-09-11 04:23:34.209000
451208706,Reader_Community,3.88,Official community discussion thread with 663 total reviews.,2026-09-11 04:23:34.209000
451211472,Reader_Community,3.82,Official community discussion thread with 652 total reviews.,2026-09-11 04:23:34.209000
375760946,Reader_Community,3.95,Official community discussion thread with 72 total reviews.,2026-09-11 04:23:34.209000
451219597,Reader_Community,3.97,Official community discussion thread with 953 total reviews.,2026-09-11 04:23:34.209000
1405052716,Reader_Community,3.58,Official community discussion thread with 1 total reviews.,2026-09-11 04:23:34.209000
451207521,Reader_Community,3.97,Official community discussion thread with 32 total reviews.,2026-09-11 04:23:34.209000
1421508656,Reader_Community,4.1,Official community discussion thread with 5 total reviews.,2026-09-11 04:23:34.209000
1421504332,Reader_Community,4.12,Official community discussion thread with 4 total reviews.,2026-09-11 04:23:34.209000
2723439801,Reader_Community,4.06,Official community discussion thread with 2 total reviews.,2026-09-11 04:23:34.209000
1556432461,Reader_Community,4.11,Official community discussion thread with 27 total reviews.,2026-09-11 04:23:34.209000
1400043468,Reader_Community,4.17,Official community discussion thread with 6152 total reviews.,2026-09-11 04:23:34.209000
385663552,Reader_Community,4.21,Official community discussion thread with 7 total reviews.,2026-09-11 04:23:34.209000
451210859,Reader_Community,4.23,Official community discussion thread with 5139 total reviews.,2026-09-11 04:23:34.209000
307264602,Reader_Community,4.11,Official community discussion thread with 282 total reviews.,2026-09-11 04:23:34.209000
435124099,Reader_Community,4.11,Official community discussion thread with 59 total reviews.,2026-09-11 04:23:34.209000
316769177,Reader_Community,3.8,Official community discussion thread with 43499 total reviews.,2026-09-11 04:23:34.209000
812034074,Reader_Community,3.72,Official community discussion thread with 24 total reviews.,2026-09-11 04:23:34.209000
316769029,Reader_Community,3.98,Official community discussion thread with 4994 total reviews.,2026-09-11 04:23:34.209000
316766941,Reader_Community,4.11,Official community discussion thread with 1189 total reviews.,2026-09-11 04:23:34.209000
60595183,Reader_Community,3.92,Official community discussion thread with 797 total reviews.,2026-09-11 04:23:34.209000
60929871,Reader_Community,3.99,Official community discussion thread with 20014 total reviews.,2026-09-11 04:23:34.209000
60085495,Reader_Community,3.83,Official community discussion thread with 1031 total reviews.,2026-09-11 04:23:34.209000
006057058X,Reader_Community,4.19,Official community discussion thread with 163 total reviews.,2026-09-11 04:23:34.209000
824522524,Reader_Community,4.3,Official community discussion thread with 4 total reviews.,2026-09-11 04:23:34.209000
892817585,Reader_Community,4.19,Official community discussion thread with 15 total reviews.,2026-09-11 04:23:34.210000
1564781313,Reader_Community,3.86,Official community discussion thread with 210 total reviews.,2026-09-11 04:23:34.210000
1566630185,Reader_Community,3.75,Official community discussion thread with 149 total reviews.,2026-09-11 04:23:34.210000
141183780,Reader_Community,4.12,Official community discussion thread with 217 total reviews.,2026-09-11 04:23:34.210000
307275558,Reader_Community,3.74,Official community discussion thread with 7247 total reviews.,2026-09-11 04:23:34.210000
826453279,Reader_Community,4.01,Official community discussion thread with 19 total reviews.,2026-09-11 04:23:34.210000
743253973,Reader_Community,3.57,Official community discussion thread with 6261 total reviews.,2026-09-11 04:23:34.210000
385333137,Reader_Community,3.88,Official community discussion thread with 1386 total reviews.,2026-09-11 04:23:34.210000
375703063,Reader_Community,3.69,Official community discussion thread with 587 total reviews.,2026-09-11 04:23:34.210000
425169693,Reader_Community,3.69,Official community discussion thread with 1472 total reviews.,2026-09-11 04:23:34.210000
375500723,Reader_Community,4.2,Official community discussion thread with 437 total reviews.,2026-09-11 04:23:34.210000
140286276,Reader_Community,3.87,Official community discussion thread with 1028 total reviews.,2026-09-11 04:23:34.210000
446678457,Reader_Community,4.06,Official community discussion thread with 1845 total reviews.,2026-09-11 04:23:34.210000
446672211,Reader_Community,4.02,Official community discussion thread with 3407 total reviews.,2026-09-11 04:23:34.210000
822550008,Reader_Community,3.79,Official community discussion thread with 5 total reviews.,2026-09-11 04:23:34.210000
345439104,Reader_Community,3.74,Official community discussion thread with 2159 total reviews.,2026-09-11 04:23:34.210000
743466527,Reader_Community,3.96,Official community discussion thread with 2434 total reviews.,2026-09-11 04:23:34.210000
038079487X,Reader_Community,3.73,Official community discussion thread with 645 total reviews.,2026-09-11 04:23:34.210000
345443284,Reader_Community,3.69,Official community discussion thread with 1185 total reviews.,2026-09-11 04:23:34.210000
671774670,Reader_Community,3.69,Official community discussion thread with 427 total reviews.,2026-09-11 04:23:34.210000
037570504X,Reader_Community,3.88,Official community discussion thread with 1229 total reviews.,2026-09-11 04:23:34.210000
385265700,Reader_Community,3.85,Official community discussion thread with 1222 total reviews.,2026-09-11 04:23:34.210000
345435168,Reader_Community,3.7,Official community discussion thread with 1629 total reviews.,2026-09-11 04:23:34.210000
316601950,Reader_Community,3.52,Official community discussion thread with 3860 total reviews.,2026-09-11 04:23:34.210000
440235596,Reader_Community,3.9,Official community discussion thread with 1712 total reviews.,2026-09-11 04:23:34.210000
375702709,Reader_Community,3.95,Official community discussion thread with 2998 total reviews.,2026-09-11 04:23:34.210000
452280397,Reader_Community,3.8,Official community discussion thread with 812 total reviews.,2026-09-11 04:23:34.210000
590956183,Reader_Community,3.34,Official community discussion thread with 18 total reviews.,2026-09-11 04:23:34.210000
671021001,Reader_Community,3.88,Official community discussion thread with 9096 total reviews.,2026-09-11 04:23:34.210000
452282829,Reader_Community,3.73,Official community discussion thread with 2553 total reviews.,2026-09-11 04:23:34.210000
385720106,Reader_Community,3.81,Official community discussion thread with 1476 total reviews.,2026-09-11 04:23:34.210000
006019491X,Reader_Community,3.91,Official community discussion thread with 95 total reviews.,2026-09-11 04:23:34.210000
590956167,Reader_Community,3.54,Official community discussion thread with 55 total reviews.,2026-09-11 04:23:34.210000
743272935,Reader_Community,3.98,Official community discussion thread with 501 total reviews.,2026-09-11 04:23:34.210000
140003065X,Reader_Community,4.36,Official community discussion thread with 7546 total reviews.,2026-09-11 04:23:34.210000
590956175,Reader_Community,3.49,Official community discussion thread with 17 total reviews.,2026-09-11 04:23:34.211000
316284955,Reader_Community,3.96,Official community discussion thread with 210 total reviews.,2026-09-11 04:23:34.211000
743262174,Reader_Community,3.9,Official community discussion thread with 383 total reviews.,2026-09-11 04:23:34.211000
60740450,Reader_Community,4.07,Official community discussion thread with 316 total reviews.,2026-09-11 04:23:34.211000
452260116,Reader_Community,4.06,Official community discussion thread with 143 total reviews.,2026-09-11 04:23:34.211000
1417735988,Reader_Community,4.07,Official community discussion thread with 5 total reviews.,2026-09-11 04:23:34.211000
452282195,Reader_Community,4.03,Official community discussion thread with 280 total reviews.,2026-09-11 04:23:34.211000
60930535,Reader_Community,4.06,Official community discussion thread with 828 total reviews.,2026-09-11 04:23:34.211000
9022530078,Reader_Community,4.18,Official community discussion thread with 9 total reviews.,2026-09-11 04:23:34.211000
61136905,Reader_Community,4.23,Official community discussion thread with 14 total reviews.,2026-09-11 04:23:34.211000
684848236,Reader_Community,4.13,Official community discussion thread with 35 total reviews.,2026-09-11 04:23:34.211000
375757287,Reader_Community,3.86,Official community discussion thread with 54 total reviews.,2026-09-11 04:23:34.211000
1883011930,Reader_Community,4.26,Official community discussion thread with 8 total reviews.,2026-09-11 04:23:34.211000
684847558,Reader_Community,3.76,Official community discussion thread with 77 total reviews.,2026-09-11 04:23:34.211000
1417911832,Reader_Community,3.77,Official community discussion thread with 4 total reviews.,2026-09-11 04:23:34.211000
7144350,Reader_Community,4.45,Official community discussion thread with 183 total reviews.,2026-09-11 04:23:34.211000
394759842,Reader_Community,4.24,Official community discussion thread with 119 total reviews.,2026-09-11 04:23:34.211000
048641423X,Reader_Community,4.04,Official community discussion thread with 895 total reviews.,2026-09-11 04:23:34.211000
375751513,Reader_Community,4.08,Official community discussion thread with 17179 total reviews.,2026-09-11 04:23:34.211000
014043089X,Reader_Community,4.21,Official community discussion thread with 91 total reviews.,2026-09-11 04:23:34.211000
1590528603,Reader_Community,3.95,Official community discussion thread with 52 total reviews.,2026-09-11 04:23:34.211000
142000701,Reader_Community,4.08,Official community discussion thread with 3738 total reviews.,2026-09-11 04:23:34.211000
1883011019,Reader_Community,4.35,Official community discussion thread with 25 total reviews.,2026-09-11 04:23:34.211000
142000698,Reader_Community,3.46,Official community discussion thread with 6198 total reviews.,2026-09-11 04:23:34.211000
911903968,Reader_Community,4.67,Official community discussion thread with 149 total reviews.,2026-09-11 04:23:34.211000
1888472405,Reader_Community,4.48,Official community discussion thread with 22 total reviews.,2026-09-11 04:23:34.211000
1592241336,Reader_Community,4.13,Official community discussion thread with 3 total reviews.,2026-09-11 04:23:34.211000
1888472421,Reader_Community,3.88,Official community discussion thread with 1 total reviews.,2026-09-11 04:23:34.211000
767916220,Reader_Community,4.08,Official community discussion thread with 381 total reviews.,2026-09-11 04:23:34.211000
802417582,Reader_Community,4.07,Official community discussion thread with 1 total reviews.,2026-09-11 04:23:34.211000
307989135,Reader_Community,4.43,Official community discussion thread with 32 total reviews.,2026-09-11 04:23:34.211000
763631205,Reader_Community,4.05,Official community discussion thread with 353 total reviews.,2026-09-11 04:23:34.211000
1580495796,Reader_Community,4.05,Official community discussion thread with 490 total reviews.,2026-09-11 04:23:34.211000
393051587,Reader_Community,4.05,Official community discussion thread with 46 total reviews.,2026-09-11 04:23:34.211000
762408480,Reader_Community,4.1,Official community discussion thread with 6 total reviews.,2026-09-11 04:23:34.211000
037575914X,Reader_Community,3.99,Official community discussion thread with 33 total reviews.,2026-09-11 04:23:34.211000
140439056,Reader_Community,4.14,Official community discussion thread with 449 total reviews.,2026-09-11 04:23:34.211000
684865378,Reader_Community,4.01,Official community discussion thread with 364 total reviews.,2026-09-11 04:23:34.211000
321107217,Reader_Community,3.52,Official community discussion thread with 1706 total reviews.,2026-09-11 04:23:34.211000
385517238,Reader_Community,3.82,Official community discussion thread with 4136 total reviews.,2026-09-11 04:23:34.211000
385339682,Reader_Community,3.87,Official community discussion thread with 1755 total reviews.,2026-09-11 04:23:34.212000
440234743,Reader_Community,3.86,Official community discussion thread with 2361 total reviews.,2026-09-11 04:23:34.212000
385339607,Reader_Community,3.94,Official community discussion thread with 1489 total reviews.,2026-09-11 04:23:34.212000
385339100,Reader_Community,3.92,Official community discussion thread with 1928 total reviews.,2026-09-11 04:23:34.212000
385339097,Reader_Community,3.83,Official community discussion thread with 1813 total reviews.,2026-09-11 04:23:34.212000
385339593,Reader_Community,3.69,Official community discussion thread with 1642 total reviews.,2026-09-11 04:23:34.212000
385339674,Reader_Community,3.73,Official community discussion thread with 1505 total reviews.,2026-09-11 04:23:34.212000
385339658,Reader_Community,3.68,Official community discussion thread with 1705 total reviews.,2026-09-11 04:23:34.212000
99481685,Reader_Community,3.49,Official community discussion thread with 3399 total reviews.,2026-09-11 04:23:34.212000
582418275,Reader_Community,4.01,Official community discussion thread with 3378 total reviews.,2026-09-11 04:23:34.212000
385339089,Reader_Community,4.0,Official community discussion thread with 1978 total reviews.,2026-09-11 04:23:34.212000
385337930,Reader_Community,3.7,Official community discussion thread with 3375 total reviews.,2026-09-11 04:23:34.212000
739342770,Reader_Community,3.99,Official community discussion thread with 9 total reviews.,2026-09-11 04:23:34.212000
385335970,Reader_Community,4.32,Official community discussion thread with 11121 total reviews.,2026-09-11 04:23:34.212000
141009829,Reader_Community,3.99,Official community discussion thread with 849 total reviews.,2026-09-11 04:23:34.212000
439071712,Reader_Community,3.95,Official community discussion thread with 42 total reviews.,2026-09-11 04:23:34.212000
142406198,Reader_Community,3.84,Official community discussion thread with 189 total reviews.,2026-09-11 04:23:34.212000
786937424,Reader_Community,3.87,Official community discussion thread with 64 total reviews.,2026-09-11 04:23:34.212000
747411875,Reader_Community,4.24,Official community discussion thread with 5 total reviews.,2026-09-11 04:23:34.212000
763628107,Reader_Community,3.82,Official community discussion thread with 113 total reviews.,2026-09-11 04:23:34.212000
978655567,Reader_Community,4.0,Official community discussion thread with 8 total reviews.,2026-09-11 04:23:34.212000
441013724,Reader_Community,3.43,Official community discussion thread with 16 total reviews.,2026-09-11 04:23:34.212000
671876090,Reader_Community,3.51,Official community discussion thread with 7 total reviews.,2026-09-11 04:23:34.212000
688093388,Reader_Community,4.39,Official community discussion thread with 130 total reviews.,2026-09-11 04:23:34.212000
452011469,Reader_Community,4.08,Official community discussion thread with 224 total reviews.,2026-09-11 04:23:34.212000
3404134117,Reader_Community,4.34,Official community discussion thread with 16 total reviews.,2026-09-11 04:23:34.212000
385516487,Reader_Community,4.25,Official community discussion thread with 571 total reviews.,2026-09-11 04:23:34.212000
743536967,Reader_Community,4.02,Official community discussion thread with 54 total reviews.,2026-09-11 04:23:34.212000
965772411,Reader_Community,4.02,Official community discussion thread with 130 total reviews.,2026-09-11 04:23:34.212000
517219026,Reader_Community,4.54,Official community discussion thread with 61 total reviews.,2026-09-11 04:23:34.212000
451092317,Reader_Community,4.02,Official community discussion thread with 35 total reviews.,2026-09-11 04:23:34.212000
340770538,Reader_Community,4.02,Official community discussion thread with 6 total reviews.,2026-09-11 04:23:34.212000
141187425,Reader_Community,4.08,Official community discussion thread with 77 total reviews.,2026-09-11 04:23:34.212000
618101365,Reader_Community,4.15,Official community discussion thread with 8009 total reviews.,2026-09-11 04:23:34.212000
195300920,Reader_Community,3.89,Official community discussion thread with 66 total reviews.,2026-09-11 04:23:34.212000
553375938,Reader_Community,3.83,Official community discussion thread with 1290 total reviews.,2026-09-11 04:23:34.213000
385729367,Reader_Community,3.81,Official community discussion thread with 1613 total reviews.,2026-09-11 04:23:34.213000
375823026,Reader_Community,4.04,Official community discussion thread with 8 total reviews.,2026-09-11 04:23:34.213000
452284236,Reader_Community,4.18,Official community discussion thread with 748 total reviews.,2026-09-11 04:23:34.213000
151010269,Reader_Community,4.28,Official community discussion thread with 1625 total reviews.,2026-09-11 04:23:34.213000
451516753,Reader_Community,4.18,Official community discussion thread with 121 total reviews.,2026-09-11 04:23:34.213000
1421808323,Reader_Community,4.18,Official community discussion thread with 17 total reviews.,2026-09-11 04:23:34.213000
60776099,Reader_Community,4.16,Official community discussion thread with 1047 total reviews.,2026-09-11 04:23:34.213000
60535261,Reader_Community,4.16,Official community discussion thread with 53 total reviews.,2026-09-11 04:23:34.213000
60898526,Reader_Community,3.95,Official community discussion thread with 740 total reviews.,2026-09-11 04:23:34.213000
60850523,Reader_Community,3.99,Official community discussion thread with 1286 total reviews.,2026-09-11 04:23:34.213000
1594201048,Reader_Community,3.99,Official community discussion thread with 205 total reviews.,2026-09-11 04:23:34.213000
375413316,Reader_Community,4.46,Official community discussion thread with 245 total reviews.,2026-09-11 04:23:34.213000
385264739,Reader_Community,4.1,Official community discussion thread with 131 total reviews.,2026-09-11 04:23:34.213000
385499094,Reader_Community,3.81,Official community discussion thread with 139 total reviews.,2026-09-11 04:23:34.213000
385423330,Reader_Community,3.82,Official community discussion thread with 38 total reviews.,2026-09-11 04:23:34.213000
385264763,Reader_Community,3.85,Official community discussion thread with 446 total reviews.,2026-09-11 04:23:34.213000
385423357,Reader_Community,4.36,Official community discussion thread with 61 total reviews.,2026-09-11 04:23:34.213000
385499221,Reader_Community,3.63,Official community discussion thread with 93 total reviews.,2026-09-11 04:23:34.213000
140369260,Reader_Community,4.27,Official community discussion thread with 242 total reviews.,2026-09-11 04:23:34.213000
671662341,Reader_Community,4.29,Official community discussion thread with 669 total reviews.,2026-09-11 04:23:34.213000
082221718X,Reader_Community,4.06,Official community discussion thread with 61 total reviews.,2026-09-11 04:23:34.213000
380732548,Reader_Community,3.99,Official community discussion thread with 23 total reviews.,2026-09-11 04:23:34.213000
822011085,Reader_Community,3.9,Official community discussion thread with 2 total reviews.,2026-09-11 04:23:34.213000
446528056,Reader_Community,4.03,Official community discussion thread with 9645 total reviews.,2026-09-11 04:23:34.213000
156004801,Reader_Community,4.09,Official community discussion thread with 1720 total reviews.,2026-09-11 04:23:34.213000
822001462,Reader_Community,3.45,Official community discussion thread with 1 total reviews.,2026-09-11 04:23:34.213000
1579547699,Reader_Community,3.98,Official community discussion thread with 13 total reviews.,2026-09-11 04:23:34.213000
393316041,Reader_Community,4.28,Official community discussion thread with 3685 total reviews.,2026-09-11 04:23:34.213000
201500647,Reader_Community,4.6,Official community discussion thread with 7 total reviews.,2026-09-11 04:23:34.213000
393320928,Reader_Community,4.27,Official community discussion thread with 556 total reviews.,2026-09-11 04:23:34.213000
738206369,Reader_Community,4.25,Official community discussion thread with 93 total reviews.,2026-09-11 04:23:34.213000
691024170,Reader_Community,4.24,Official community discussion thread with 320 total reviews.,2026-09-11 04:23:34.213000
785990232,Reader_Community,3.4,Official community discussion thread with 1 total reviews.,2026-09-11 04:23:34.213000
393061434,Reader_Community,3.87,Official community discussion thread with 375 total reviews.,2026-09-11 04:23:34.213000
865475873,Reader_Community,4.11,Official community discussion thread with 820 total reviews.,2026-09-11 04:23:34.213000
446609404,Reader_Community,3.86,Official community discussion thread with 869 total reviews.,2026-09-11 04:23:34.213000
807847232,Reader_Community,4.12,Official community discussion thread with 43 total reviews.,2026-09-11 04:23:34.213000
393058263,Reader_Community,3.98,Official community discussion thread with 216 total reviews.,2026-09-11 04:23:34.213000
521290600,Reader_Community,3.97,Official community discussion thread with 2 total reviews.,2026-09-11 04:23:34.213000
521286913,Reader_Community,4.09,Official community discussion thread with 5 total reviews.,2026-09-11 04:23:34.213000
067426858X,Reader_Community,4.06,Official community discussion thread with 20 total reviews.,2026-09-11 04:23:34.214000
1880393336,Reader_Community,4.2,Official community discussion thread with 1 total reviews.,2026-09-11 04:23:34.214000
039332429X,Reader_Community,4.23,Official community discussion thread with 21 total reviews.,2026-09-11 04:23:34.214000
1903252040,Reader_Community,3.67,Official community discussion thread with 3 total reviews.,2026-09-11 04:23:34.214000
143039091,Reader_Community,3.99,Official community discussion thread with 3490 total reviews.,2026-09-11 04:23:34.214000
679436340,Reader_Community,4.14,Official community discussion thread with 4 total reviews.,2026-09-11 04:23:34.214000
460876015,Reader_Community,3.32,Official community discussion thread with 3 total reviews.,2026-09-11 04:23:34.214000
226876802,Reader_Community,4.16,Official community discussion thread with 105 total reviews.,2026-09-11 04:23:34.214000
961180021,Reader_Community,4.14,Official community discussion thread with 9 total reviews.,2026-09-11 04:23:34.214000
300106645,Reader_Community,3.39,Official community discussion thread with 31 total reviews.,2026-09-11 04:23:34.214000
142000272,Reader_Community,4.05,Official community discussion thread with 397 total reviews.,2026-09-11 04:23:34.214000
99922800,Reader_Community,4.32,Official community discussion thread with 55 total reviews.,2026-09-11 04:23:34.214000
553381008,Reader_Community,4.35,Official community discussion thread with 466 total reviews.,2026-09-11 04:23:34.214000
1570754365,Reader_Community,4.31,Official community discussion thread with 9 total reviews.,2026-09-11 04:23:34.214000
140446427,Reader_Community,3.72,Official community discussion thread with 24 total reviews.,2026-09-11 04:23:34.214000
140003292X,Reader_Community,4.47,Official community discussion thread with 118 total reviews.,2026-09-11 04:23:34.214000
375719016,Reader_Community,4.16,Official community discussion thread with 99 total reviews.,2026-09-11 04:23:34.214000
375719008,Reader_Community,3.94,Official community discussion thread with 159 total reviews.,2026-09-11 04:23:34.214000
586087990,Reader_Community,3.95,Official community discussion thread with 4 total reviews.,2026-09-11 04:23:34.214000
425170349,Reader_Community,4.09,Official community discussion thread with 908 total reviews.,2026-09-11 04:23:34.214000
385471475,Reader_Community,3.8,Official community discussion thread with 22 total reviews.,2026-09-11 04:23:34.214000
452271681,Reader_Community,4.12,Official community discussion thread with 252 total reviews.,2026-09-11 04:23:34.214000
295979844,Reader_Community,4.22,Official community discussion thread with 4 total reviews.,2026-09-11 04:23:34.214000
385337817,Reader_Community,4.13,Official community discussion thread with 453 total reviews.,2026-09-11 04:23:34.214000
743267745,Reader_Community,3.93,Official community discussion thread with 45 total reviews.,2026-09-11 04:23:34.214000
553587153,Reader_Community,3.89,Official community discussion thread with 188 total reviews.,2026-09-11 04:23:34.214000
142003344,Reader_Community,4.08,Official community discussion thread with 721 total reviews.,2026-09-11 04:23:34.214000
60958332,Reader_Community,4.03,Official community discussion thread with 693 total reviews.,2026-09-11 04:23:34.214000
262660733,Reader_Community,3.75,Official community discussion thread with 1 total reviews.,2026-09-11 04:23:34.214000
393327345,Reader_Community,4.19,Official community discussion thread with 9654 total reviews.,2026-09-11 04:23:34.214000
596006799,Reader_Community,3.8,Official community discussion thread with 5 total reviews.,2026-09-11 04:23:34.214000
201061961,Reader_Community,4.26,Official community discussion thread with 2 total reviews.,2026-09-11 04:23:34.214000
61094226,Reader_Community,3.84,Official community discussion thread with 96 total reviews.,2026-09-11 04:23:34.214000
142437883,Reader_Community,4.38,Official community discussion thread with 460 total reviews.,2026-09-11 04:23:34.214000
9500425998,Reader_Community,4.38,Official community discussion thread with 9 total reviews.,2026-09-11 04:23:34.215000
141439831,Reader_Community,3.79,Official community discussion thread with 2286 total reviews.,2026-09-11 04:23:34.215000
1593080719,Reader_Community,3.79,Official community discussion thread with 97 total reviews.,2026-09-11 04:23:34.215000
140620850,Reader_Community,3.79,Official community discussion thread with 34 total reviews.,2026-09-11 04:23:34.215000
1401207928,Reader_Community,4.25,Official community discussion thread with 4058 total reviews.,2026-09-11 04:23:34.215000
2020418770,Reader_Community,3.96,Official community discussion thread with 561 total reviews.,2026-09-11 04:23:34.215000
1416500529,Reader_Community,3.81,Official community discussion thread with 1 total reviews.,2026-09-11 04:23:34.215000
1416516999,Reader_Community,4.15,Official community discussion thread with 118 total reviews.,2026-09-11 04:23:34.215000
99532514,Reader_Community,3.5,Official community discussion thread with 161 total reviews.,2026-09-11 04:23:34.215000
820328073,Reader_Community,4.01,Official community discussion thread with 26 total reviews.,2026-09-11 04:23:34.215000
141187581,Reader_Community,3.73,Official community discussion thread with 43 total reviews.,2026-09-11 04:23:34.215000
1840238437,Reader_Community,3.7,Official community discussion thread with 10 total reviews.,2026-09-11 04:23:34.215000
60838728,Reader_Community,3.93,Official community discussion thread with 13012 total reviews.,2026-09-11 04:23:34.215000
826414532,Reader_Community,4.2,Official community discussion thread with 1 total reviews.,2026-09-11 04:23:34.215000
1894925025,Reader_Community,3.31,Official community discussion thread with 13 total reviews.,2026-09-11 04:23:34.215000
1590596242,Reader_Community,3.13,Official community discussion thread with 7 total reviews.,2026-09-11 04:23:34.215000
330487140,Reader_Community,3.77,Official community discussion thread with 690 total reviews.,2026-09-11 04:23:34.215000
375708340,Reader_Community,3.61,Official community discussion thread with 35 total reviews.,2026-09-11 04:23:34.215000
375707271,Reader_Community,3.13,Official community discussion thread with 104 total reviews.,2026-09-11 04:23:34.215000
037570728X,Reader_Community,3.25,Official community discussion thread with 301 total reviews.,2026-09-11 04:23:34.215000
140188266,Reader_Community,3.89,Official community discussion thread with 33 total reviews.,2026-09-11 04:23:34.215000
806132299,Reader_Community,4.3,Official community discussion thread with 16 total reviews.,2026-09-11 04:23:34.215000
756403456,Reader_Community,4.13,Official community discussion thread with 2 total reviews.,2026-09-11 04:23:34.215000
670869295,Reader_Community,4.38,Official community discussion thread with 95 total reviews.,2026-09-11 04:23:34.215000
552997773,Reader_Community,4.16,Official community discussion thread with 103 total reviews.,2026-09-11 04:23:34.216000
1423101685,Reader_Community,4.05,Official community discussion thread with 14 total reviews.,2026-09-11 04:23:34.216000
1423100611,Reader_Community,3.98,Official community discussion thread with 14 total reviews.,2026-09-11 04:23:34.216000
1423100204,Reader_Community,3.89,Official community discussion thread with 20 total reviews.,2026-09-11 04:23:34.216000
1423100190,Reader_Community,3.86,Official community discussion thread with 27 total reviews.,2026-09-11 04:23:34.216000
1423100182,Reader_Community,3.83,Official community discussion thread with 82 total reviews.,2026-09-11 04:23:34.216000
141439610,Reader_Community,4.0,Official community discussion thread with 5168 total reviews.,2026-09-11 04:23:34.216000
486440966,Reader_Community,4.0,Official community discussion thread with 28 total reviews.,2026-09-11 04:23:34.216000
1551116448,Reader_Community,4.0,Official community discussion thread with 15 total reviews.,2026-09-11 04:23:34.216000
1593082800,Reader_Community,4.0,Official community discussion thread with 136 total reviews.,2026-09-11 04:23:34.216000
7136587,Reader_Community,4.5,Official community discussion thread with 43 total reviews.,2026-09-11 04:23:34.216000
393060411,Reader_Community,3.6,Official community discussion thread with 16 total reviews.,2026-09-11 04:23:34.216000
618260307,Reader_Community,4.27,Official community discussion thread with 32871 total reviews.,2026-09-11 04:23:34.216000
7137273,Reader_Community,4.27,Official community discussion thread with 16 total reviews.,2026-09-11 04:23:34.216000
618009345,Reader_Community,4.3,Official community discussion thread with 5 total reviews.,2026-09-11 04:23:34.216000
1594130051,Reader_Community,4.27,Official community discussion thread with 43 total reviews.,2026-09-11 04:23:34.216000
261103288,Reader_Community,4.27,Official community discussion thread with 329 total reviews.,2026-09-11 04:23:34.216000
486402185,Reader_Community,3.86,Official community discussion thread with 10 total reviews.,2026-09-11 04:23:34.216000
872864286,Reader_Community,4.46,Official community discussion thread with 210 total reviews.,2026-09-11 04:23:34.216000
143039962,Reader_Community,4.3,Official community discussion thread with 1105 total reviews.,2026-09-11 04:23:34.217000
1400001447,Reader_Community,4.3,Official community discussion thread with 54 total reviews.,2026-09-11 04:23:34.217000
786881488,Reader_Community,4.46,Official community discussion thread with 68 total reviews.,2026-09-11 04:23:34.217000
375724370,Reader_Community,3.57,Official community discussion thread with 1013 total reviews.,2026-09-11 04:23:34.217000
312287445,Reader_Community,3.67,Official community discussion thread with 28 total reviews.,2026-09-11 04:23:34.217000
720608724,Reader_Community,4.2,Official community discussion thread with 9 total reviews.,2026-09-11 04:23:34.217000
1888297018,Reader_Community,3.65,Official community discussion thread with 8 total reviews.,2026-09-11 04:23:34.217000
312940688,Reader_Community,4.19,Official community discussion thread with 91 total reviews.,2026-09-11 04:23:34.217000
1400033853,Reader_Community,4.33,Official community discussion thread with 44 total reviews.,2026-09-11 04:23:34.217000
684850273,Reader_Community,3.69,Official community discussion thread with 89 total reviews.,2026-09-11 04:23:34.217000
764202537,Reader_Community,3.83,Official community discussion thread with 9 total reviews.,2026-09-11 04:23:34.217000
142302090,Reader_Community,3.69,Official community discussion thread with 25 total reviews.,2026-09-11 04:23:34.217000
1416903275,Reader_Community,3.78,Official community discussion thread with 146 total reviews.,2026-09-11 04:23:34.217000
1590171241,Reader_Community,4.21,Official community discussion thread with 126 total reviews.,2026-09-11 04:23:34.217000
140442723,Reader_Community,4.14,Official community discussion thread with 28 total reviews.,2026-09-11 04:23:34.217000
9573318318,Reader_Community,4.56,Official community discussion thread with 2 total reviews.,2026-09-11 04:23:34.217000
093244055X,Reader_Community,4.3,Official community discussion thread with 21 total reviews.,2026-09-11 04:23:34.217000
394832205,Reader_Community,4.16,Official community discussion thread with 7 total reviews.,2026-09-11 04:23:34.217000
1880823195,Reader_Community,3.2,Official community discussion thread with 3 total reviews.,2026-09-11 04:23:34.218000
1931541744,Reader_Community,4.32,Official community discussion thread with 99 total reviews.,2026-09-11 04:23:34.218000
1593080115,Reader_Community,3.67,Official community discussion thread with 49 total reviews.,2026-09-11 04:23:34.218000
684813211,Reader_Community,4.25,Official community discussion thread with 110 total reviews.,2026-09-11 04:23:34.218000
226142817,Reader_Community,4.2,Official community discussion thread with 7 total reviews.,2026-09-11 04:23:34.218000
679772693,Reader_Community,4.09,Official community discussion thread with 142 total reviews.,2026-09-11 04:23:34.218000
701176083,Reader_Community,3.85,Official community discussion thread with 53 total reviews.,2026-09-11 04:23:34.218000
679721975,Reader_Community,4.2,Official community discussion thread with 93 total reviews.,2026-09-11 04:23:34.218000
140152121,Reader_Community,4.34,Official community discussion thread with 16 total reviews.,2026-09-11 04:23:34.218000
679643362,Reader_Community,4.02,Official community discussion thread with 60 total reviews.,2026-09-11 04:23:34.218000
142437182,Reader_Community,4.02,Official community discussion thread with 114 total reviews.,2026-09-11 04:23:34.218000
2253008486,Reader_Community,4.02,Official community discussion thread with 29 total reviews.,2026-09-11 04:23:34.218000
375757856,Reader_Community,3.91,Official community discussion thread with 2819 total reviews.,2026-09-11 04:23:34.218000
140620133,Reader_Community,3.91,Official community discussion thread with 44 total reviews.,2026-09-11 04:23:34.218000
192100289,Reader_Community,3.91,Official community discussion thread with 6 total reviews.,2026-09-11 04:23:34.218000
1400033411,Reader_Community,3.83,Official community discussion thread with 9004 total reviews.,2026-09-11 04:23:34.218000
074326195X,Reader_Community,3.9,Official community discussion thread with 2937 total reviews.,2026-09-11 04:23:34.218000
824519868,Reader_Community,4.28,Official community discussion thread with 498 total reviews.,2026-09-11 04:23:34.218000
736903704,Reader_Community,4.16,Official community discussion thread with 83 total reviews.,2026-09-11 04:23:34.218000
1929241631,Reader_Community,4.1,Official community discussion thread with 18 total reviews.,2026-09-11 04:23:34.218000
874778719,Reader_Community,3.95,Official community discussion thread with 2 total reviews.,2026-09-11 04:23:34.218000
802141900,Reader_Community,3.98,Official community discussion thread with 772 total reviews.,2026-09-11 04:23:34.218000
375407936,Reader_Community,4.44,Official community discussion thread with 252 total reviews.,2026-09-11 04:23:34.218000
743418263,Reader_Community,3.95,Official community discussion thread with 214 total reviews.,2026-09-11 04:23:34.218000
140296611,Reader_Community,4.21,Official community discussion thread with 10 total reviews.,2026-09-11 04:23:34.218000
684826801,Reader_Community,4.32,Official community discussion thread with 900 total reviews.,2026-09-11 04:23:34.218000
684826356,Reader_Community,4.29,Official community discussion thread with 67 total reviews.,2026-09-11 04:23:34.218000
349100470,Reader_Community,4.4,Official community discussion thread with 169 total reviews.,2026-09-11 04:23:34.218000
140188924,Reader_Community,3.92,Official community discussion thread with 34 total reviews.,2026-09-11 04:23:34.218000
312423675,Reader_Community,4.11,Official community discussion thread with 5 total reviews.,2026-09-11 04:23:34.218000
140620125,Reader_Community,3.85,Official community discussion thread with 182 total reviews.,2026-09-11 04:23:34.219000
143036378,Reader_Community,3.84,Official community discussion thread with 3916 total reviews.,2026-09-11 04:23:34.219000
140283358,Reader_Community,3.94,Official community discussion thread with 1029 total reviews.,2026-09-11 04:23:34.219000
069107089X,Reader_Community,3.69,Official community discussion thread with 139 total reviews.,2026-09-11 04:23:34.219000
014026566X,Reader_Community,3.79,Official community discussion thread with 183 total reviews.,2026-09-11 04:23:34.219000
142002003,Reader_Community,3.79,Official community discussion thread with 261 total reviews.,2026-09-11 04:23:34.219000
140275657,Reader_Community,3.84,Official community discussion thread with 207 total reviews.,2026-09-11 04:23:34.219000
141181281,Reader_Community,4.15,Official community discussion thread with 164 total reviews.,2026-09-11 04:23:34.219000
143039164,Reader_Community,4.28,Official community discussion thread with 926 total reviews.,2026-09-11 04:23:34.219000
679752730,Reader_Community,4.21,Official community discussion thread with 51 total reviews.,2026-09-11 04:23:34.219000
141182350,Reader_Community,4.29,Official community discussion thread with 146 total reviews.,2026-09-11 04:23:34.219000
141180412,Reader_Community,4.02,Official community discussion thread with 473 total reviews.,2026-09-11 04:23:34.219000
394752937,Reader_Community,4.15,Official community discussion thread with 30 total reviews.,2026-09-11 04:23:34.219000
158642050X,Reader_Community,3.79,Official community discussion thread with 42 total reviews.,2026-09-11 04:23:34.219000
1586420216,Reader_Community,4.19,Official community discussion thread with 9 total reviews.,2026-09-11 04:23:34.219000
014118020X,Reader_Community,4.18,Official community discussion thread with 79 total reviews.,2026-09-11 04:23:34.219000
679755543,Reader_Community,4.23,Official community discussion thread with 18 total reviews.,2026-09-11 04:23:34.219000
679755527,Reader_Community,4.4,Official community discussion thread with 19 total reviews.,2026-09-11 04:23:34.219000
99273845,Reader_Community,3.88,Official community discussion thread with 144 total reviews.,2026-09-11 04:23:34.219000
99273861,Reader_Community,3.88,Official community discussion thread with 33 total reviews.,2026-09-11 04:23:34.219000
99474549,Reader_Community,3.91,Official community discussion thread with 16 total reviews.,2026-09-11 04:23:34.219000
679776818,Reader_Community,4.09,Official community discussion thread with 2306 total reviews.,2026-09-11 04:23:34.219000
811201325,Reader_Community,4.34,Official community discussion thread with 106 total reviews.,2026-09-11 04:23:34.219000
449001962,Reader_Community,3.71,Official community discussion thread with 46 total reviews.,2026-09-11 04:23:34.219000
307265439,Reader_Community,3.97,Official community discussion thread with 34301 total reviews.,2026-09-11 04:23:34.219000
415253896,Reader_Community,4.18,Official community discussion thread with 23 total reviews.,2026-09-11 04:23:34.219000
786940751,Reader_Community,4.19,Official community discussion thread with 78 total reviews.,2026-09-11 04:23:34.219000
1566917662,Reader_Community,3.96,Official community discussion thread with 21 total reviews.,2026-09-11 04:23:34.219000
006441034X,Reader_Community,4.29,Official community discussion thread with 9026 total reviews.,2026-09-11 04:23:34.219000
872863107,Reader_Community,4.13,Official community discussion thread with 1284 total reviews.,2026-09-11 04:23:34.219000
425183319,Reader_Community,4.04,Official community discussion thread with 32 total reviews.,2026-09-11 04:23:34.219000
1421500493,Reader_Community,4.51,Official community discussion thread with 76 total reviews.,2026-09-11 04:23:34.219000
61137456,Reader_Community,4.22,Official community discussion thread with 28 total reviews.,2026-09-11 04:23:34.219000
1933615095,Reader_Community,4.35,Official community discussion thread with 7 total reviews.,2026-09-11 04:23:34.219000
142403881,Reader_Community,4.13,Official community discussion thread with 7239 total reviews.,2026-09-11 04:23:34.219000
140311254,Reader_Community,4.33,Official community discussion thread with 47 total reviews.,2026-09-11 04:23:34.219000
142404209,Reader_Community,3.86,Official community discussion thread with 2 total reviews.,2026-09-11 04:23:34.219000
307264904,Reader_Community,4.39,Official community discussion thread with 43 total reviews.,2026-09-11 04:23:34.219000
067003665X,Reader_Community,4.43,Official community discussion thread with 65 total reviews.,2026-09-11 04:23:34.219000
142302279,Reader_Community,4.01,Official community discussion thread with 121 total reviews.,2026-09-11 04:23:34.219000
1400078776,Reader_Community,3.82,Official community discussion thread with 22957 total reviews.,2026-09-11 04:23:34.220000
676977111,Reader_Community,3.82,Official community discussion thread with 163 total reviews.,2026-09-11 04:23:34.220000
1415916292,Reader_Community,3.82,Official community discussion thread with 120 total reviews.,2026-09-11 04:23:34.220000
967967570,Reader_Community,4.3,Official community discussion thread with 13 total reviews.,2026-09-11 04:23:34.220000
226071367,Reader_Community,4.28,Official community discussion thread with 3 total reviews.,2026-09-11 04:23:34.220000
1589880080,Reader_Community,4.58,Official community discussion thread with 2 total reviews.,2026-09-11 04:23:34.220000
1589880196,Reader_Community,4.42,Official community discussion thread with 1 total reviews.,2026-09-11 04:23:34.220000
941051692,Reader_Community,4.04,Official community discussion thread with 12 total reviews.,2026-09-11 04:23:34.220000
1589880293,Reader_Community,4.16,Official community discussion thread with 4 total reviews.,2026-09-11 04:23:34.220000
61134236,Reader_Community,3.88,Official community discussion thread with 120 total reviews.,2026-09-11 04:23:34.220000
60595361,Reader_Community,3.81,Official community discussion thread with 167 total reviews.,2026-09-11 04:23:34.220000
385504217,Reader_Community,3.84,Official community discussion thread with 334 total reviews.,2026-09-11 04:23:34.220000
451206703,Reader_Community,3.98,Official community discussion thread with 2 total reviews.,2026-09-11 04:23:34.220000
1401903096,Reader_Community,4.05,Official community discussion thread with 30 total reviews.,2026-09-11 04:23:34.220000
60598808,Reader_Community,3.6,Official community discussion thread with 474 total reviews.,2026-09-11 04:23:34.220000
312306342,Reader_Community,3.72,Official community discussion thread with 1446 total reviews.,2026-09-11 04:23:34.220000
312966970,Reader_Community,4.17,Official community discussion thread with 2502 total reviews.,2026-09-11 04:23:34.220000
312980140,Reader_Community,4.16,Official community discussion thread with 1820 total reviews.,2026-09-11 04:23:34.220000
312983867,Reader_Community,4.17,Official community discussion thread with 1878 total reviews.,2026-09-11 04:23:34.220000
60584033,Reader_Community,3.68,Official community discussion thread with 671 total reviews.,2026-09-11 04:23:34.220000
316919896,Reader_Community,4.25,Official community discussion thread with 110 total reviews.,2026-09-11 04:23:34.220000
140436588,Reader_Community,3.75,Official community discussion thread with 1571 total reviews.,2026-09-11 04:23:34.220000
1587172488,Reader_Community,3.96,Official community discussion thread with 22 total reviews.,2026-09-11 04:23:34.220000
425132641,Reader_Community,3.73,Official community discussion thread with 5 total reviews.,2026-09-11 04:23:34.220000
1596980206,Reader_Community,4.27,Official community discussion thread with 37 total reviews.,2026-09-11 04:23:34.220000
1400032539,Reader_Community,3.92,Official community discussion thread with 1112 total reviews.,2026-09-11 04:23:34.220000
155709103X,Reader_Community,4.08,Official community discussion thread with 113 total reviews.,2026-09-11 04:23:34.220000
978605268,Reader_Community,4.18,Official community discussion thread with 63 total reviews.,2026-09-11 04:23:34.220000
192836013,Reader_Community,3.43,Official community discussion thread with 8 total reviews.,2026-09-11 04:23:34.220000
192831879,Reader_Community,3.83,Official community discussion thread with 37 total reviews.,2026-09-11 04:23:34.220000
375760601,Reader_Community,3.7,Official community discussion thread with 1 total reviews.,2026-09-11 04:23:34.220000
1573229628,Reader_Community,3.59,Official community discussion thread with 78 total reviews.,2026-09-11 04:23:34.220000
057120211X,Reader_Community,4.02,Official community discussion thread with 15 total reviews.,2026-09-11 04:23:34.220000
312010443,Reader_Community,3.86,Official community discussion thread with 155 total reviews.,2026-09-11 04:23:34.220000
399153934,Reader_Community,3.65,Official community discussion thread with 1295 total reviews.,2026-09-11 04:23:34.220000
399153624,Reader_Community,3.41,Official community discussion thread with 47 total reviews.,2026-09-11 04:23:34.220000
425210278,Reader_Community,3.68,Official community discussion thread with 842 total reviews.,2026-09-11 04:23:34.220000
425204200,Reader_Community,3.78,Official community discussion thread with 729 total reviews.,2026-09-11 04:23:34.220000
743477154,Reader_Community,4.02,Official community discussion thread with 2123 total reviews.,2026-09-11 04:23:34.220000
765191121,Reader_Community,4.29,Official community discussion thread with 16 total reviews.,2026-09-11 04:23:34.220000
425204693,Reader_Community,4.04,Official community discussion thread with 614 total reviews.,2026-09-11 04:23:34.220000
425201449,Reader_Community,4.05,Official community discussion thread with 920 total reviews.,2026-09-11 04:23:34.221000
143058320,Reader_Community,3.78,Official community discussion thread with 8 total reviews.,2026-09-11 04:23:34.221000
425213382,Reader_Community,3.93,Official community discussion thread with 625 total reviews.,2026-09-11 04:23:34.221000
60791217,Reader_Community,4.16,Official community discussion thread with 1 total reviews.,2026-09-11 04:23:34.221000
425214761,Reader_Community,3.41,Official community discussion thread with 598 total reviews.,2026-09-11 04:23:34.221000
074325581X,Reader_Community,4.16,Official community discussion thread with 2 total reviews.,2026-09-11 04:23:34.221000
034548701X,Reader_Community,3.88,Official community discussion thread with 178 total reviews.,2026-09-11 04:23:34.221000
345467329,Reader_Community,3.89,Official community discussion thread with 236 total reviews.,2026-09-11 04:23:34.221000
743470796,Reader_Community,4.22,Official community discussion thread with 214 total reviews.,2026-09-11 04:23:34.221000
3865211399,Reader_Community,4.73,Official community discussion thread with 8 total reviews.,2026-09-11 04:23:34.221000
142437298,Reader_Community,3.78,Official community discussion thread with 813 total reviews.,2026-09-11 04:23:34.221000
449006530,Reader_Community,3.75,Official community discussion thread with 142 total reviews.,2026-09-11 04:23:34.221000
345490649,Reader_Community,3.98,Official community discussion thread with 221 total reviews.,2026-09-11 04:23:34.221000
553560271,Reader_Community,3.93,Official community discussion thread with 185 total reviews.,2026-09-11 04:23:34.221000
449002411,Reader_Community,3.76,Official community discussion thread with 90 total reviews.,2026-09-11 04:23:34.221000
553284118,Reader_Community,3.84,Official community discussion thread with 152 total reviews.,2026-09-11 04:23:34.221000
449227944,Reader_Community,4.1,Official community discussion thread with 24 total reviews.,2026-09-11 04:23:34.221000
044018293X,Reader_Community,3.91,Official community discussion thread with 301 total reviews.,2026-09-11 04:23:34.221000
446610224,Reader_Community,3.99,Official community discussion thread with 945 total reviews.,2026-09-11 04:23:34.221000
505521792,Reader_Community,3.8,Official community discussion thread with 6 total reviews.,2026-09-11 04:23:34.221000
307345971,Reader_Community,3.55,Official community discussion thread with 112 total reviews.,2026-09-11 04:23:34.221000
080213825X,Reader_Community,2.82,Official community discussion thread with 877 total reviews.,2026-09-11 04:23:34.221000
786887079,Reader_Community,3.41,Official community discussion thread with 780 total reviews.,2026-09-11 04:23:34.221000
786893966,Reader_Community,3.41,Official community discussion thread with 48 total reviews.,2026-09-11 04:23:34.221000
1402718616,Reader_Community,4.3,Official community discussion thread with 510 total reviews.,2026-09-11 04:23:34.221000
671631985,Reader_Community,4.17,Official community discussion thread with 271 total reviews.,2026-09-11 04:23:34.221000
1401302424,Reader_Community,4.2,Official community discussion thread with 168 total reviews.,2026-09-11 04:23:34.221000
1416510877,Reader_Community,4.13,Official community discussion thread with 340 total reviews.,2026-09-11 04:23:34.221000
143037234,Reader_Community,3.94,Official community discussion thread with 1885 total reviews.,2026-09-11 04:23:34.221000
62510266,Reader_Community,3.82,Official community discussion thread with 171 total reviews.,2026-09-11 04:23:34.221000
158685772X,Reader_Community,3.55,Official community discussion thread with 48 total reviews.,2026-09-11 04:23:34.221000
452284481,Reader_Community,2.88,Official community discussion thread with 295 total reviews.,2026-09-11 04:23:34.221000
6281141,Reader_Community,4.22,Official community discussion thread with 2 total reviews.,2026-09-11 04:23:34.221000
451208633,Reader_Community,4.07,Official community discussion thread with 205 total reviews.,2026-09-11 04:23:34.221000
679433139,Reader_Community,4.07,Official community discussion thread with 2004 total reviews.,2026-09-11 04:23:34.221000
141430935X,Reader_Community,4.28,Official community discussion thread with 424 total reviews.,2026-09-11 04:23:34.221000
141009055,Reader_Community,3.73,Official community discussion thread with 27 total reviews.,2026-09-11 04:23:34.221000
786932724,Reader_Community,3.64,Official community discussion thread with 8 total reviews.,2026-09-11 04:23:34.221000
883682796,Reader_Community,4.18,Official community discussion thread with 154 total reviews.,2026-09-11 04:23:34.221000
141311401,Reader_Community,4.1,Official community discussion thread with 1934 total reviews.,2026-09-11 04:23:34.221000
142302457,Reader_Community,3.78,Official community discussion thread with 525 total reviews.,2026-09-11 04:23:34.221000
141311290,Reader_Community,3.68,Official community discussion thread with 1092 total reviews.,2026-09-11 04:23:34.222000
037581423X,Reader_Community,4.14,Official community discussion thread with 663 total reviews.,2026-09-11 04:23:34.222000
1593074964,Reader_Community,3.44,Official community discussion thread with 65 total reviews.,2026-09-11 04:23:34.222000
141311428,Reader_Community,4.08,Official community discussion thread with 992 total reviews.,2026-09-11 04:23:34.222000
882896458,Reader_Community,4.04,Official community discussion thread with 23 total reviews.,2026-09-11 04:23:34.222000
375814248,Reader_Community,4.01,Official community discussion thread with 4733 total reviews.,2026-09-11 04:23:34.222000
375814256,Reader_Community,4.09,Official community discussion thread with 1672 total reviews.,2026-09-11 04:23:34.222000
140055770,Reader_Community,3.89,Official community discussion thread with 620 total reviews.,2026-09-11 04:23:34.222000
375822070,Reader_Community,4.05,Official community discussion thread with 2503 total reviews.,2026-09-11 04:23:34.222000
140568190,Reader_Community,3.82,Official community discussion thread with 713 total reviews.,2026-09-11 04:23:34.222000
1577314808,Reader_Community,4.13,Official community discussion thread with 7012 total reviews.,2026-09-11 04:23:34.222000
1587671565,Reader_Community,3.58,Official community discussion thread with 8 total reviews.,2026-09-11 04:23:34.222000
316925284,Reader_Community,4.25,Official community discussion thread with 2030 total reviews.,2026-09-11 04:23:34.222000
316010766,Reader_Community,4.07,Official community discussion thread with 701 total reviews.,2026-09-11 04:23:34.222000
316156116,Reader_Community,4.23,Official community discussion thread with 2406 total reviews.,2026-09-11 04:23:34.222000
034911188X,Reader_Community,3.86,Official community discussion thread with 1155 total reviews.,2026-09-11 04:23:34.222000
1580402518,Reader_Community,3.42,Official community discussion thread with 4 total reviews.,2026-09-11 04:23:34.222000
71428488,Reader_Community,3.85,Official community discussion thread with 33 total reviews.,2026-09-11 04:23:34.222000
764119729,Reader_Community,4.06,Official community discussion thread with 2 total reviews.,2026-09-11 04:23:34.222000
684857081,Reader_Community,4.12,Official community discussion thread with 341 total reviews.,2026-09-11 04:23:34.222000
340822783,Reader_Community,4.02,Official community discussion thread with 957 total reviews.,2026-09-11 04:23:34.222000
385336950,Reader_Community,3.38,Official community discussion thread with 260 total reviews.,2026-09-11 04:23:34.222000
345476638,Reader_Community,3.45,Official community discussion thread with 77 total reviews.,2026-09-11 04:23:34.222000
452276969,Reader_Community,4.01,Official community discussion thread with 20 total reviews.,2026-09-11 04:23:34.222000
764134280,Reader_Community,3.75,Official community discussion thread with 6 total reviews.,2026-09-11 04:23:34.222000
375724508,Reader_Community,4.05,Official community discussion thread with 1728 total reviews.,2026-09-11 04:23:34.222000
748702555,Reader_Community,3.74,Official community discussion thread with 4 total reviews.,2026-09-11 04:23:34.222000
743484185,Reader_Community,4.08,Official community discussion thread with 341 total reviews.,2026-09-11 04:23:34.222000
451212924,Reader_Community,4.0,Official community discussion thread with 298 total reviews.,2026-09-11 04:23:34.222000
312966091,Reader_Community,4.15,Official community discussion thread with 2883 total reviews.,2026-09-11 04:23:34.222000
60598875,Reader_Community,3.67,Official community discussion thread with 387 total reviews.,2026-09-11 04:23:34.222000
60598824,Reader_Community,3.7,Official community discussion thread with 449 total reviews.,2026-09-11 04:23:34.222000
743216393,Reader_Community,4.31,Official community discussion thread with 168 total reviews.,2026-09-11 04:23:34.222000
312976275,Reader_Community,4.19,Official community discussion thread with 2082 total reviews.,2026-09-11 04:23:34.223000
385494246,Reader_Community,3.43,Official community discussion thread with 2445 total reviews.,2026-09-11 04:23:34.223000
385497520,Reader_Community,3.58,Official community discussion thread with 543 total reviews.,2026-09-11 04:23:34.223000
99481243,Reader_Community,3.63,Official community discussion thread with 1515 total reviews.,2026-09-11 04:23:34.223000
385494327,Reader_Community,3.44,Official community discussion thread with 490 total reviews.,2026-09-11 04:23:34.223000
679749845,Reader_Community,3.41,Official community discussion thread with 836 total reviews.,2026-09-11 04:23:34.223000
373836937,Reader_Community,3.57,Official community discussion thread with 1 total reviews.,2026-09-11 04:23:34.223000
307275639,Reader_Community,4.1,Official community discussion thread with 498 total reviews.,2026-09-11 04:23:34.223000
785930736,Reader_Community,4.1,Official community discussion thread with 1 total reviews.,2026-09-11 04:23:34.223000
097441218X,Reader_Community,3.86,Official community discussion thread with 2 total reviews.,2026-09-11 04:23:34.223000
1890208280,Reader_Community,3.7,Official community discussion thread with 2 total reviews.,2026-09-11 04:23:34.223000
472080520,Reader_Community,4.27,Official community discussion thread with 2 total reviews.,2026-09-11 04:23:34.223000
60898712,Reader_Community,4.15,Official community discussion thread with 11 total reviews.,2026-09-11 04:23:34.223000
1580087949,Reader_Community,3.7,Official community discussion thread with 161 total reviews.,2026-09-11 04:23:34.223000
1401911838,Reader_Community,4.14,Official community discussion thread with 1 total reviews.,2026-09-11 04:23:34.223000
552995878,Reader_Community,3.95,Official community discussion thread with 4997 total reviews.,2026-09-11 04:23:34.223000
739334190,Reader_Community,3.95,Official community discussion thread with 33 total reviews.,2026-09-11 04:23:34.223000
785731237,Reader_Community,3.95,Official community discussion thread with 2 total reviews.,2026-09-11 04:23:34.223000
679736883,Reader_Community,4.06,Official community discussion thread with 195 total reviews.,2026-09-11 04:23:34.223000
141439580,Reader_Community,4.0,Official community discussion thread with 11117 total reviews.,2026-09-11 04:23:34.223000
425212599,Reader_Community,3.99,Official community discussion thread with 59 total reviews.,2026-09-11 04:23:34.223000
805242163,Reader_Community,3.88,Official community discussion thread with 7 total reviews.,2026-09-11 04:23:34.223000
425205037,Reader_Community,3.68,Official community discussion thread with 66 total reviews.,2026-09-11 04:23:34.223000
143036696,Reader_Community,3.13,Official community discussion thread with 5816 total reviews.,2026-09-11 04:23:34.223000
61144908,Reader_Community,3.95,Official community discussion thread with 70 total reviews.,2026-09-11 04:23:34.223000
61144894,Reader_Community,4.13,Official community discussion thread with 231 total reviews.,2026-09-11 04:23:34.223000
1594710643,Reader_Community,4.3,Official community discussion thread with 76 total reviews.,2026-09-11 04:23:34.223000
393062686,Reader_Community,3.86,Official community discussion thread with 171 total reviews.,2026-09-11 04:23:34.223000
743482719,Reader_Community,3.71,Official community discussion thread with 66 total reviews.,2026-09-11 04:23:34.223000
552152188,Reader_Community,3.98,Official community discussion thread with 14 total reviews.,2026-09-11 04:23:34.223000
312148232,Reader_Community,3.71,Official community discussion thread with 29 total reviews.,2026-09-11 04:23:34.223000
7177844,Reader_Community,3.88,Official community discussion thread with 2 total reviews.,2026-09-11 04:23:34.223000
1411400429,Reader_Community,4.02,Official community discussion thread with 2 total reviews.,2026-09-11 04:23:34.223000
764587250,Reader_Community,3.89,Official community discussion thread with 3 total reviews.,2026-09-11 04:23:34.224000
451526961,Reader_Community,3.94,Official community discussion thread with 101 total reviews.,2026-09-11 04:23:34.224000
1932219242,Reader_Community,3.94,Official community discussion thread with 6 total reviews.,2026-09-11 04:23:34.224000
198321503,Reader_Community,3.94,Official community discussion thread with 7 total reviews.,2026-09-11 04:23:34.224000
198320213,Reader_Community,3.94,Official community discussion thread with 3 total reviews.,2026-09-11 04:23:34.224000
439405629,Reader_Community,4.08,Official community discussion thread with 157 total reviews.,2026-09-11 04:23:34.224000
439405602,Reader_Community,4.1,Official community discussion thread with 196 total reviews.,2026-09-11 04:23:34.224000
140007570X,Reader_Community,4.08,Official community discussion thread with 73 total reviews.,2026-09-11 04:23:34.224000
1400031362,Reader_Community,3.98,Official community discussion thread with 1493 total reviews.,2026-09-11 04:23:34.224000
1419311743,Reader_Community,4.08,Official community discussion thread with 23 total reviews.,2026-09-11 04:23:34.224000
375422188,Reader_Community,4.02,Official community discussion thread with 28 total reviews.,2026-09-11 04:23:34.224000
394735307,Reader_Community,3.72,Official community discussion thread with 55 total reviews.,2026-09-11 04:23:34.224000
1595820639,Reader_Community,4.05,Official community discussion thread with 37 total reviews.,2026-09-11 04:23:34.224000
4770027729,Reader_Community,3.74,Official community discussion thread with 5 total reviews.,2026-09-11 04:23:34.224000
375422722,Reader_Community,4.06,Official community discussion thread with 37 total reviews.,2026-09-11 04:23:34.224000
375422714,Reader_Community,4.08,Official community discussion thread with 912 total reviews.,2026-09-11 04:23:34.224000
3485009024,Reader_Community,3.96,Official community discussion thread with 3 total reviews.,2026-09-11 04:23:34.224000
3485009601,Reader_Community,3.98,Official community discussion thread with 2 total reviews.,2026-09-11 04:23:34.224000
375422730,Reader_Community,4.07,Official community discussion thread with 974 total reviews.,2026-09-11 04:23:34.224000
1400034779,Reader_Community,3.78,Official community discussion thread with 9489 total reviews.,2026-09-11 04:23:34.224000
375758232,Reader_Community,3.76,Official community discussion thread with 941 total reviews.,2026-09-11 04:23:34.224000
1557130663,Reader_Community,3.91,Official community discussion thread with 1 total reviews.,2026-09-11 04:23:34.224000
345441303,Reader_Community,3.34,Official community discussion thread with 60 total reviews.,2026-09-11 04:23:34.224000
517146541,Reader_Community,3.83,Official community discussion thread with 8 total reviews.,2026-09-11 04:23:34.224000
839731949,Reader_Community,3.99,Official community discussion thread with 4 total reviews.,2026-09-11 04:23:34.224000
345323882,Reader_Community,4.08,Official community discussion thread with 5 total reviews.,2026-09-11 04:23:34.224000
590997300,Reader_Community,3.77,Official community discussion thread with 119 total reviews.,2026-09-11 04:23:34.224000
316491977,Reader_Community,4.11,Official community discussion thread with 438 total reviews.,2026-09-11 04:23:34.224000
252062299,Reader_Community,4.17,Official community discussion thread with 21 total reviews.,2026-09-11 04:23:34.224000
1842122916,Reader_Community,4.33,Official community discussion thread with 33 total reviews.,2026-09-11 04:23:34.224000
618056815,Reader_Community,3.82,Official community discussion thread with 321 total reviews.,2026-09-11 04:23:34.224000
2070766039,Reader_Community,4.1,Official community discussion thread with 1 total reviews.,2026-09-11 04:23:34.224000
618056831,Reader_Community,4.03,Official community discussion thread with 123 total reviews.,2026-09-11 04:23:34.224000
618056823,Reader_Community,4.0,Official community discussion thread with 137 total reviews.,2026-09-11 04:23:34.224000
786838949,Reader_Community,3.6,Official community discussion thread with 108 total reviews.,2026-09-11 04:23:34.224000
192835092,Reader_Community,4.32,Official community discussion thread with 26 total reviews.,2026-09-11 04:23:34.224000
872201937,Reader_Community,4.36,Official community discussion thread with 14 total reviews.,2026-09-11 04:23:34.224000
140449264,Reader_Community,4.25,Official community discussion thread with 14249 total reviews.,2026-09-11 04:23:34.224000
743487559,Reader_Community,4.25,Official community discussion thread with 26 total reviews.,2026-09-11 04:23:34.224000
037576030X,Reader_Community,4.25,Official community discussion thread with 586 total reviews.,2026-09-11 04:23:34.224000
553212168,Reader_Community,4.32,Official community discussion thread with 154 total reviews.,2026-09-11 04:23:34.225000
451530063,Reader_Community,4.21,Official community discussion thread with 183 total reviews.,2026-09-11 04:23:34.225000
465014879,Reader_Community,3.86,Official community discussion thread with 4 total reviews.,2026-09-11 04:23:34.225000
805060162,Reader_Community,3.83,Official community discussion thread with 11 total reviews.,2026-09-11 04:23:34.225000
143058142,Reader_Community,4.21,Official community discussion thread with 10265 total reviews.,2026-09-11 04:23:34.225000
393096335,Reader_Community,4.21,Official community discussion thread with 5 total reviews.,2026-09-11 04:23:34.225000
761929940,Reader_Community,3.87,Official community discussion thread with 2 total reviews.,2026-09-11 04:23:34.225000
385264585,Reader_Community,4.08,Official community discussion thread with 41 total reviews.,2026-09-11 04:23:34.225000
140448926,Reader_Community,3.8,Official community discussion thread with 598 total reviews.,2026-09-11 04:23:34.225000
192836382,Reader_Community,3.99,Official community discussion thread with 411 total reviews.,2026-09-11 04:23:34.225000
140449779,Reader_Community,3.93,Official community discussion thread with 23 total reviews.,2026-09-11 04:23:34.225000
812969634,Reader_Community,3.89,Official community discussion thread with 70 total reviews.,2026-09-11 04:23:34.225000
60586370,Reader_Community,4.09,Official community discussion thread with 1011 total reviews.,2026-09-11 04:23:34.225000
312997116,Reader_Community,4.1,Official community discussion thread with 621 total reviews.,2026-09-11 04:23:34.225000
767902807,Reader_Community,3.75,Official community discussion thread with 171 total reviews.,2026-09-11 04:23:34.225000
785263705,Reader_Community,3.9,Official community discussion thread with 3718 total reviews.,2026-09-11 04:23:34.225000
143036408,Reader_Community,4.05,Official community discussion thread with 169 total reviews.,2026-09-11 04:23:34.225000
232521026,Reader_Community,4.26,Official community discussion thread with 317 total reviews.,2026-09-11 04:23:34.225000
1594710872,Reader_Community,4.2,Official community discussion thread with 11 total reviews.,2026-09-11 04:23:34.225000
727891626,Reader_Community,4.07,Official community discussion thread with 10 total reviews.,2026-09-11 04:23:34.225000
60786507,Reader_Community,4.06,Official community discussion thread with 19846 total reviews.,2026-09-11 04:23:34.225000
057120175X,Reader_Community,4.06,Official community discussion thread with 187 total reviews.,2026-09-11 04:23:34.225000
60539097,Reader_Community,3.76,Official community discussion thread with 806 total reviews.,2026-09-11 04:23:34.225000
312319738,Reader_Community,4.16,Official community discussion thread with 135 total reviews.,2026-09-11 04:23:34.225000
345478258,Reader_Community,3.99,Official community discussion thread with 202 total reviews.,2026-09-11 04:23:34.225000
1590525930,Reader_Community,4.22,Official community discussion thread with 104 total reviews.,2026-09-11 04:23:34.225000
1585361615,Reader_Community,3.76,Official community discussion thread with 5 total reviews.,2026-09-11 04:23:34.225000
1569714886,Reader_Community,3.75,Official community discussion thread with 8 total reviews.,2026-09-11 04:23:34.225000
087893720X,Reader_Community,3.92,Official community discussion thread with 1 total reviews.,2026-09-11 04:23:34.225000
1559636629,Reader_Community,4.59,Official community discussion thread with 2 total reviews.,2026-09-11 04:23:34.225000
964991500,Reader_Community,4.58,Official community discussion thread with 2 total reviews.,2026-09-11 04:23:34.225000
006251637X,Reader_Community,4.13,Official community discussion thread with 7 total reviews.,2026-09-11 04:23:34.225000
743222636,Reader_Community,3.68,Official community discussion thread with 4 total reviews.,2026-09-11 04:23:34.225000
618512659,Reader_Community,4.25,Official community discussion thread with 767 total reviews.,2026-09-11 04:23:34.225000
618391118,Reader_Community,3.92,Official community discussion thread with 4750 total reviews.,2026-09-11 04:23:34.225000
618057021,Reader_Community,4.08,Official community discussion thread with 312 total reviews.,2026-09-11 04:23:34.225000
345345061,Reader_Community,3.99,Official community discussion thread with 145 total reviews.,2026-09-11 04:23:34.225000
1887726098,Reader_Community,3.79,Official community discussion thread with 2 total reviews.,2026-09-11 04:23:34.225000
026110263X,Reader_Community,3.93,Official community discussion thread with 78 total reviews.,2026-09-11 04:23:34.226000
061839110X,Reader_Community,4.14,Official community discussion thread with 31 total reviews.,2026-09-11 04:23:34.226000
664226108,Reader_Community,4.09,Official community discussion thread with 67 total reviews.,2026-09-11 04:23:34.226000
261102206,Reader_Community,4.17,Official community discussion thread with 5 total reviews.,2026-09-11 04:23:34.226000
618574816,Reader_Community,3.71,Official community discussion thread with 109 total reviews.,2026-09-11 04:23:34.226000
1587680262,Reader_Community,4.01,Official community discussion thread with 53 total reviews.,2026-09-11 04:23:34.226000
345375211,Reader_Community,3.83,Official community discussion thread with 203 total reviews.,2026-09-11 04:23:34.226000
7105045,Reader_Community,4.05,Official community discussion thread with 97 total reviews.,2026-09-11 04:23:34.226000
618260226,Reader_Community,4.47,Official community discussion thread with 34 total reviews.,2026-09-11 04:23:34.226000
1402516274,Reader_Community,4.5,Official community discussion thread with 16 total reviews.,2026-09-11 04:23:34.226000
679643419,Reader_Community,3.92,Official community discussion thread with 79 total reviews.,2026-09-11 04:23:34.226000
140364544,Reader_Community,4.07,Official community discussion thread with 10 total reviews.,2026-09-11 04:23:34.226000
156031442,Reader_Community,4.14,Official community discussion thread with 975 total reviews.,2026-09-11 04:23:34.226000
1930051158,Reader_Community,4.0,Official community discussion thread with 4 total reviews.,2026-09-11 04:23:34.226000
471468851,Reader_Community,4.37,Official community discussion thread with 92 total reviews.,2026-09-11 04:23:34.226000
671624970,Reader_Community,4.23,Official community discussion thread with 12 total reviews.,2026-09-11 04:23:34.226000
785113797,Reader_Community,3.97,Official community discussion thread with 859 total reviews.,2026-09-11 04:23:34.226000
300062907,Reader_Community,4.19,Official community discussion thread with 2 total reviews.,2026-09-11 04:23:34.226000
879757450,Reader_Community,3.77,Official community discussion thread with 3 total reviews.,2026-09-11 04:23:34.226000
805077812,Reader_Community,3.54,Official community discussion thread with 10 total reviews.,2026-09-11 04:23:34.226000
312426216,Reader_Community,4.09,Official community discussion thread with 1704 total reviews.,2026-09-11 04:23:34.226000
802140181,Reader_Community,3.46,Official community discussion thread with 2497 total reviews.,2026-09-11 04:23:34.226000
7204442,Reader_Community,3.46,Official community discussion thread with 65 total reviews.,2026-09-11 04:23:34.226000
965079929,Reader_Community,3.97,Official community discussion thread with 14 total reviews.,2026-09-11 04:23:34.226000
074324754X,Reader_Community,4.27,Official community discussion thread with 46176 total reviews.,2026-09-11 04:23:34.226000
1416916326,Reader_Community,3.62,Official community discussion thread with 37 total reviews.,2026-09-11 04:23:34.226000
743456815,Reader_Community,4.01,Official community discussion thread with 6 total reviews.,2026-09-11 04:23:34.226000
375502262,Reader_Community,3.63,Official community discussion thread with 12 total reviews.,2026-09-11 04:23:34.226000
375704531,Reader_Community,3.58,Official community discussion thread with 272 total reviews.,2026-09-11 04:23:34.226000
99458268,Reader_Community,3.63,Official community discussion thread with 274 total reviews.,2026-09-11 04:23:34.226000
375705244,Reader_Community,3.93,Official community discussion thread with 1631 total reviews.,2026-09-11 04:23:34.226000
446611085,Reader_Community,4.17,Official community discussion thread with 4267 total reviews.,2026-09-11 04:23:34.226000
349107866,Reader_Community,3.68,Official community discussion thread with 7 total reviews.,2026-09-11 04:23:34.226000
344275500X,Reader_Community,3.68,Official community discussion thread with 1 total reviews.,2026-09-11 04:23:34.226000
553587242,Reader_Community,4.06,Official community discussion thread with 234 total reviews.,2026-09-11 04:23:34.226000
446612545,Reader_Community,3.84,Official community discussion thread with 1674 total reviews.,2026-09-11 04:23:34.226000
778322947,Reader_Community,4.2,Official community discussion thread with 1029 total reviews.,2026-09-11 04:23:34.226000
316969680,Reader_Community,3.84,Official community discussion thread with 57 total reviews.,2026-09-11 04:23:34.226000
141651631X,Reader_Community,4.17,Official community discussion thread with 485 total reviews.,2026-09-11 04:23:34.227000
1560066237,Reader_Community,3.6,Official community discussion thread with 1 total reviews.,2026-09-11 04:23:34.227000
039306123X,Reader_Community,4.18,Official community discussion thread with 1924 total reviews.,2026-09-11 04:23:34.227000
393315703,Reader_Community,4.08,Official community discussion thread with 77 total reviews.,2026-09-11 04:23:34.227000
812969006,Reader_Community,3.97,Official community discussion thread with 587 total reviews.,2026-09-11 04:23:34.227000
037576092X,Reader_Community,3.98,Official community discussion thread with 455 total reviews.,2026-09-11 04:23:34.227000
375760911,Reader_Community,3.88,Official community discussion thread with 1099 total reviews.,2026-09-11 04:23:34.227000
812969014,Reader_Community,3.92,Official community discussion thread with 439 total reviews.,2026-09-11 04:23:34.227000
1400065011,Reader_Community,3.55,Official community discussion thread with 8 total reviews.,2026-09-11 04:23:34.227000
3404149475,Reader_Community,3.88,Official community discussion thread with 1 total reviews.,2026-09-11 04:23:34.227000
425099997,Reader_Community,4.21,Official community discussion thread with 64 total reviews.,2026-09-11 04:23:34.227000
1594972079,Reader_Community,4.09,Official community discussion thread with 1 total reviews.,2026-09-11 04:23:34.227000
1897299028,Reader_Community,4.35,Official community discussion thread with 21 total reviews.,2026-09-11 04:23:34.227000
375422951,Reader_Community,4.31,Official community discussion thread with 77 total reviews.,2026-09-11 04:23:34.227000
1896597661,Reader_Community,4.17,Official community discussion thread with 23 total reviews.,2026-09-11 04:23:34.227000
022407265X,Reader_Community,4.09,Official community discussion thread with 32 total reviews.,2026-09-11 04:23:34.227000
143039423,Reader_Community,3.77,Official community discussion thread with 193 total reviews.,2026-09-11 04:23:34.227000
1842430246,Reader_Community,3.76,Official community discussion thread with 1483 total reviews.,2026-09-11 04:23:34.227000
571169201,Reader_Community,3.76,Official community discussion thread with 2 total reviews.,2026-09-11 04:23:34.227000
767901576,Reader_Community,4.19,Official community discussion thread with 285 total reviews.,2026-09-11 04:23:34.227000
1400064708,Reader_Community,4.14,Official community discussion thread with 267 total reviews.,2026-09-11 04:23:34.227000
1573241172,Reader_Community,4.31,Official community discussion thread with 295 total reviews.,2026-09-11 04:23:34.227000
609804243,Reader_Community,3.93,Official community discussion thread with 32 total reviews.,2026-09-11 04:23:34.227000
849911885,Reader_Community,4.33,Official community discussion thread with 63 total reviews.,2026-09-11 04:23:34.227000
1557832455,Reader_Community,3.8,Official community discussion thread with 137 total reviews.,2026-09-11 04:23:34.227000
1573226327,Reader_Community,3.99,Official community discussion thread with 8 total reviews.,2026-09-11 04:23:34.227000
142437344,Reader_Community,3.61,Official community discussion thread with 3536 total reviews.,2026-09-11 04:23:34.227000
393926796,Reader_Community,3.61,Official community discussion thread with 35 total reviews.,2026-09-11 04:23:34.227000
9626343664,Reader_Community,3.61,Official community discussion thread with 8 total reviews.,2026-09-11 04:23:34.227000
451530152,Reader_Community,3.61,Official community discussion thread with 46 total reviews.,2026-09-11 04:23:34.227000
440419174,Reader_Community,3.94,Official community discussion thread with 38 total reviews.,2026-09-11 04:23:34.227000
1570421129,Reader_Community,4.11,Official community discussion thread with 2 total reviews.,2026-09-11 04:23:34.227000
006112009X,Reader_Community,4.07,Official community discussion thread with 212 total reviews.,2026-09-11 04:23:34.227000
1857152239,Reader_Community,4.07,Official community discussion thread with 53 total reviews.,2026-09-11 04:23:34.227000
081297106X,Reader_Community,3.61,Official community discussion thread with 6561 total reviews.,2026-09-11 04:23:34.227000
679727299,Reader_Community,4.28,Official community discussion thread with 358 total reviews.,2026-09-11 04:23:34.227000
739322060,Reader_Community,3.89,Official community discussion thread with 239 total reviews.,2026-09-11 04:23:34.228000
439269687,Reader_Community,3.97,Official community discussion thread with 5 total reviews.,2026-09-11 04:23:34.228000
7178484,Reader_Community,3.61,Official community discussion thread with 56 total reviews.,2026-09-11 04:23:34.228000
60786809,Reader_Community,3.79,Official community discussion thread with 27 total reviews.,2026-09-11 04:23:34.228000
452284244,Reader_Community,3.93,Official community discussion thread with 29677 total reviews.,2026-09-11 04:23:34.228000
394862546,Reader_Community,3.86,Official community discussion thread with 4 total reviews.,2026-09-11 04:23:34.228000
140283331,Reader_Community,3.68,Official community discussion thread with 26199 total reviews.,2026-09-11 04:23:34.228000
141184280,Reader_Community,4.11,Official community discussion thread with 10 total reviews.,2026-09-11 04:23:34.228000
1593082681,Reader_Community,3.72,Official community discussion thread with 35 total reviews.,2026-09-11 04:23:34.228000
8445074873,Reader_Community,3.99,Official community discussion thread with 606 total reviews.,2026-09-11 04:23:34.228000
60872985,Reader_Community,3.5,Official community discussion thread with 2540 total reviews.,2026-09-11 04:23:34.228000
517084791,Reader_Community,4.06,Official community discussion thread with 31 total reviews.,2026-09-11 04:23:34.228000
451210638,Reader_Community,3.72,Official community discussion thread with 654 total reviews.,2026-09-11 04:23:34.228000
517101351,Reader_Community,3.99,Official community discussion thread with 27 total reviews.,2026-09-11 04:23:34.228000
60509058,Reader_Community,3.95,Official community discussion thread with 514 total reviews.,2026-09-11 04:23:34.228000
606298231,Reader_Community,3.63,Official community discussion thread with 717 total reviews.,2026-09-11 04:23:34.228000
60541814,Reader_Community,3.89,Official community discussion thread with 2850 total reviews.,2026-09-11 04:23:34.228000
60541830,Reader_Community,3.59,Official community discussion thread with 1546 total reviews.,2026-09-11 04:23:34.228000
60891564,Reader_Community,3.67,Official community discussion thread with 1096 total reviews.,2026-09-11 04:23:34.228000
739340336,Reader_Community,4.16,Official community discussion thread with 7 total reviews.,2026-09-11 04:23:34.228000
030734813X,Reader_Community,4.02,Official community discussion thread with 3647 total reviews.,2026-09-11 04:23:34.228000
60092572,Reader_Community,3.36,Official community discussion thread with 576 total reviews.,2026-09-11 04:23:34.228000
345354648,Reader_Community,3.48,Official community discussion thread with 97 total reviews.,2026-09-11 04:23:34.228000
345409701,Reader_Community,3.63,Official community discussion thread with 1 total reviews.,2026-09-11 04:23:34.228000
192839195,Reader_Community,3.97,Official community discussion thread with 21 total reviews.,2026-09-11 04:23:34.228000
131538411,Reader_Community,3.5,Official community discussion thread with 16 total reviews.,2026-09-11 04:23:34.228000
60915439,Reader_Community,4.22,Official community discussion thread with 339 total reviews.,2026-09-11 04:23:34.228000
743284798,Reader_Community,3.82,Official community discussion thread with 53 total reviews.,2026-09-11 04:23:34.228000
393977536,Reader_Community,3.94,Official community discussion thread with 6 total reviews.,2026-09-11 04:23:34.228000
451530098,Reader_Community,4.26,Official community discussion thread with 61 total reviews.,2026-09-11 04:23:34.228000
394604806,Reader_Community,3.67,Official community discussion thread with 5 total reviews.,2026-09-11 04:23:34.228000
486282228,Reader_Community,3.9,Official community discussion thread with 1636 total reviews.,2026-09-11 04:23:34.228000
140437940,Reader_Community,3.9,Official community discussion thread with 10 total reviews.,2026-09-11 04:23:34.228000
1400047951,Reader_Community,3.79,Official community discussion thread with 26 total reviews.,2026-09-11 04:23:34.228000
1400052998,Reader_Community,3.79,Official community discussion thread with 307 total reviews.,2026-09-11 04:23:34.228000
393967972,Reader_Community,3.81,Official community discussion thread with 48 total reviews.,2026-09-11 04:23:34.228000
1593080298,Reader_Community,4.03,Official community discussion thread with 793 total reviews.,2026-09-11 04:23:34.228000
486290301,Reader_Community,4.03,Official community discussion thread with 126 total reviews.,2026-09-11 04:23:34.228000
231118953,Reader_Community,3.76,Official community discussion thread with 20 total reviews.,2026-09-11 04:23:34.228000
141439491,Reader_Community,3.57,Official community discussion thread with 3485 total reviews.,2026-09-11 04:23:34.228000
192805347,Reader_Community,3.57,Official community discussion thread with 21 total reviews.,2026-09-11 04:23:34.228000
1400102723,Reader_Community,3.57,Official community discussion thread with 1 total reviews.,2026-09-11 04:23:34.228000
794503292,Reader_Community,3.35,Official community discussion thread with 3 total reviews.,2026-09-11 04:23:34.229000
1402726627,Reader_Community,3.97,Official community discussion thread with 26 total reviews.,2026-09-11 04:23:34.229000
60838744,Reader_Community,4.03,Official community discussion thread with 2391 total reviews.,2026-09-11 04:23:34.229000
7204493,Reader_Community,4.08,Official community discussion thread with 251 total reviews.,2026-09-11 04:23:34.229000
446698229,Reader_Community,4.12,Official community discussion thread with 662 total reviews.,2026-09-11 04:23:34.229000
446313939,Reader_Community,4.08,Official community discussion thread with 28 total reviews.,2026-09-11 04:23:34.229000
684873168,Reader_Community,4.08,Official community discussion thread with 84 total reviews.,2026-09-11 04:23:34.229000
143038095,Reader_Community,3.92,Official community discussion thread with 7255 total reviews.,2026-09-11 04:23:34.229000
679882812,Reader_Community,4.08,Official community discussion thread with 731 total reviews.,2026-09-11 04:23:34.229000
394800915,Reader_Community,4.17,Official community discussion thread with 351 total reviews.,2026-09-11 04:23:34.229000
394800761,Reader_Community,4.13,Official community discussion thread with 262 total reviews.,2026-09-11 04:23:34.229000
394800834,Reader_Community,4.06,Official community discussion thread with 253 total reviews.,2026-09-11 04:23:34.229000
679891110,Reader_Community,4.17,Official community discussion thread with 4 total reviews.,2026-09-11 04:23:34.229000
679800034,Reader_Community,4.18,Official community discussion thread with 1207 total reviews.,2026-09-11 04:23:34.229000
039484484X,Reader_Community,4.04,Official community discussion thread with 324 total reviews.,2026-09-11 04:23:34.229000
7175221,Reader_Community,4.01,Official community discussion thread with 162 total reviews.,2026-09-11 04:23:34.229000
679889108,Reader_Community,4.35,Official community discussion thread with 3532 total reviews.,2026-09-11 04:23:34.229000
7158513,Reader_Community,4.2,Official community discussion thread with 444 total reviews.,2026-09-11 04:23:34.229000
1930332351,Reader_Community,4.18,Official community discussion thread with 4 total reviews.,2026-09-11 04:23:34.229000
807218731,Reader_Community,4.42,Official community discussion thread with 160 total reviews.,2026-09-11 04:23:34.229000
679867120,Reader_Community,3.87,Official community discussion thread with 137 total reviews.,2026-09-11 04:23:34.229000
1565847040,Reader_Community,4.16,Official community discussion thread with 102 total reviews.,2026-09-11 04:23:34.229000
865164711,Reader_Community,4.17,Official community discussion thread with 9 total reviews.,2026-09-11 04:23:34.229000
7169973,Reader_Community,4.12,Official community discussion thread with 494 total reviews.,2026-09-11 04:23:34.229000
62516590,Reader_Community,3.95,Official community discussion thread with 220 total reviews.,2026-09-11 04:23:34.229000
141185260,Reader_Community,4.15,Official community discussion thread with 1610 total reviews.,2026-09-11 04:23:34.229000
691089574,Reader_Community,4.22,Official community discussion thread with 22 total reviews.,2026-09-11 04:23:34.229000
1883011191,Reader_Community,4.41,Official community discussion thread with 39 total reviews.,2026-09-11 04:23:34.229000
747553467,Reader_Community,3.67,Official community discussion thread with 3 total reviews.,2026-09-11 04:23:34.229000
1400078431,Reader_Community,3.89,Official community discussion thread with 8711 total reviews.,2026-09-11 04:23:34.229000
940322781,Reader_Community,4.01,Official community discussion thread with 26 total reviews.,2026-09-11 04:23:34.229000
679745394,Reader_Community,3.83,Official community discussion thread with 100 total reviews.,2026-09-11 04:23:34.229000
8520918867,Reader_Community,3.89,Official community discussion thread with 9 total reviews.,2026-09-11 04:23:34.229000
740720120,Reader_Community,4.35,Official community discussion thread with 1 total reviews.,2026-09-11 04:23:34.229000
740721941,Reader_Community,4.01,Official community discussion thread with 11 total reviews.,2026-09-11 04:23:34.229000
140620621,Reader_Community,3.5,Official community discussion thread with 78 total reviews.,2026-09-11 04:23:34.229000
142000086,Reader_Community,3.5,Official community discussion thread with 165 total reviews.,2026-09-11 04:23:34.229000
067978327X,Reader_Community,3.5,Official community discussion thread with 87 total reviews.,2026-09-11 04:23:34.229000
810119110,Reader_Community,3.5,Official community discussion thread with 19 total reviews.,2026-09-11 04:23:34.230000
385492162,Reader_Community,3.88,Official community discussion thread with 661 total reviews.,2026-09-11 04:23:34.230000
1844670228,Reader_Community,3.92,Official community discussion thread with 173 total reviews.,2026-09-11 04:23:34.230000
1859843824,Reader_Community,4.11,Official community discussion thread with 101 total reviews.,2026-09-11 04:23:34.230000
1931859353,Reader_Community,4.08,Official community discussion thread with 22 total reviews.,2026-09-11 04:23:34.230000
743265696,Reader_Community,4.0,Official community discussion thread with 49 total reviews.,2026-09-11 04:23:34.230000
752864327,Reader_Community,4.02,Official community discussion thread with 3556 total reviews.,2026-09-11 04:23:34.230000
140307370,Reader_Community,4.22,Official community discussion thread with 1 total reviews.,2026-09-11 04:23:34.230000
64405443,Reader_Community,4.31,Official community discussion thread with 155 total reviews.,2026-09-11 04:23:34.230000
64405451,Reader_Community,4.14,Official community discussion thread with 148 total reviews.,2026-09-11 04:23:34.230000
64400999,Reader_Community,4.18,Official community discussion thread with 186 total reviews.,2026-09-11 04:23:34.230000
971316821,Reader_Community,4.29,Official community discussion thread with 8 total reviews.,2026-09-11 04:23:34.230000
873512693,Reader_Community,3.69,Official community discussion thread with 30 total reviews.,2026-09-11 04:23:34.230000
006440546X,Reader_Community,4.31,Official community discussion thread with 119 total reviews.,2026-09-11 04:23:34.230000
64405478,Reader_Community,4.17,Official community discussion thread with 126 total reviews.,2026-09-11 04:23:34.230000
690134495,Reader_Community,4.21,Official community discussion thread with 7 total reviews.,2026-09-11 04:23:34.230000
64408582,Reader_Community,4.23,Official community discussion thread with 151 total reviews.,2026-09-11 04:23:34.230000
64400964,Reader_Community,4.07,Official community discussion thread with 935 total reviews.,2026-09-11 04:23:34.230000
1416916172,Reader_Community,4.03,Official community discussion thread with 395 total reviews.,2026-09-11 04:23:34.230000
044040035X,Reader_Community,3.92,Official community discussion thread with 7 total reviews.,2026-09-11 04:23:34.230000
929093097,Reader_Community,4.28,Official community discussion thread with 65 total reviews.,2026-09-11 04:23:34.230000
385732953,Reader_Community,4.22,Official community discussion thread with 836 total reviews.,2026-09-11 04:23:34.230000
20419708,Reader_Community,4.15,Official community discussion thread with 37 total reviews.,2026-09-11 04:23:34.230000
688320147,Reader_Community,4.09,Official community discussion thread with 3 total reviews.,2026-09-11 04:23:34.230000
765316110,Reader_Community,3.43,Official community discussion thread with 756 total reviews.,2026-09-11 04:23:34.230000
765309041,Reader_Community,3.9,Official community discussion thread with 337 total reviews.,2026-09-11 04:23:34.230000
765347989,Reader_Community,3.84,Official community discussion thread with 496 total reviews.,2026-09-11 04:23:34.230000
765341174,Reader_Community,3.88,Official community discussion thread with 1004 total reviews.,2026-09-11 04:23:34.230000
765341298,Reader_Community,3.85,Official community discussion thread with 514 total reviews.,2026-09-11 04:23:34.230000
898794161,Reader_Community,3.9,Official community discussion thread with 66 total reviews.,2026-09-11 04:23:34.230000
312876068,Reader_Community,3.54,Official community discussion thread with 268 total reviews.,2026-09-11 04:23:34.230000
61093998,Reader_Community,3.39,Official community discussion thread with 167 total reviews.,2026-09-11 04:23:34.230000
076534128X,Reader_Community,3.84,Official community discussion thread with 617 total reviews.,2026-09-11 04:23:34.230000
812550757,Reader_Community,4.07,Official community discussion thread with 6637 total reviews.,2026-09-11 04:23:34.230000
812524268,Reader_Community,3.79,Official community discussion thread with 427 total reviews.,2026-09-11 04:23:34.230000
812532619,Reader_Community,3.58,Official community discussion thread with 164 total reviews.,2026-09-11 04:23:34.230000
1593974809,Reader_Community,3.95,Official community discussion thread with 19 total reviews.,2026-09-11 04:23:34.230000
345482409,Reader_Community,3.9,Official community discussion thread with 2199 total reviews.,2026-09-11 04:23:34.230000
399245499,Reader_Community,4.13,Official community discussion thread with 69 total reviews.,2026-09-11 04:23:34.230000
399242082,Reader_Community,4.12,Official community discussion thread with 11 total reviews.,2026-09-11 04:23:34.230000
142501522,Reader_Community,4.07,Official community discussion thread with 240 total reviews.,2026-09-11 04:23:34.230000
142501093,Reader_Community,4.0,Official community discussion thread with 144 total reviews.,2026-09-11 04:23:34.230000
1862301387,Reader_Community,4.12,Official community discussion thread with 2604 total reviews.,2026-09-11 04:23:34.230000
142501182,Reader_Community,3.98,Official community discussion thread with 261 total reviews.,2026-09-11 04:23:34.231000
142401420,Reader_Community,3.92,Official community discussion thread with 188 total reviews.,2026-09-11 04:23:34.231000
142402486,Reader_Community,3.99,Official community discussion thread with 119 total reviews.,2026-09-11 04:23:34.231000
142401986,Reader_Community,4.13,Official community discussion thread with 43 total reviews.,2026-09-11 04:23:34.231000
084317420X,Reader_Community,3.95,Official community discussion thread with 29 total reviews.,2026-09-11 04:23:34.231000
843121106,Reader_Community,3.65,Official community discussion thread with 17 total reviews.,2026-09-11 04:23:34.231000
843178388,Reader_Community,4.03,Official community discussion thread with 74 total reviews.,2026-09-11 04:23:34.231000
843121319,Reader_Community,4.02,Official community discussion thread with 11 total reviews.,2026-09-11 04:23:34.231000
843175044,Reader_Community,3.82,Official community discussion thread with 21 total reviews.,2026-09-11 04:23:34.231000
084312492X,Reader_Community,3.82,Official community discussion thread with 12 total reviews.,2026-09-11 04:23:34.231000
385074573,Reader_Community,4.37,Official community discussion thread with 9 total reviews.,2026-09-11 04:23:34.231000
689707495,Reader_Community,4.16,Official community discussion thread with 2038 total reviews.,2026-09-11 04:23:34.231000
689305648,Reader_Community,3.8,Official community discussion thread with 1 total reviews.,2026-09-11 04:23:34.231000
60753102,Reader_Community,4.05,Official community discussion thread with 478 total reviews.,2026-09-11 04:23:34.231000
142302333,Reader_Community,4.39,Official community discussion thread with 12 total reviews.,2026-09-11 04:23:34.231000
441012396,Reader_Community,3.89,Official community discussion thread with 1021 total reviews.,2026-09-11 04:23:34.231000
515138819,Reader_Community,3.85,Official community discussion thread with 3519 total reviews.,2026-09-11 04:23:34.231000
441005837,Reader_Community,3.77,Official community discussion thread with 997 total reviews.,2026-09-11 04:23:34.231000
698119606,Reader_Community,3.68,Official community discussion thread with 419 total reviews.,2026-09-11 04:23:34.231000
152000178,Reader_Community,3.36,Official community discussion thread with 78 total reviews.,2026-09-11 04:23:34.231000
451528824,Reader_Community,4.25,Official community discussion thread with 13883 total reviews.,2026-09-11 04:23:34.231000
1419326961,Reader_Community,4.25,Official community discussion thread with 17 total reviews.,2026-09-11 04:23:34.231000
553560689,Reader_Community,3.84,Official community discussion thread with 115 total reviews.,2026-09-11 04:23:34.231000
448400634,Reader_Community,4.23,Official community discussion thread with 12 total reviews.,2026-09-11 04:23:34.231000
679729976,Reader_Community,4.3,Official community discussion thread with 183 total reviews.,2026-09-11 04:23:34.231000
141185872,Reader_Community,4.0,Official community discussion thread with 109 total reviews.,2026-09-11 04:23:34.231000
156027755,Reader_Community,4.34,Official community discussion thread with 83 total reviews.,2026-09-11 04:23:34.231000
1883011183,Reader_Community,4.36,Official community discussion thread with 10 total reviews.,2026-09-11 04:23:34.231000
691024715,Reader_Community,4.33,Official community discussion thread with 22 total reviews.,2026-09-11 04:23:34.231000
811216748,Reader_Community,3.97,Official community discussion thread with 477 total reviews.,2026-09-11 04:23:34.231000
679727221,Reader_Community,3.95,Official community discussion thread with 277 total reviews.,2026-09-11 04:23:34.231000
031235326X,Reader_Community,4.18,Official community discussion thread with 573 total reviews.,2026-09-11 04:23:34.231000
312354606,Reader_Community,3.63,Official community discussion thread with 104 total reviews.,2026-09-11 04:23:34.231000
097216748X,Reader_Community,3.63,Official community discussion thread with 27 total reviews.,2026-09-11 04:23:34.231000
743471229,Reader_Community,3.74,Official community discussion thread with 69 total reviews.,2026-09-11 04:23:34.231000
60278420,Reader_Community,4.3,Official community discussion thread with 48 total reviews.,2026-09-11 04:23:34.231000
1400307848,Reader_Community,3.99,Official community discussion thread with 11 total reviews.,2026-09-11 04:23:34.232000
1400307856,Reader_Community,3.92,Official community discussion thread with 10 total reviews.,2026-09-11 04:23:34.232000
60724919,Reader_Community,4.13,Official community discussion thread with 52 total reviews.,2026-09-11 04:23:34.232000
60885521,Reader_Community,4.2,Official community discussion thread with 98 total reviews.,2026-09-11 04:23:34.232000
64400816,Reader_Community,3.84,Official community discussion thread with 119 total reviews.,2026-09-11 04:23:34.232000
64461963,Reader_Community,4.09,Official community discussion thread with 18 total reviews.,2026-09-11 04:23:34.232000
1400307864,Reader_Community,3.98,Official community discussion thread with 2 total reviews.,2026-09-11 04:23:34.232000
140008279X,Reader_Community,3.96,Official community discussion thread with 31 total reviews.,2026-09-11 04:23:34.232000
226505367,Reader_Community,4.03,Official community discussion thread with 12 total reviews.,2026-09-11 04:23:34.232000
810117495,Reader_Community,4.24,Official community discussion thread with 9 total reviews.,2026-09-11 04:23:34.232000
64407144,Reader_Community,4.15,Official community discussion thread with 39 total reviews.,2026-09-11 04:23:34.232000
380016362,Reader_Community,4.12,Official community discussion thread with 125 total reviews.,2026-09-11 04:23:34.232000
64433730,Reader_Community,4.28,Official community discussion thread with 59 total reviews.,2026-09-11 04:23:34.232000
60565098,Reader_Community,3.89,Official community discussion thread with 13 total reviews.,2026-09-11 04:23:34.232000
006440692X,Reader_Community,4.15,Official community discussion thread with 25 total reviews.,2026-09-11 04:23:34.232000
64434974,Reader_Community,4.18,Official community discussion thread with 31 total reviews.,2026-09-11 04:23:34.232000
64409902,Reader_Community,4.05,Official community discussion thread with 88 total reviews.,2026-09-11 04:23:34.232000
385325339,Reader_Community,3.99,Official community discussion thread with 18 total reviews.,2026-09-11 04:23:34.232000
1558491228,Reader_Community,3.7,Official community discussion thread with 5 total reviews.,2026-09-11 04:23:34.232000
006056508X,Reader_Community,4.19,Official community discussion thread with 12 total reviews.,2026-09-11 04:23:34.232000
60885386,Reader_Community,4.07,Official community discussion thread with 1286 total reviews.,2026-09-11 04:23:34.232000
60885432,Reader_Community,4.19,Official community discussion thread with 646 total reviews.,2026-09-11 04:23:34.232000
64420817,Reader_Community,4.21,Official community discussion thread with 7 total reviews.,2026-09-11 04:23:34.232000
64462048,Reader_Community,4.03,Official community discussion thread with 6 total reviews.,2026-09-11 04:23:34.232000
64434877,Reader_Community,4.2,Official community discussion thread with 72 total reviews.,2026-09-11 04:23:34.232000
60885424,Reader_Community,4.14,Official community discussion thread with 1048 total reviews.,2026-09-11 04:23:34.232000
006443494X,Reader_Community,4.14,Official community discussion thread with 17 total reviews.,2026-09-11 04:23:34.232000
64434982,Reader_Community,4.17,Official community discussion thread with 23 total reviews.,2026-09-11 04:23:34.232000
60885459,Reader_Community,3.89,Official community discussion thread with 533 total reviews.,2026-09-11 04:23:34.232000
64460908,Reader_Community,4.15,Official community discussion thread with 91 total reviews.,2026-09-11 04:23:34.232000
60885394,Reader_Community,4.19,Official community discussion thread with 30 total reviews.,2026-09-11 04:23:34.232000
64401588,Reader_Community,3.96,Official community discussion thread with 32 total reviews.,2026-09-11 04:23:34.232000
60885378,Reader_Community,4.18,Official community discussion thread with 3463 total reviews.,2026-09-11 04:23:34.232000
789422131,Reader_Community,3.85,Official community discussion thread with 2 total reviews.,2026-09-11 04:23:34.232000
756616344,Reader_Community,4.51,Official community discussion thread with 17 total reviews.,2026-09-11 04:23:34.232000
786864028,Reader_Community,4.32,Official community discussion thread with 2 total reviews.,2026-09-11 04:23:34.232000
9707705736,Reader_Community,3.69,Official community discussion thread with 4 total reviews.,2026-09-11 04:23:34.232000
375875263,Reader_Community,3.27,Official community discussion thread with 82 total reviews.,2026-09-11 04:23:34.233000
60598972,Reader_Community,4.08,Official community discussion thread with 202 total reviews.,2026-09-11 04:23:34.233000
1581345267,Reader_Community,3.94,Official community discussion thread with 221 total reviews.,2026-09-11 04:23:34.233000
922729360,Reader_Community,4.21,Official community discussion thread with 6 total reviews.,2026-09-11 04:23:34.233000
385410786,Reader_Community,4.31,Official community discussion thread with 22 total reviews.,2026-09-11 04:23:34.233000
1857151372,Reader_Community,4.12,Official community discussion thread with 6 total reviews.,2026-09-11 04:23:34.233000
009974421X,Reader_Community,4.12,Official community discussion thread with 27 total reviews.,2026-09-11 04:23:34.233000
807011010,Reader_Community,3.84,Official community discussion thread with 7 total reviews.,2026-09-11 04:23:34.233000
195181301,Reader_Community,4.01,Official community discussion thread with 133 total reviews.,2026-09-11 04:23:34.233000
1557091846,Reader_Community,3.82,Official community discussion thread with 100 total reviews.,2026-09-11 04:23:34.233000
448431459,Reader_Community,4.07,Official community discussion thread with 80 total reviews.,2026-09-11 04:23:34.233000
034542705X,Reader_Community,4.12,Official community discussion thread with 206 total reviews.,2026-09-11 04:23:34.233000
399154000,Reader_Community,3.87,Official community discussion thread with 252 total reviews.,2026-09-11 04:23:34.233000
425194981,Reader_Community,4.0,Official community discussion thread with 94 total reviews.,2026-09-11 04:23:34.233000
425201910,Reader_Community,3.94,Official community discussion thread with 63 total reviews.,2026-09-11 04:23:34.233000
425194973,Reader_Community,3.97,Official community discussion thread with 124 total reviews.,2026-09-11 04:23:34.233000
425210766,Reader_Community,3.98,Official community discussion thread with 93 total reviews.,2026-09-11 04:23:34.233000
425206955,Reader_Community,4.07,Official community discussion thread with 129 total reviews.,2026-09-11 04:23:34.233000
042519938X,Reader_Community,3.99,Official community discussion thread with 133 total reviews.,2026-09-11 04:23:34.233000
425196739,Reader_Community,3.82,Official community discussion thread with 60 total reviews.,2026-09-11 04:23:34.233000
425208850,Reader_Community,4.0,Official community discussion thread with 84 total reviews.,2026-09-11 04:23:34.233000
515123463,Reader_Community,4.04,Official community discussion thread with 113 total reviews.,2026-09-11 04:23:34.233000
425199932,Reader_Community,4.05,Official community discussion thread with 128 total reviews.,2026-09-11 04:23:34.233000
425199169,Reader_Community,3.89,Official community discussion thread with 113 total reviews.,2026-09-11 04:23:34.233000
042520846X,Reader_Community,4.05,Official community discussion thread with 143 total reviews.,2026-09-11 04:23:34.233000
042519745X,Reader_Community,3.9,Official community discussion thread with 177 total reviews.,2026-09-11 04:23:34.233000
425199835,Reader_Community,3.83,Official community discussion thread with 54 total reviews.,2026-09-11 04:23:34.233000
425196747,Reader_Community,3.91,Official community discussion thread with 154 total reviews.,2026-09-11 04:23:34.233000
042519499X,Reader_Community,3.73,Official community discussion thread with 85 total reviews.,2026-09-11 04:23:34.233000
449221393,Reader_Community,3.96,Official community discussion thread with 107 total reviews.,2026-09-11 04:23:34.233000
515125601,Reader_Community,3.97,Official community discussion thread with 89 total reviews.,2026-09-11 04:23:34.233000
425202887,Reader_Community,4.04,Official community discussion thread with 121 total reviews.,2026-09-11 04:23:34.233000
425207188,Reader_Community,4.01,Official community discussion thread with 134 total reviews.,2026-09-11 04:23:34.233000
425197050,Reader_Community,3.96,Official community discussion thread with 4 total reviews.,2026-09-11 04:23:34.233000
425198006,Reader_Community,4.06,Official community discussion thread with 130 total reviews.,2026-09-11 04:23:34.233000
718132386,Reader_Community,4.06,Official community discussion thread with 132 total reviews.,2026-09-11 04:23:34.233000
425203549,Reader_Community,4.1,Official community discussion thread with 143 total reviews.,2026-09-11 04:23:34.233000
449213307,Reader_Community,3.59,Official community discussion thread with 2 total reviews.,2026-09-11 04:23:34.233000
449220494,Reader_Community,3.79,Official community discussion thread with 3 total reviews.,2026-09-11 04:23:34.233000
515125512,Reader_Community,4.06,Official community discussion thread with 4 total reviews.,2026-09-11 04:23:34.234000
399244913,Reader_Community,4.15,Official community discussion thread with 205 total reviews.,2026-09-11 04:23:34.234000
1861979339,Reader_Community,3.33,Official community discussion thread with 30 total reviews.,2026-09-11 04:23:34.234000
778801462,Reader_Community,4.25,Official community discussion thread with 16 total reviews.,2026-09-11 04:23:34.234000
393325172,Reader_Community,4.1,Official community discussion thread with 95 total reviews.,2026-09-11 04:23:34.234000
393325539,Reader_Community,3.97,Official community discussion thread with 13 total reviews.,2026-09-11 04:23:34.234000
786177837,Reader_Community,4.32,Official community discussion thread with 80 total reviews.,2026-09-11 04:23:34.234000
60584084,Reader_Community,3.8,Official community discussion thread with 31 total reviews.,2026-09-11 04:23:34.234000
1582432902,Reader_Community,3.57,Official community discussion thread with 89 total reviews.,2026-09-11 04:23:34.234000
385337639,Reader_Community,3.88,Official community discussion thread with 1591 total reviews.,2026-09-11 04:23:34.234000
312861877,Reader_Community,3.79,Official community discussion thread with 3139 total reviews.,2026-09-11 04:23:34.234000
786712341,Reader_Community,4.01,Official community discussion thread with 6 total reviews.,2026-09-11 04:23:34.234000
142002720,Reader_Community,3.92,Official community discussion thread with 4 total reviews.,2026-09-11 04:23:34.234000
8497643658,Reader_Community,4.33,Official community discussion thread with 11 total reviews.,2026-09-11 04:23:34.234000
553383531,Reader_Community,3.55,Official community discussion thread with 262 total reviews.,2026-09-11 04:23:34.234000
684845776,Reader_Community,4.23,Official community discussion thread with 420 total reviews.,2026-09-11 04:23:34.234000
721601944,Reader_Community,4.33,Official community discussion thread with 6 total reviews.,2026-09-11 04:23:34.234000
055337933X,Reader_Community,4.03,Official community discussion thread with 1139 total reviews.,2026-09-11 04:23:34.234000
1842430351,Reader_Community,4.25,Official community discussion thread with 2721 total reviews.,2026-09-11 04:23:34.234000
345418905,Reader_Community,4.2,Official community discussion thread with 2192 total reviews.,2026-09-11 04:23:34.234000
330491237,Reader_Community,4.09,Official community discussion thread with 1394 total reviews.,2026-09-11 04:23:34.234000
739332074,Reader_Community,4.22,Official community discussion thread with 95 total reviews.,2026-09-11 04:23:34.234000
2290053651,Reader_Community,3.6,Official community discussion thread with 152 total reviews.,2026-09-11 04:23:34.234000
330491199,Reader_Community,4.22,Official community discussion thread with 306 total reviews.,2026-09-11 04:23:34.234000
517599244,Reader_Community,4.35,Official community discussion thread with 19 total reviews.,2026-09-11 04:23:34.234000
2864603497,Reader_Community,4.27,Official community discussion thread with 86 total reviews.,2026-09-11 04:23:34.234000
385517211,Reader_Community,3.7,Official community discussion thread with 90 total reviews.,2026-09-11 04:23:34.234000
1594865671,Reader_Community,3.77,Official community discussion thread with 433 total reviews.,2026-09-11 04:23:34.234000
140260897,Reader_Community,3.99,Official community discussion thread with 94 total reviews.,2026-09-11 04:23:34.234000
375708766,Reader_Community,4.21,Official community discussion thread with 430 total reviews.,2026-09-11 04:23:34.234000
375708731,Reader_Community,4.07,Official community discussion thread with 526 total reviews.,2026-09-11 04:23:34.234000
375758739,Reader_Community,4.04,Official community discussion thread with 947 total reviews.,2026-09-11 04:23:34.234000
965193772,Reader_Community,4.04,Official community discussion thread with 3 total reviews.,2026-09-11 04:23:34.234000
068485256X,Reader_Community,4.16,Official community discussion thread with 454 total reviews.,2026-09-11 04:23:34.234000
373692285,Reader_Community,3.59,Official community discussion thread with 5 total reviews.,2026-09-11 04:23:34.234000
312936915,Reader_Community,4.01,Official community discussion thread with 271 total reviews.,2026-09-11 04:23:34.234000
571178561,Reader_Community,4.16,Official community discussion thread with 14 total reviews.,2026-09-11 04:23:34.234000
1844080080,Reader_Community,3.83,Official community discussion thread with 84 total reviews.,2026-09-11 04:23:34.234000
688172377,Reader_Community,4.15,Official community discussion thread with 735 total reviews.,2026-09-11 04:23:34.234000
1844082520,Reader_Community,3.71,Official community discussion thread with 25 total reviews.,2026-09-11 04:23:34.234000
582435676,Reader_Community,3.84,Official community discussion thread with 9 total reviews.,2026-09-11 04:23:34.235000
91881803,Reader_Community,3.16,Official community discussion thread with 12 total reviews.,2026-09-11 04:23:34.235000
307264556,Reader_Community,3.69,Official community discussion thread with 4719 total reviews.,2026-09-11 04:23:34.235000
345487427,Reader_Community,4.03,Official community discussion thread with 53 total reviews.,2026-09-11 04:23:34.235000
789488779,Reader_Community,4.04,Official community discussion thread with 3 total reviews.,2026-09-11 04:23:34.235000
60245603,Reader_Community,4.16,Official community discussion thread with 518 total reviews.,2026-09-11 04:23:34.235000
789479311,Reader_Community,3.79,Official community discussion thread with 6 total reviews.,2026-09-11 04:23:34.235000
807588970,Reader_Community,3.98,Official community discussion thread with 4 total reviews.,2026-09-11 04:23:34.235000
786818727,Reader_Community,4.0,Official community discussion thread with 7 total reviews.,2026-09-11 04:23:34.235000
61131520,Reader_Community,3.45,Official community discussion thread with 491 total reviews.,2026-09-11 04:23:34.235000
439401879,Reader_Community,4.14,Official community discussion thread with 219 total reviews.,2026-09-11 04:23:34.235000
8439710097,Reader_Community,3.63,Official community discussion thread with 1 total reviews.,2026-09-11 04:23:34.235000
486428400,Reader_Community,4.31,Official community discussion thread with 54 total reviews.,2026-09-11 04:23:34.235000
486437450,Reader_Community,4.26,Official community discussion thread with 30 total reviews.,2026-09-11 04:23:34.235000
486280233,Reader_Community,4.14,Official community discussion thread with 19 total reviews.,2026-09-11 04:23:34.235000
393315088,Reader_Community,3.71,Official community discussion thread with 293 total reviews.,2026-09-11 04:23:34.235000
141182601,Reader_Community,3.99,Official community discussion thread with 524 total reviews.,2026-09-11 04:23:34.235000
014027409X,Reader_Community,3.99,Official community discussion thread with 124 total reviews.,2026-09-11 04:23:34.235000
345316413X,Reader_Community,3.99,Official community discussion thread with 7 total reviews.,2026-09-11 04:23:34.235000
413735907,Reader_Community,3.84,Official community discussion thread with 2 total reviews.,2026-09-11 04:23:34.235000
786706317,Reader_Community,3.82,Official community discussion thread with 51 total reviews.,2026-09-11 04:23:34.235000
393316025,Reader_Community,3.62,Official community discussion thread with 39 total reviews.,2026-09-11 04:23:34.235000
99468646,Reader_Community,4.16,Official community discussion thread with 157 total reviews.,2026-09-11 04:23:34.235000
552771236,Reader_Community,3.75,Official community discussion thread with 211 total reviews.,2026-09-11 04:23:34.235000
055277183X,Reader_Community,3.72,Official community discussion thread with 69 total reviews.,2026-09-11 04:23:34.235000
805079130,Reader_Community,4.02,Official community discussion thread with 27 total reviews.,2026-09-11 04:23:34.235000
2070513289,Reader_Community,4.31,Official community discussion thread with 19 total reviews.,2026-09-11 04:23:34.235000
743477103,Reader_Community,3.9,Official community discussion thread with 7791 total reviews.,2026-09-11 04:23:34.235000
812035712,Reader_Community,3.9,Official community discussion thread with 20 total reviews.,2026-09-11 04:23:34.235000
446606987,Reader_Community,3.79,Official community discussion thread with 188 total reviews.,2026-09-11 04:23:34.235000
446614890,Reader_Community,3.83,Official community discussion thread with 204 total reviews.,2026-09-11 04:23:34.235000
446614726,Reader_Community,3.83,Official community discussion thread with 321 total reviews.,2026-09-11 04:23:34.235000
764586025,Reader_Community,3.59,Official community discussion thread with 2 total reviews.,2026-09-11 04:23:34.235000
446608289,Reader_Community,3.8,Official community discussion thread with 167 total reviews.,2026-09-11 04:23:34.235000
60088745,Reader_Community,4.09,Official community discussion thread with 252 total reviews.,2026-09-11 04:23:34.235000
448439042,Reader_Community,4.05,Official community discussion thread with 94 total reviews.,2026-09-11 04:23:34.235000
517209489,Reader_Community,3.95,Official community discussion thread with 14 total reviews.,2026-09-11 04:23:34.235000
60086211,Reader_Community,3.62,Official community discussion thread with 1 total reviews.,2026-09-11 04:23:34.235000
1569716684,Reader_Community,2.62,Official community discussion thread with 2 total reviews.,2026-09-11 04:23:34.235000
60086203,Reader_Community,2.92,Official community discussion thread with 2 total reviews.,2026-09-11 04:23:34.235000
345251679,Reader_Community,3.0,Official community discussion thread with 2 total reviews.,2026-09-11 04:23:34.235000
345251229,Reader_Community,3.33,Official community discussion thread with 1 total reviews.,2026-09-11 04:23:34.236000
184023380X,Reader_Community,3.28,Official community discussion thread with 1 total reviews.,2026-09-11 04:23:34.236000
891901639,Reader_Community,3.66,Official community discussion thread with 10 total reviews.,2026-09-11 04:23:34.236000
307346609,Reader_Community,4.01,Official community discussion thread with 20582 total reviews.,2026-09-11 04:23:34.236000
375759239,Reader_Community,3.82,Official community discussion thread with 4549 total reviews.,2026-09-11 04:23:34.236000
805076239,Reader_Community,4.2,Official community discussion thread with 44 total reviews.,2026-09-11 04:23:34.236000
688085873,Reader_Community,3.95,Official community discussion thread with 41 total reviews.,2026-09-11 04:23:34.236000
517052253,Reader_Community,4.14,Official community discussion thread with 1 total reviews.,2026-09-11 04:23:34.236000
486215318,Reader_Community,3.84,Official community discussion thread with 4 total reviews.,2026-09-11 04:23:34.236000
439574277,Reader_Community,3.64,Official community discussion thread with 23 total reviews.,2026-09-11 04:23:34.236000
451528018,Reader_Community,4.11,Official community discussion thread with 4802 total reviews.,2026-09-11 04:23:34.236000
9626343346,Reader_Community,4.11,Official community discussion thread with 20 total reviews.,2026-09-11 04:23:34.236000
763630640,Reader_Community,4.11,Official community discussion thread with 7 total reviews.,2026-09-11 04:23:34.236000
1596792507,Reader_Community,4.51,Official community discussion thread with 1 total reviews.,2026-09-11 04:23:34.236000
1401301959,Reader_Community,4.01,Official community discussion thread with 90 total reviews.,2026-09-11 04:23:34.236000
1401301940,Reader_Community,4.07,Official community discussion thread with 51 total reviews.,2026-09-11 04:23:34.236000
316016659,Reader_Community,4.18,Official community discussion thread with 350 total reviews.,2026-09-11 04:23:34.236000
439286069,Reader_Community,4.01,Official community discussion thread with 4153 total reviews.,2026-09-11 04:23:34.236000
142002267,Reader_Community,3.82,Official community discussion thread with 597 total reviews.,2026-09-11 04:23:34.236000
316905747,Reader_Community,4.16,Official community discussion thread with 587 total reviews.,2026-09-11 04:23:34.236000
1577780728,Reader_Community,4.21,Official community discussion thread with 271 total reviews.,2026-09-11 04:23:34.236000
316000957,Reader_Community,4.25,Official community discussion thread with 525 total reviews.,2026-09-11 04:23:34.236000
446695602,Reader_Community,4.12,Official community discussion thread with 32 total reviews.,2026-09-11 04:23:34.236000
1560258012,Reader_Community,3.17,Official community discussion thread with 25 total reviews.,2026-09-11 04:23:34.236000
226063127,Reader_Community,3.88,Official community discussion thread with 18 total reviews.,2026-09-11 04:23:34.236000
1577782089,Reader_Community,4.06,Official community discussion thread with 29 total reviews.,2026-09-11 04:23:34.236000
823016625,Reader_Community,4.06,Official community discussion thread with 1 total reviews.,2026-09-11 04:23:34.236000
976249871,Reader_Community,3.69,Official community discussion thread with 7 total reviews.,2026-09-11 04:23:34.236000
1588993000,Reader_Community,3.55,Official community discussion thread with 9 total reviews.,2026-09-11 04:23:34.236000
1583227202,Reader_Community,4.03,Official community discussion thread with 175 total reviews.,2026-09-11 04:23:34.236000
767916034,Reader_Community,3.72,Official community discussion thread with 751 total reviews.,2026-09-11 04:23:34.236000
806527285,Reader_Community,3.51,Official community discussion thread with 4140 total reviews.,2026-09-11 04:23:34.236000
316779237,Reader_Community,3.92,Official community discussion thread with 251 total reviews.,2026-09-11 04:23:34.236000
1592289444,Reader_Community,4.21,Official community discussion thread with 1766 total reviews.,2026-09-11 04:23:34.236000
451196716,Reader_Community,4.11,Official community discussion thread with 4453 total reviews.,2026-09-11 04:23:34.236000
1586216880,Reader_Community,4.33,Official community discussion thread with 16 total reviews.,2026-09-11 04:23:34.236000
1879373564,Reader_Community,3.45,Official community discussion thread with 11 total reviews.,2026-09-11 04:23:34.236000
553813536,Reader_Community,3.99,Official community discussion thread with 207 total reviews.,2026-09-11 04:23:34.236000
385602731,Reader_Community,3.99,Official community discussion thread with 37 total reviews.,2026-09-11 04:23:34.237000
394705122,Reader_Community,4.05,Official community discussion thread with 71 total reviews.,2026-09-11 04:23:34.237000
1886363064,Reader_Community,4.0,Official community discussion thread with 2 total reviews.,2026-09-11 04:23:34.237000
226348180,Reader_Community,3.89,Official community discussion thread with 5 total reviews.,2026-09-11 04:23:34.237000
312182627,Reader_Community,3.29,Official community discussion thread with 2 total reviews.,2026-09-11 04:23:34.237000
1415929017,Reader_Community,3.78,Official community discussion thread with 135 total reviews.,2026-09-11 04:23:34.237000
140004684X,Reader_Community,3.93,Official community discussion thread with 259 total reviews.,2026-09-11 04:23:34.237000
380794772,Reader_Community,4.13,Official community discussion thread with 355 total reviews.,2026-09-11 04:23:34.237000
975323113,Reader_Community,4.3,Official community discussion thread with 8 total reviews.,2026-09-11 04:23:34.237000
079227363X,Reader_Community,4.24,Official community discussion thread with 31 total reviews.,2026-09-11 04:23:34.237000
1584281405,Reader_Community,3.62,Official community discussion thread with 1 total reviews.,2026-09-11 04:23:34.237000
749934425,Reader_Community,4.39,Official community discussion thread with 9 total reviews.,2026-09-11 04:23:34.237000
2266082655,Reader_Community,4.08,Official community discussion thread with 3 total reviews.,2026-09-11 04:23:34.237000
1842161903,Reader_Community,4.08,Official community discussion thread with 2 total reviews.,2026-09-11 04:23:34.237000
393955680,Reader_Community,4.08,Official community discussion thread with 13 total reviews.,2026-09-11 04:23:34.237000
393927547,Reader_Community,4.08,Official community discussion thread with 52 total reviews.,2026-09-11 04:23:34.237000
192807293,Reader_Community,4.08,Official community discussion thread with 78 total reviews.,2026-09-11 04:23:34.237000
231121253,Reader_Community,3.95,Official community discussion thread with 6 total reviews.,2026-09-11 04:23:34.237000
486218430,Reader_Community,4.38,Official community discussion thread with 27 total reviews.,2026-09-11 04:23:34.237000
074326407X,Reader_Community,4.35,Official community discussion thread with 40 total reviews.,2026-09-11 04:23:34.237000
688152023,Reader_Community,4.01,Official community discussion thread with 10 total reviews.,2026-09-11 04:23:34.237000
789460971,Reader_Community,4.18,Official community discussion thread with 5 total reviews.,2026-09-11 04:23:34.237000
448435365,Reader_Community,4.07,Official community discussion thread with 14 total reviews.,2026-09-11 04:23:34.237000
448437694,Reader_Community,4.06,Official community discussion thread with 4 total reviews.,2026-09-11 04:23:34.237000
448442515,Reader_Community,3.92,Official community discussion thread with 8 total reviews.,2026-09-11 04:23:34.237000
385033982,Reader_Community,4.0,Official community discussion thread with 12 total reviews.,2026-09-11 04:23:34.237000
764525689,Reader_Community,4.01,Official community discussion thread with 6 total reviews.,2026-09-11 04:23:34.237000
803729782,Reader_Community,3.72,Official community discussion thread with 13 total reviews.,2026-09-11 04:23:34.237000
044844013X,Reader_Community,3.88,Official community discussion thread with 1 total reviews.,2026-09-11 04:23:34.237000
811856984,Reader_Community,4.33,Official community discussion thread with 1 total reviews.,2026-09-11 04:23:34.237000
500203520,Reader_Community,3.74,Official community discussion thread with 6 total reviews.,2026-09-11 04:23:34.237000
081301395X,Reader_Community,4.47,Official community discussion thread with 1 total reviews.,2026-09-11 04:23:34.237000
970016409,Reader_Community,3.69,Official community discussion thread with 2 total reviews.,2026-09-11 04:23:34.237000
970016417,Reader_Community,3.5,Official community discussion thread with 3 total reviews.,2026-09-11 04:23:34.237000
811201082,Reader_Community,3.81,Official community discussion thread with 29 total reviews.,2026-09-11 04:23:34.237000
440235162,Reader_Community,4.06,Official community discussion thread with 694 total reviews.,2026-09-11 04:23:34.237000
9500717638,Reader_Community,4.23,Official community discussion thread with 18 total reviews.,2026-09-11 04:23:34.237000
60086246,Reader_Community,3.81,Official community discussion thread with 686 total reviews.,2026-09-11 04:23:34.238000
60731303,Reader_Community,3.92,Official community discussion thread with 45 total reviews.,2026-09-11 04:23:34.238000
99489988,Reader_Community,3.78,Official community discussion thread with 1233 total reviews.,2026-09-11 04:23:34.238000
60090383,Reader_Community,3.95,Official community discussion thread with 1223 total reviews.,2026-09-11 04:23:34.238000
60090375,Reader_Community,3.77,Official community discussion thread with 690 total reviews.,2026-09-11 04:23:34.238000
60787031,Reader_Community,3.82,Official community discussion thread with 42 total reviews.,2026-09-11 04:23:34.238000
1902602323,Reader_Community,3.29,Official community discussion thread with 52 total reviews.,2026-09-11 04:23:34.238000
1421504618,Reader_Community,4.6,Official community discussion thread with 151 total reviews.,2026-09-11 04:23:34.238000
1421501759,Reader_Community,4.56,Official community discussion thread with 208 total reviews.,2026-09-11 04:23:34.238000
552995886,Reader_Community,4.23,Official community discussion thread with 112 total reviews.,2026-09-11 04:23:34.238000
1400043182,Reader_Community,4.23,Official community discussion thread with 49 total reviews.,2026-09-11 04:23:34.238000
743285026,Reader_Community,3.82,Official community discussion thread with 349 total reviews.,2026-09-11 04:23:34.238000
743285018,Reader_Community,3.88,Official community discussion thread with 236 total reviews.,2026-09-11 04:23:34.238000
743211995,Reader_Community,3.91,Official community discussion thread with 229 total reviews.,2026-09-11 04:23:34.238000
895260905,Reader_Community,3.32,Official community discussion thread with 4 total reviews.,2026-09-11 04:23:34.238000
345425928,Reader_Community,3.55,Official community discussion thread with 36 total reviews.,2026-09-11 04:23:34.238000
812930347,Reader_Community,3.8,Official community discussion thread with 33 total reviews.,2026-09-11 04:23:34.238000
743270681,Reader_Community,3.47,Official community discussion thread with 35 total reviews.,2026-09-11 04:23:34.238000
345479726,Reader_Community,3.63,Official community discussion thread with 1371 total reviews.,2026-09-11 04:23:34.238000
525948929,Reader_Community,3.69,Official community discussion thread with 136 total reviews.,2026-09-11 04:23:34.238000
452286360,Reader_Community,3.69,Official community discussion thread with 51 total reviews.,2026-09-11 04:23:34.238000
451171926,Reader_Community,3.69,Official community discussion thread with 128 total reviews.,2026-09-11 04:23:34.238000
394415760,Reader_Community,3.69,Official community discussion thread with 12 total reviews.,2026-09-11 04:23:34.238000
1842430343,Reader_Community,4.04,Official community discussion thread with 1014 total reviews.,2026-09-11 04:23:34.238000
449910288,Reader_Community,4.19,Official community discussion thread with 42 total reviews.,2026-09-11 04:23:34.238000
874776317,Reader_Community,4.14,Official community discussion thread with 124 total reviews.,2026-09-11 04:23:34.238000
039332690X,Reader_Community,3.44,Official community discussion thread with 153 total reviews.,2026-09-11 04:23:34.238000
440241413,Reader_Community,3.64,Official community discussion thread with 10079 total reviews.,2026-09-11 04:23:34.238000
044024191X,Reader_Community,3.66,Official community discussion thread with 1867 total reviews.,2026-09-11 04:23:34.238000
440241812,Reader_Community,3.76,Official community discussion thread with 2382 total reviews.,2026-09-11 04:23:34.238000
440241898,Reader_Community,3.78,Official community discussion thread with 2089 total reviews.,2026-09-11 04:23:34.238000
385338708,Reader_Community,3.79,Official community discussion thread with 2070 total reviews.,2026-09-11 04:23:34.238000
552998877,Reader_Community,3.64,Official community discussion thread with 249 total reviews.,2026-09-11 04:23:34.238000
1573223204,Reader_Community,3.24,Official community discussion thread with 59 total reviews.,2026-09-11 04:23:34.238000
252019814,Reader_Community,3.89,Official community discussion thread with 5 total reviews.,2026-09-11 04:23:34.238000
811839745,Reader_Community,3.6,Official community discussion thread with 9 total reviews.,2026-09-11 04:23:34.238000
375757996,Reader_Community,4.24,Official community discussion thread with 51 total reviews.,2026-09-11 04:23:34.238000
691019622,Reader_Community,4.1,Official community discussion thread with 36 total reviews.,2026-09-11 04:23:34.238000
067942895X,Reader_Community,4.42,Official community discussion thread with 245 total reviews.,2026-09-11 04:23:34.239000
198245971,Reader_Community,3.93,Official community discussion thread with 248 total reviews.,2026-09-11 04:23:34.239000
691120528,Reader_Community,4.06,Official community discussion thread with 16 total reviews.,2026-09-11 04:23:34.239000
253209102,Reader_Community,4.18,Official community discussion thread with 3 total reviews.,2026-09-11 04:23:34.239000
872203492,Reader_Community,4.35,Official community discussion thread with 133 total reviews.,2026-09-11 04:23:34.239000
1559343567,Reader_Community,4.33,Official community discussion thread with 1 total reviews.,2026-09-11 04:23:34.239000
439474299,Reader_Community,3.82,Official community discussion thread with 1725 total reviews.,2026-09-11 04:23:34.239000
080755538X,Reader_Community,3.9,Official community discussion thread with 9 total reviews.,2026-09-11 04:23:34.239000
375752196,Reader_Community,4.4,Official community discussion thread with 162 total reviews.,2026-09-11 04:23:34.239000
687002826,Reader_Community,4.27,Official community discussion thread with 131 total reviews.,2026-09-11 04:23:34.239000
1595542329,Reader_Community,4.35,Official community discussion thread with 141 total reviews.,2026-09-11 04:23:34.239000
451200268,Reader_Community,3.8,Official community discussion thread with 116 total reviews.,2026-09-11 04:23:34.239000
393308553,Reader_Community,4.3,Official community discussion thread with 165 total reviews.,2026-09-11 04:23:34.239000
768423481,Reader_Community,4.33,Official community discussion thread with 44 total reviews.,2026-09-11 04:23:34.239000
080282966X,Reader_Community,4.21,Official community discussion thread with 10 total reviews.,2026-09-11 04:23:34.239000
671737694,Reader_Community,4.19,Official community discussion thread with 18 total reviews.,2026-09-11 04:23:34.239000
60957263,Reader_Community,4.47,Official community discussion thread with 78 total reviews.,2026-09-11 04:23:34.239000
349113009,Reader_Community,3.8,Official community discussion thread with 5 total reviews.,2026-09-11 04:23:34.239000
034546401X,Reader_Community,3.43,Official community discussion thread with 2524 total reviews.,2026-09-11 04:23:34.239000
840806701X,Reader_Community,3.43,Official community discussion thread with 6 total reviews.,2026-09-11 04:23:34.239000
156032295,Reader_Community,4.15,Official community discussion thread with 21 total reviews.,2026-09-11 04:23:34.239000
014101380X,Reader_Community,3.68,Official community discussion thread with 5 total reviews.,2026-09-11 04:23:34.239000
618134301,Reader_Community,3.79,Official community discussion thread with 20 total reviews.,2026-09-11 04:23:34.239000
037571457X,Reader_Community,4.25,Official community discussion thread with 8131 total reviews.,2026-09-11 04:23:34.239000
375714669,Reader_Community,4.24,Official community discussion thread with 2308 total reviews.,2026-09-11 04:23:34.239000
375424156,Reader_Community,3.86,Official community discussion thread with 667 total reviews.,2026-09-11 04:23:34.239000
375714677,Reader_Community,3.86,Official community discussion thread with 1121 total reviews.,2026-09-11 04:23:34.239000
753820250,Reader_Community,4.26,Official community discussion thread with 1018 total reviews.,2026-09-11 04:23:34.239000
078683787X,Reader_Community,4.16,Official community discussion thread with 1224 total reviews.,2026-09-11 04:23:34.239000
765342405,Reader_Community,4.31,Official community discussion thread with 4243 total reviews.,2026-09-11 04:23:34.239000
812565959,Reader_Community,3.95,Official community discussion thread with 1419 total reviews.,2026-09-11 04:23:34.239000
345453867,Reader_Community,4.0,Official community discussion thread with 431 total reviews.,2026-09-11 04:23:34.239000
812513738,Reader_Community,4.24,Official community discussion thread with 2471 total reviews.,2026-09-11 04:23:34.239000
1595550445,Reader_Community,4.2,Official community discussion thread with 32 total reviews.,2026-09-11 04:23:34.239000
373802544,Reader_Community,3.79,Official community discussion thread with 868 total reviews.,2026-09-11 04:23:34.239000
62507540,Reader_Community,4.04,Official community discussion thread with 182 total reviews.,2026-09-11 04:23:34.239000
99283573,Reader_Community,4.09,Official community discussion thread with 32 total reviews.,2026-09-11 04:23:34.239000
006062213X,Reader_Community,4.4,Official community discussion thread with 182 total reviews.,2026-09-11 04:23:34.239000
515135968,Reader_Community,4.12,Official community discussion thread with 616 total reviews.,2026-09-11 04:23:34.239000
99448750,Reader_Community,3.86,Official community discussion thread with 128 total reviews.,2026-09-11 04:23:34.239000
99448475,Reader_Community,3.83,Official community discussion thread with 3464 total reviews.,2026-09-11 04:23:34.239000
60851899,Reader_Community,3.25,Official community discussion thread with 26 total reviews.,2026-09-11 04:23:34.240000
184243022X,Reader_Community,4.05,Official community discussion thread with 2286 total reviews.,2026-09-11 04:23:34.240000
184243036X,Reader_Community,3.74,Official community discussion thread with 542 total reviews.,2026-09-11 04:23:34.240000
553107755,Reader_Community,4.03,Official community discussion thread with 38 total reviews.,2026-09-11 04:23:34.240000
3499156717,Reader_Community,4.25,Official community discussion thread with 4 total reviews.,2026-09-11 04:23:34.240000
3499224429,Reader_Community,3.74,Official community discussion thread with 2 total reviews.,2026-09-11 04:23:34.240000
385333471,Reader_Community,3.96,Official community discussion thread with 1127 total reviews.,2026-09-11 04:23:34.240000
385333811,Reader_Community,3.79,Official community discussion thread with 139 total reviews.,2026-09-11 04:23:34.240000
385334141,Reader_Community,4.22,Official community discussion thread with 2316 total reviews.,2026-09-11 04:23:34.240000
385333870,Reader_Community,3.88,Official community discussion thread with 1990 total reviews.,2026-09-11 04:23:34.240000
99267543,Reader_Community,3.72,Official community discussion thread with 822 total reviews.,2026-09-11 04:23:34.240000
385334230,Reader_Community,3.87,Official community discussion thread with 1062 total reviews.,2026-09-11 04:23:34.240000
743410580,Reader_Community,3.72,Official community discussion thread with 52 total reviews.,2026-09-11 04:23:34.240000
385334265,Reader_Community,3.77,Official community discussion thread with 192 total reviews.,2026-09-11 04:23:34.240000
60263199,Reader_Community,3.78,Official community discussion thread with 40 total reviews.,2026-09-11 04:23:34.240000
051712436X,Reader_Community,4.36,Official community discussion thread with 8 total reviews.,2026-09-11 04:23:34.240000
60544880,Reader_Community,4.41,Official community discussion thread with 184 total reviews.,2026-09-11 04:23:34.240000
61131547,Reader_Community,3.72,Official community discussion thread with 338 total reviews.,2026-09-11 04:23:34.240000
553286374,Reader_Community,4.21,Official community discussion thread with 60 total reviews.,2026-09-11 04:23:34.240000
380977265,Reader_Community,4.09,Official community discussion thread with 119 total reviews.,2026-09-11 04:23:34.240000
60859628,Reader_Community,4.08,Official community discussion thread with 98 total reviews.,2026-09-11 04:23:34.240000
1877741094,Reader_Community,4.1,Official community discussion thread with 135 total reviews.,2026-09-11 04:23:34.240000
553112449,Reader_Community,4.13,Official community discussion thread with 12 total reviews.,2026-09-11 04:23:34.240000
743474767,Reader_Community,4.07,Official community discussion thread with 28 total reviews.,2026-09-11 04:23:34.240000
60545844,Reader_Community,4.24,Official community discussion thread with 45 total reviews.,2026-09-11 04:23:34.240000
60777338,Reader_Community,3.73,Official community discussion thread with 122 total reviews.,2026-09-11 04:23:34.240000
375415033,Reader_Community,4.33,Official community discussion thread with 48 total reviews.,2026-09-11 04:23:34.240000
143036351,Reader_Community,4.03,Official community discussion thread with 541 total reviews.,2026-09-11 04:23:34.240000
156421178,Reader_Community,4.14,Official community discussion thread with 1629 total reviews.,2026-09-11 04:23:34.240000
141183721,Reader_Community,3.88,Official community discussion thread with 688 total reviews.,2026-09-11 04:23:34.240000
156701766,Reader_Community,4.38,Official community discussion thread with 22 total reviews.,2026-09-11 04:23:34.240000
679420258,Reader_Community,4.05,Official community discussion thread with 180 total reviews.,2026-09-11 04:23:34.240000
1585425001,Reader_Community,3.46,Official community discussion thread with 26 total reviews.,2026-09-11 04:23:34.240000
1585425249,Reader_Community,3.55,Official community discussion thread with 31 total reviews.,2026-09-11 04:23:34.240000
1585424994,Reader_Community,3.6,Official community discussion thread with 80 total reviews.,2026-09-11 04:23:34.240000
1585425494,Reader_Community,3.51,Official community discussion thread with 28 total reviews.,2026-09-11 04:23:34.240000
1585425540,Reader_Community,3.69,Official community discussion thread with 9 total reviews.,2026-09-11 04:23:34.240000
393324354,Reader_Community,3.79,Official community discussion thread with 71 total reviews.,2026-09-11 04:23:34.240000
440201047,Reader_Community,3.29,Official community discussion thread with 17 total reviews.,2026-09-11 04:23:34.240000
1559362154,Reader_Community,3.59,Official community discussion thread with 8 total reviews.,2026-09-11 04:23:34.240000
374528667,Reader_Community,3.84,Official community discussion thread with 116 total reviews.,2026-09-11 04:23:34.240000
140003468X,Reader_Community,3.91,Official community discussion thread with 13070 total reviews.,2026-09-11 04:23:34.241000
9500703203,Reader_Community,3.91,Official community discussion thread with 46 total reviews.,2026-09-11 04:23:34.241000
826414753,Reader_Community,4.24,Official community discussion thread with 84 total reviews.,2026-09-11 04:23:34.241000
571224385,Reader_Community,4.1,Official community discussion thread with 8251 total reviews.,2026-09-11 04:23:34.241000
385468865,Reader_Community,3.64,Official community discussion thread with 368 total reviews.,2026-09-11 04:23:34.241000
765344955,Reader_Community,4.49,Official community discussion thread with 60 total reviews.,2026-09-11 04:23:34.241000
812532570,Reader_Community,4.07,Official community discussion thread with 31 total reviews.,2026-09-11 04:23:34.241000
307237699,Reader_Community,3.75,Official community discussion thread with 4496 total reviews.,2026-09-11 04:23:34.241000
679746323,Reader_Community,3.83,Official community discussion thread with 640 total reviews.,2026-09-11 04:23:34.241000
60826584,Reader_Community,4.18,Official community discussion thread with 491 total reviews.,2026-09-11 04:23:34.241000
7176155,Reader_Community,4.26,Official community discussion thread with 214 total reviews.,2026-09-11 04:23:34.241000
446608475,Reader_Community,3.67,Official community discussion thread with 37 total reviews.,2026-09-11 04:23:34.241000
486424588,Reader_Community,3.67,Official community discussion thread with 702 total reviews.,2026-09-11 04:23:34.241000
99474123,Reader_Community,4.02,Official community discussion thread with 32 total reviews.,2026-09-11 04:23:34.241000
553381415,Reader_Community,4.09,Official community discussion thread with 64 total reviews.,2026-09-11 04:23:34.241000
767902521,Reader_Community,4.06,Official community discussion thread with 532 total reviews.,2026-09-11 04:23:34.241000
307279464,Reader_Community,4.06,Official community discussion thread with 14993 total reviews.,2026-09-11 04:23:34.241000
571219357,Reader_Community,3.88,Official community discussion thread with 1010 total reviews.,2026-09-11 04:23:34.241000
1932806490,Reader_Community,3.99,Official community discussion thread with 11 total reviews.,2026-09-11 04:23:34.241000
330261568,Reader_Community,4.27,Official community discussion thread with 57 total reviews.,2026-09-11 04:23:34.241000
156260557,Reader_Community,3.94,Official community discussion thread with 205 total reviews.,2026-09-11 04:23:34.241000
156659751,Reader_Community,4.03,Official community discussion thread with 181 total reviews.,2026-09-11 04:23:34.241000
1400042828,Reader_Community,3.68,Official community discussion thread with 423 total reviews.,2026-09-11 04:23:34.241000
771065264,Reader_Community,3.68,Official community discussion thread with 12 total reviews.,2026-09-11 04:23:34.241000
037575931X,Reader_Community,4.16,Official community discussion thread with 4262 total reviews.,2026-09-11 04:23:34.241000
525477624,Reader_Community,3.77,Official community discussion thread with 90 total reviews.,2026-09-11 04:23:34.241000
385333765,Reader_Community,4.14,Official community discussion thread with 643 total reviews.,2026-09-11 04:23:34.241000
60837160,Reader_Community,3.51,Official community discussion thread with 3 total reviews.,2026-09-11 04:23:34.241000
375700986,Reader_Community,4.35,Official community discussion thread with 16 total reviews.,2026-09-11 04:23:34.241000
1400102952,Reader_Community,3.84,Official community discussion thread with 3 total reviews.,2026-09-11 04:23:34.241000
1400044618,Reader_Community,3.84,Official community discussion thread with 1280 total reviews.,2026-09-11 04:23:34.241000
316159417,Reader_Community,3.77,Official community discussion thread with 2473 total reviews.,2026-09-11 04:23:34.241000
807831093,Reader_Community,3.63,Official community discussion thread with 46 total reviews.,2026-09-11 04:23:34.241000
393061221,Reader_Community,3.85,Official community discussion thread with 88 total reviews.,2026-09-11 04:23:34.241000
081297235X,Reader_Community,3.38,Official community discussion thread with 4450 total reviews.,2026-09-11 04:23:34.242000
8426415164,Reader_Community,3.98,Official community discussion thread with 1 total reviews.,2026-09-11 04:23:34.242000
851703003,Reader_Community,4.0,Official community discussion thread with 54 total reviews.,2026-09-11 04:23:34.242000
312254997,Reader_Community,3.79,Official community discussion thread with 476 total reviews.,2026-09-11 04:23:34.242000
009959241X,Reader_Community,3.93,Official community discussion thread with 445 total reviews.,2026-09-11 04:23:34.242000
140189351,Reader_Community,3.54,Official community discussion thread with 103 total reviews.,2026-09-11 04:23:34.242000
812969995,Reader_Community,3.41,Official community discussion thread with 150 total reviews.,2026-09-11 04:23:34.242000
140274111,Reader_Community,3.89,Official community discussion thread with 238 total reviews.,2026-09-11 04:23:34.242000
041377242X,Reader_Community,4.09,Official community discussion thread with 30 total reviews.,2026-09-11 04:23:34.242000
99440830,Reader_Community,3.72,Official community discussion thread with 227 total reviews.,2026-09-11 04:23:34.242000
60926961,Reader_Community,4.15,Official community discussion thread with 33 total reviews.,2026-09-11 04:23:34.242000
60976101,Reader_Community,3.58,Official community discussion thread with 40 total reviews.,2026-09-11 04:23:34.242000
067978148X,Reader_Community,3.68,Official community discussion thread with 974 total reviews.,2026-09-11 04:23:34.242000
375703845,Reader_Community,3.46,Official community discussion thread with 669 total reviews.,2026-09-11 04:23:34.242000
679781498,Reader_Community,3.58,Official community discussion thread with 2543 total reviews.,2026-09-11 04:23:34.242000
375837892,Reader_Community,4.24,Official community discussion thread with 849 total reviews.,2026-09-11 04:23:34.242000
375507906,Reader_Community,4.07,Official community discussion thread with 332 total reviews.,2026-09-11 04:23:34.242000
1581821360,Reader_Community,3.9,Official community discussion thread with 3 total reviews.,2026-09-11 04:23:34.242000
812975936,Reader_Community,3.44,Official community discussion thread with 428 total reviews.,2026-09-11 04:23:34.242000
141185937,Reader_Community,3.49,Official community discussion thread with 17 total reviews.,2026-09-11 04:23:34.242000
679745572,Reader_Community,4.01,Official community discussion thread with 188 total reviews.,2026-09-11 04:23:34.242000
962088110,Reader_Community,4.31,Official community discussion thread with 30 total reviews.,2026-09-11 04:23:34.242000
792274571,Reader_Community,3.93,Official community discussion thread with 65 total reviews.,2026-09-11 04:23:34.242000
385280793,Reader_Community,3.46,Official community discussion thread with 23 total reviews.,2026-09-11 04:23:34.242000
1594201080,Reader_Community,3.72,Official community discussion thread with 98 total reviews.,2026-09-11 04:23:34.242000
99468387,Reader_Community,3.54,Official community discussion thread with 1022 total reviews.,2026-09-11 04:23:34.242000
99429799,Reader_Community,3.9,Official community discussion thread with 506 total reviews.,2026-09-11 04:23:34.242000
879074493,Reader_Community,3.43,Official community discussion thread with 1 total reviews.,2026-09-11 04:23:34.242000
3518373900,Reader_Community,3.85,Official community discussion thread with 5 total reviews.,2026-09-11 04:23:34.242000
3442730503,Reader_Community,4.03,Official community discussion thread with 63 total reviews.,2026-09-11 04:23:34.242000
375726527,Reader_Community,3.55,Official community discussion thread with 105 total reviews.,2026-09-11 04:23:34.242000
375726535,Reader_Community,3.78,Official community discussion thread with 153 total reviews.,2026-09-11 04:23:34.242000
231082819,Reader_Community,3.91,Official community discussion thread with 4 total reviews.,2026-09-11 04:23:34.242000
375726543,Reader_Community,3.61,Official community discussion thread with 82 total reviews.,2026-09-11 04:23:34.242000
965913228,Reader_Community,3.78,Official community discussion thread with 462 total reviews.,2026-09-11 04:23:34.242000
1582346437,Reader_Community,3.65,Official community discussion thread with 372 total reviews.,2026-09-11 04:23:34.242000
156421356,Reader_Community,3.74,Official community discussion thread with 267 total reviews.,2026-09-11 04:23:34.242000
3458340440,Reader_Community,3.74,Official community discussion thread with 5 total reviews.,2026-09-11 04:23:34.242000
1400076323,Reader_Community,3.89,Official community discussion thread with 8 total reviews.,2026-09-11 04:23:34.242000
415278481,Reader_Community,3.96,Official community discussion thread with 267 total reviews.,2026-09-11 04:23:34.242000
679738959,Reader_Community,3.98,Official community discussion thread with 313 total reviews.,2026-09-11 04:23:34.243000
3492207006,Reader_Community,3.95,Official community discussion thread with 27 total reviews.,2026-09-11 04:23:34.243000
385481969,Reader_Community,4.02,Official community discussion thread with 793 total reviews.,2026-09-11 04:23:34.243000
449911411,Reader_Community,4.1,Official community discussion thread with 298 total reviews.,2026-09-11 04:23:34.243000
571145450,Reader_Community,3.48,Official community discussion thread with 5 total reviews.,2026-09-11 04:23:34.243000
553384155,Reader_Community,4.19,Official community discussion thread with 1297 total reviews.,2026-09-11 04:23:34.243000
440229200,Reader_Community,4.17,Official community discussion thread with 28 total reviews.,2026-09-11 04:23:34.243000
1594481938,Reader_Community,3.42,Official community discussion thread with 3943 total reviews.,2026-09-11 04:23:34.243000
185549695X,Reader_Community,3.87,Official community discussion thread with 1 total reviews.,2026-09-11 04:23:34.243000
038531129X,Reader_Community,4.05,Official community discussion thread with 306 total reviews.,2026-09-11 04:23:34.243000
712664564,Reader_Community,4.04,Official community discussion thread with 119 total reviews.,2026-09-11 04:23:34.243000
946487502,Reader_Community,3.25,Official community discussion thread with 1 total reviews.,2026-09-11 04:23:34.243000
886778441,Reader_Community,4.02,Official community discussion thread with 235 total reviews.,2026-09-11 04:23:34.243000
439194040,Reader_Community,3.83,Official community discussion thread with 148 total reviews.,2026-09-11 04:23:34.243000
886779065,Reader_Community,4.05,Official community discussion thread with 163 total reviews.,2026-09-11 04:23:34.243000
1860645887,Reader_Community,3.72,Official community discussion thread with 6 total reviews.,2026-09-11 04:23:34.243000
618254110,Reader_Community,3.93,Official community discussion thread with 155 total reviews.,2026-09-11 04:23:34.243000
312352182,Reader_Community,3.89,Official community discussion thread with 366 total reviews.,2026-09-11 04:23:34.243000
345407865,Reader_Community,4.05,Official community discussion thread with 418 total reviews.,2026-09-11 04:23:34.243000
60837330,Reader_Community,4.14,Official community discussion thread with 23 total reviews.,2026-09-11 04:23:34.243000
312194390,Reader_Community,4.26,Official community discussion thread with 822 total reviews.,2026-09-11 04:23:34.243000
140714758,Reader_Community,3.54,Official community discussion thread with 14 total reviews.,2026-09-11 04:23:34.243000
330353829,Reader_Community,4.18,Official community discussion thread with 913 total reviews.,2026-09-11 04:23:34.243000
316367958,Reader_Community,4.18,Official community discussion thread with 389 total reviews.,2026-09-11 04:23:34.243000
312337078,Reader_Community,3.9,Official community discussion thread with 419 total reviews.,2026-09-11 04:23:34.243000
3499222507,Reader_Community,3.8,Official community discussion thread with 2 total reviews.,2026-09-11 04:23:34.243000
1593080344,Reader_Community,4.49,Official community discussion thread with 278 total reviews.,2026-09-11 04:23:34.243000
1593080409,Reader_Community,4.47,Official community discussion thread with 57 total reviews.,2026-09-11 04:23:34.243000
312425945,Reader_Community,3.72,Official community discussion thread with 242 total reviews.,2026-09-11 04:23:34.243000
449908976,Reader_Community,3.94,Official community discussion thread with 36 total reviews.,2026-09-11 04:23:34.243000
189491712X,Reader_Community,4.0,Official community discussion thread with 11 total reviews.,2026-09-11 04:23:34.243000
1565117727,Reader_Community,3.58,Official community discussion thread with 19 total reviews.,2026-09-11 04:23:34.243000
822216310,Reader_Community,4.18,Official community discussion thread with 34 total reviews.,2026-09-11 04:23:34.243000
312306180,Reader_Community,3.74,Official community discussion thread with 178 total reviews.,2026-09-11 04:23:34.243000
156002167,Reader_Community,4.33,Official community discussion thread with 211 total reviews.,2026-09-11 04:23:34.243000
571191630,Reader_Community,4.33,Official community discussion thread with 7 total reviews.,2026-09-11 04:23:34.243000
156011468,Reader_Community,4.43,Official community discussion thread with 120 total reviews.,2026-09-11 04:23:34.243000
691013802,Reader_Community,4.36,Official community discussion thread with 22 total reviews.,2026-09-11 04:23:34.243000
393323854,Reader_Community,4.42,Official community discussion thread with 47 total reviews.,2026-09-11 04:23:34.243000
142437204,Reader_Community,4.12,Official community discussion thread with 27884 total reviews.,2026-09-11 04:23:34.243000
517333414,Reader_Community,4.21,Official community discussion thread with 4 total reviews.,2026-09-11 04:23:34.244000
312263104,Reader_Community,3.95,Official community discussion thread with 104 total reviews.,2026-09-11 04:23:34.244000
312049994,Reader_Community,4.22,Official community discussion thread with 39 total reviews.,2026-09-11 04:23:34.244000
312252811,Reader_Community,3.93,Official community discussion thread with 57 total reviews.,2026-09-11 04:23:34.244000
312263082,Reader_Community,3.89,Official community discussion thread with 62 total reviews.,2026-09-11 04:23:34.244000
031215125X,Reader_Community,4.21,Official community discussion thread with 1028 total reviews.,2026-09-11 04:23:34.244000
312265816,Reader_Community,4.38,Official community discussion thread with 11 total reviews.,2026-09-11 04:23:34.244000
520243269,Reader_Community,4.25,Official community discussion thread with 212 total reviews.,2026-09-11 04:23:34.244000
520229134,Reader_Community,4.09,Official community discussion thread with 80 total reviews.,2026-09-11 04:23:34.244000
812973011,Reader_Community,4.21,Official community discussion thread with 4347 total reviews.,2026-09-11 04:23:34.244000
1570625190,Reader_Community,3.97,Official community discussion thread with 398 total reviews.,2026-09-11 04:23:34.244000
977795306,Reader_Community,3.92,Official community discussion thread with 164 total reviews.,2026-09-11 04:23:34.244000
2884490477,Reader_Community,4.31,Official community discussion thread with 2 total reviews.,2026-09-11 04:23:34.244000
080283972X,Reader_Community,4.03,Official community discussion thread with 29 total reviews.,2026-09-11 04:23:34.244000
520213688,Reader_Community,3.95,Official community discussion thread with 1 total reviews.,2026-09-11 04:23:34.244000
195309685,Reader_Community,3.72,Official community discussion thread with 8 total reviews.,2026-09-11 04:23:34.244000
62508113,Reader_Community,4.07,Official community discussion thread with 306 total reviews.,2026-09-11 04:23:34.244000
800637143,Reader_Community,3.78,Official community discussion thread with 4 total reviews.,2026-09-11 04:23:34.244000
140005477X,Reader_Community,4.0,Official community discussion thread with 45 total reviews.,2026-09-11 04:23:34.244000
743262727,Reader_Community,3.87,Official community discussion thread with 88 total reviews.,2026-09-11 04:23:34.244000
031242602X,Reader_Community,3.8,Official community discussion thread with 337 total reviews.,2026-09-11 04:23:34.244000
713996870,Reader_Community,3.8,Official community discussion thread with 7 total reviews.,2026-09-11 04:23:34.244000
1584795425,Reader_Community,3.67,Official community discussion thread with 12 total reviews.,2026-09-11 04:23:34.244000
60885734,Reader_Community,3.31,Official community discussion thread with 4 total reviews.,2026-09-11 04:23:34.244000
61131628,Reader_Community,4.24,Official community discussion thread with 846 total reviews.,2026-09-11 04:23:34.244000
1846162661,Reader_Community,4.3,Official community discussion thread with 3 total reviews.,2026-09-11 04:23:34.244000
316525650,Reader_Community,3.53,Official community discussion thread with 37 total reviews.,2026-09-11 04:23:34.244000
976882302,Reader_Community,3.87,Official community discussion thread with 9 total reviews.,2026-09-11 04:23:34.244000
30547741,Reader_Community,4.37,Official community discussion thread with 5 total reviews.,2026-09-11 04:23:34.244000
440415802,Reader_Community,4.03,Official community discussion thread with 794 total reviews.,2026-09-11 04:23:34.244000
307383415,Reader_Community,3.88,Official community discussion thread with 181 total reviews.,2026-09-11 04:23:34.244000
426203658,Reader_Community,3.22,Official community discussion thread with 40 total reviews.,2026-09-11 04:23:34.244000
426203682,Reader_Community,3.22,Official community discussion thread with 25 total reviews.,2026-09-11 04:23:34.244000
426203674,Reader_Community,3.51,Official community discussion thread with 34 total reviews.,2026-09-11 04:23:34.244000
141694740X,Reader_Community,3.66,Official community discussion thread with 2463 total reviews.,2026-09-11 04:23:34.244000
439698391,Reader_Community,3.9,Official community discussion thread with 185 total reviews.,2026-09-11 04:23:34.244000
1558322450,Reader_Community,3.78,Official community discussion thread with 87 total reviews.,2026-09-11 04:23:34.244000
1575420775,Reader_Community,4.04,Official community discussion thread with 45 total reviews.,2026-09-11 04:23:34.244000
1561583766,Reader_Community,4.07,Official community discussion thread with 149 total reviews.,2026-09-11 04:23:34.244000
1862073295,Reader_Community,3.85,Official community discussion thread with 19 total reviews.,2026-09-11 04:23:34.244000
1843534096,Reader_Community,3.82,Official community discussion thread with 1 total reviews.,2026-09-11 04:23:34.244000
300111142,Reader_Community,4.06,Official community discussion thread with 39 total reviews.,2026-09-11 04:23:34.244000
385732333,Reader_Community,3.45,Official community discussion thread with 145 total reviews.,2026-09-11 04:23:34.244000
312971397,Reader_Community,3.82,Official community discussion thread with 63 total reviews.,2026-09-11 04:23:34.245000
143037145,Reader_Community,3.67,Official community discussion thread with 17550 total reviews.,2026-09-11 04:23:34.245000
449200167,Reader_Community,4.02,Official community discussion thread with 35 total reviews.,2026-09-11 04:23:34.245000
440424941,Reader_Community,3.81,Official community discussion thread with 9 total reviews.,2026-09-11 04:23:34.245000
440412242,Reader_Community,3.79,Official community discussion thread with 17 total reviews.,2026-09-11 04:23:34.245000
1573225053,Reader_Community,3.93,Official community discussion thread with 273 total reviews.,2026-09-11 04:23:34.245000
1556434308,Reader_Community,4.41,Official community discussion thread with 144 total reviews.,2026-09-11 04:23:34.245000
140250328,Reader_Community,4.2,Official community discussion thread with 18 total reviews.,2026-09-11 04:23:34.245000
1598870548,Reader_Community,3.4,Official community discussion thread with 15 total reviews.,2026-09-11 04:23:34.245000
452280680,Reader_Community,3.93,Official community discussion thread with 50 total reviews.,2026-09-11 04:23:34.245000
015173156X,Reader_Community,4.05,Official community discussion thread with 34 total reviews.,2026-09-11 04:23:34.245000
8497592581,Reader_Community,4.12,Official community discussion thread with 11 total reviews.,2026-09-11 04:23:34.245000
764543407,Reader_Community,3.32,Official community discussion thread with 7 total reviews.,2026-09-11 04:23:34.245000
156030438,Reader_Community,3.35,Official community discussion thread with 624 total reviews.,2026-09-11 04:23:34.245000
847826465,Reader_Community,3.78,Official community discussion thread with 186 total reviews.,2026-09-11 04:23:34.245000
156029065,Reader_Community,3.74,Official community discussion thread with 698 total reviews.,2026-09-11 04:23:34.245000
156913216,Reader_Community,3.89,Official community discussion thread with 78 total reviews.,2026-09-11 04:23:34.245000
015600125X,Reader_Community,3.85,Official community discussion thread with 26 total reviews.,2026-09-11 04:23:34.245000
253202175,Reader_Community,4.01,Official community discussion thread with 34 total reviews.,2026-09-11 04:23:34.245000
300093047,Reader_Community,3.99,Official community discussion thread with 35 total reviews.,2026-09-11 04:23:34.245000
753817985,Reader_Community,3.8,Official community discussion thread with 27 total reviews.,2026-09-11 04:23:34.245000
025320318X,Reader_Community,4.06,Official community discussion thread with 5 total reviews.,2026-09-11 04:23:34.245000
3829601867,Reader_Community,4.28,Official community discussion thread with 44 total reviews.,2026-09-11 04:23:34.245000
1590302257,Reader_Community,3.97,Official community discussion thread with 5869 total reviews.,2026-09-11 04:23:34.245000
1580624596,Reader_Community,3.8,Official community discussion thread with 12 total reviews.,2026-09-11 04:23:34.245000
1402561016,Reader_Community,3.97,Official community discussion thread with 22 total reviews.,2026-09-11 04:23:34.245000
552998087,Reader_Community,3.83,Official community discussion thread with 78 total reviews.,2026-09-11 04:23:34.245000
380713810,Reader_Community,3.91,Official community discussion thread with 613 total reviews.,2026-09-11 04:23:34.245000
141182806,Reader_Community,3.73,Official community discussion thread with 235 total reviews.,2026-09-11 04:23:34.245000
043977439X,Reader_Community,4.0,Official community discussion thread with 76 total reviews.,2026-09-11 04:23:34.245000
1854790471,Reader_Community,3.55,Official community discussion thread with 6 total reviews.,2026-09-11 04:23:34.245000
1593081480,Reader_Community,4.07,Official community discussion thread with 147 total reviews.,2026-09-11 04:23:34.245000
1596009705,Reader_Community,4.07,Official community discussion thread with 11 total reviews.,2026-09-11 04:23:34.245000
1577658035,Reader_Community,4.08,Official community discussion thread with 56 total reviews.,2026-09-11 04:23:34.245000
1853260401,Reader_Community,4.07,Official community discussion thread with 92 total reviews.,2026-09-11 04:23:34.245000
743289412,Reader_Community,3.68,Official community discussion thread with 2709 total reviews.,2026-09-11 04:23:34.245000
881507199,Reader_Community,4.13,Official community discussion thread with 78 total reviews.,2026-09-11 04:23:34.245000
385732910,Reader_Community,3.56,Official community discussion thread with 861 total reviews.,2026-09-11 04:23:34.246000
553381695,Reader_Community,4.41,Official community discussion thread with 16535 total reviews.,2026-09-11 04:23:34.246000
843955848,Reader_Community,3.32,Official community discussion thread with 1970 total reviews.,2026-09-11 04:23:34.246000
743555619,Reader_Community,3.54,Official community discussion thread with 167 total reviews.,2026-09-11 04:23:34.246000
1416524355,Reader_Community,3.97,Official community discussion thread with 1519 total reviews.,2026-09-11 04:23:34.246000
671874756,Reader_Community,3.95,Official community discussion thread with 10 total reviews.,2026-09-11 04:23:34.246000
1416524347,Reader_Community,3.98,Official community discussion thread with 3768 total reviews.,2026-09-11 04:23:34.246000
8497597729,Reader_Community,3.82,Official community discussion thread with 2028 total reviews.,2026-09-11 04:23:34.246000
739317369,Reader_Community,4.0,Official community discussion thread with 9 total reviews.,2026-09-11 04:23:34.246000
074352585X,Reader_Community,3.78,Official community discussion thread with 101 total reviews.,2026-09-11 04:23:34.246000
743537009,Reader_Community,4.22,Official community discussion thread with 107 total reviews.,2026-09-11 04:23:34.246000
836254279,Reader_Community,3.78,Official community discussion thread with 2 total reviews.,2026-09-11 04:23:34.246000
1587671166,Reader_Community,4.23,Official community discussion thread with 5 total reviews.,2026-09-11 04:23:34.246000
055347183X,Reader_Community,3.93,Official community discussion thread with 9 total reviews.,2026-09-11 04:23:34.246000
307348245,Reader_Community,3.71,Official community discussion thread with 2816 total reviews.,2026-09-11 04:23:34.246000
451190750,Reader_Community,3.71,Official community discussion thread with 1513 total reviews.,2026-09-11 04:23:34.246000
836269144,Reader_Community,3.83,Official community discussion thread with 2 total reviews.,2026-09-11 04:23:34.246000
034547063X,Reader_Community,4.01,Official community discussion thread with 1220 total reviews.,2026-09-11 04:23:34.246000
1580631606,Reader_Community,4.15,Official community discussion thread with 44 total reviews.,2026-09-11 04:23:34.246000
451170113,Reader_Community,4.0,Official community discussion thread with 84 total reviews.,2026-09-11 04:23:34.246000
450417395,Reader_Community,4.16,Official community discussion thread with 7051 total reviews.,2026-09-11 04:23:34.246000
452277752,Reader_Community,4.11,Official community discussion thread with 494 total reviews.,2026-09-11 04:23:34.246000
074323359X,Reader_Community,4.16,Official community discussion thread with 13 total reviews.,2026-09-11 04:23:34.246000
671039725,Reader_Community,3.96,Official community discussion thread with 192 total reviews.,2026-09-11 04:23:34.246000
451185978,Reader_Community,3.93,Official community discussion thread with 20 total reviews.,2026-09-11 04:23:34.246000
2253147699,Reader_Community,3.77,Official community discussion thread with 2088 total reviews.,2026-09-11 04:23:34.246000
553562835,Reader_Community,4.15,Official community discussion thread with 610 total reviews.,2026-09-11 04:23:34.246000
679776311,Reader_Community,4.11,Official community discussion thread with 142 total reviews.,2026-09-11 04:23:34.246000
60005696,Reader_Community,3.85,Official community discussion thread with 1223 total reviews.,2026-09-11 04:23:34.246000
393060918,Reader_Community,3.82,Official community discussion thread with 167 total reviews.,2026-09-11 04:23:34.246000
679768092,Reader_Community,3.87,Official community discussion thread with 19 total reviews.,2026-09-11 04:23:34.246000
393323528,Reader_Community,3.67,Official community discussion thread with 106 total reviews.,2026-09-11 04:23:34.246000
679751238,Reader_Community,4.12,Official community discussion thread with 74 total reviews.,2026-09-11 04:23:34.246000
851115195,Reader_Community,3.93,Official community discussion thread with 8 total reviews.,2026-09-11 04:23:34.246000
679431489,Reader_Community,4.12,Official community discussion thread with 3 total reviews.,2026-09-11 04:23:34.246000
375758259,Reader_Community,4.19,Official community discussion thread with 530 total reviews.,2026-09-11 04:23:34.246000
1841155047,Reader_Community,4.19,Official community discussion thread with 13 total reviews.,2026-09-11 04:23:34.246000
553483323,Reader_Community,3.94,Official community discussion thread with 2 total reviews.,2026-09-11 04:23:34.246000
803725744,Reader_Community,3.84,Official community discussion thread with 7 total reviews.,2026-09-11 04:23:34.246000
786868996,Reader_Community,4.06,Official community discussion thread with 41 total reviews.,2026-09-11 04:23:34.246000
385602057,Reader_Community,3.99,Official community discussion thread with 6 total reviews.,2026-09-11 04:23:34.246000
857302710X,Reader_Community,3.78,Official community discussion thread with 3 total reviews.,2026-09-11 04:23:34.247000
1593081928,Reader_Community,3.72,Official community discussion thread with 63 total reviews.,2026-09-11 04:23:34.247000
436205491,Reader_Community,4.16,Official community discussion thread with 8 total reviews.,2026-09-11 04:23:34.247000
684841258,Reader_Community,3.8,Official community discussion thread with 163 total reviews.,2026-09-11 04:23:34.247000
684868199,Reader_Community,3.68,Official community discussion thread with 67 total reviews.,2026-09-11 04:23:34.247000
743239806,Reader_Community,3.02,Official community discussion thread with 9 total reviews.,2026-09-11 04:23:34.247000
684839741,Reader_Community,3.36,Official community discussion thread with 100 total reviews.,2026-09-11 04:23:34.247000
684841215,Reader_Community,3.52,Official community discussion thread with 399 total reviews.,2026-09-11 04:23:34.247000
1879794063,Reader_Community,3.91,Official community discussion thread with 1 total reviews.,2026-09-11 04:23:34.247000
375701966,Reader_Community,3.68,Official community discussion thread with 1660 total reviews.,2026-09-11 04:23:34.247000
60745908,Reader_Community,3.53,Official community discussion thread with 459 total reviews.,2026-09-11 04:23:34.247000
61351393,Reader_Community,3.53,Official community discussion thread with 10 total reviews.,2026-09-11 04:23:34.247000
465003125,Reader_Community,3.93,Official community discussion thread with 82 total reviews.,2026-09-11 04:23:34.247000
752842692,Reader_Community,3.89,Official community discussion thread with 117 total reviews.,2026-09-11 04:23:34.247000
1560764988,Reader_Community,4.0,Official community discussion thread with 1 total reviews.,2026-09-11 04:23:34.247000
1582346178,Reader_Community,3.54,Official community discussion thread with 979 total reviews.,2026-09-11 04:23:34.247000
684854279,Reader_Community,3.96,Official community discussion thread with 13 total reviews.,2026-09-11 04:23:34.247000
684854287,Reader_Community,3.96,Official community discussion thread with 1 total reviews.,2026-09-11 04:23:34.247000
1415930686,Reader_Community,3.91,Official community discussion thread with 66 total reviews.,2026-09-11 04:23:34.247000
99460955,Reader_Community,3.56,Official community discussion thread with 387 total reviews.,2026-09-11 04:23:34.247000
684844648,Reader_Community,3.33,Official community discussion thread with 342 total reviews.,2026-09-11 04:23:34.247000
393318796,Reader_Community,4.17,Official community discussion thread with 35 total reviews.,2026-09-11 04:23:34.247000
184195795X,Reader_Community,3.72,Official community discussion thread with 85 total reviews.,2026-09-11 04:23:34.247000
684839059,Reader_Community,3.96,Official community discussion thread with 33 total reviews.,2026-09-11 04:23:34.247000
393318354,Reader_Community,4.17,Official community discussion thread with 32 total reviews.,2026-09-11 04:23:34.247000
306808900,Reader_Community,4.0,Official community discussion thread with 15 total reviews.,2026-09-11 04:23:34.247000
345460804,Reader_Community,3.81,Official community discussion thread with 8 total reviews.,2026-09-11 04:23:34.247000
743564375,Reader_Community,3.8,Official community discussion thread with 65 total reviews.,2026-09-11 04:23:34.247000
684174693,Reader_Community,3.8,Official community discussion thread with 30 total reviews.,2026-09-11 04:23:34.247000
140139397,Reader_Community,4.15,Official community discussion thread with 669 total reviews.,2026-09-11 04:23:34.247000
140159940,Reader_Community,4.07,Official community discussion thread with 244 total reviews.,2026-09-11 04:23:34.247000
143039792,Reader_Community,4.22,Official community discussion thread with 59 total reviews.,2026-09-11 04:23:34.247000
140154418,Reader_Community,4.09,Official community discussion thread with 350 total reviews.,2026-09-11 04:23:34.247000
375759328,Reader_Community,4.1,Official community discussion thread with 113 total reviews.,2026-09-11 04:23:34.247000
140247963,Reader_Community,4.19,Official community discussion thread with 8 total reviews.,2026-09-11 04:23:34.247000
60757086,Reader_Community,4.13,Official community discussion thread with 39 total reviews.,2026-09-11 04:23:34.247000
1892145022,Reader_Community,4.3,Official community discussion thread with 544 total reviews.,2026-09-11 04:23:34.247000
61228745,Reader_Community,4.17,Official community discussion thread with 1 total reviews.,2026-09-11 04:23:34.247000
140364498,Reader_Community,4.17,Official community discussion thread with 22 total reviews.,2026-09-11 04:23:34.247000
802135587,Reader_Community,4.12,Official community discussion thread with 548 total reviews.,2026-09-11 04:23:34.247000
618537252,Reader_Community,3.54,Official community discussion thread with 121 total reviews.,2026-09-11 04:23:34.247000
1585421774,Reader_Community,3.89,Official community discussion thread with 166 total reviews.,2026-09-11 04:23:34.247000
375756604,Reader_Community,3.97,Official community discussion thread with 17 total reviews.,2026-09-11 04:23:34.248000
786888016,Reader_Community,3.78,Official community discussion thread with 1240 total reviews.,2026-09-11 04:23:34.248000
786891076,Reader_Community,3.43,Official community discussion thread with 2166 total reviews.,2026-09-11 04:23:34.248000
684873176,Reader_Community,4.08,Official community discussion thread with 4 total reviews.,2026-09-11 04:23:34.248000
743250443,Reader_Community,3.78,Official community discussion thread with 171 total reviews.,2026-09-11 04:23:34.248000
1555916228,Reader_Community,3.96,Official community discussion thread with 36 total reviews.,2026-09-11 04:23:34.248000
345377966,Reader_Community,4.14,Official community discussion thread with 116 total reviews.,2026-09-11 04:23:34.248000
743264738,Reader_Community,4.11,Official community discussion thread with 2833 total reviews.,2026-09-11 04:23:34.248000
684837714,Reader_Community,4.07,Official community discussion thread with 78 total reviews.,2026-09-11 04:23:34.248000
743286979,Reader_Community,3.94,Official community discussion thread with 140 total reviews.,2026-09-11 04:23:34.248000
385496095,Reader_Community,4.16,Official community discussion thread with 2297 total reviews.,2026-09-11 04:23:34.248000
7189958,Reader_Community,3.94,Official community discussion thread with 109 total reviews.,2026-09-11 04:23:34.248000
743499263,Reader_Community,3.74,Official community discussion thread with 36 total reviews.,2026-09-11 04:23:34.248000
1401301886,Reader_Community,3.67,Official community discussion thread with 314 total reviews.,2026-09-11 04:23:34.248000
821726846,Reader_Community,3.69,Official community discussion thread with 4 total reviews.,2026-09-11 04:23:34.248000
60744871,Reader_Community,4.19,Official community discussion thread with 756 total reviews.,2026-09-11 04:23:34.248000
140230270,Reader_Community,3.6,Official community discussion thread with 2473 total reviews.,2026-09-11 04:23:34.248000
074349671X,Reader_Community,3.5,Official community discussion thread with 5039 total reviews.,2026-09-11 04:23:34.248000
743422449,Reader_Community,3.58,Official community discussion thread with 2564 total reviews.,2026-09-11 04:23:34.248000
425185508,Reader_Community,3.54,Official community discussion thread with 2502 total reviews.,2026-09-11 04:23:34.248000
743431014,Reader_Community,3.2,Official community discussion thread with 1838 total reviews.,2026-09-11 04:23:34.248000
743418719,Reader_Community,3.82,Official community discussion thread with 3066 total reviews.,2026-09-11 04:23:34.248000
61150142,Reader_Community,4.01,Official community discussion thread with 8841 total reviews.,2026-09-11 04:23:34.248000
743454537,Reader_Community,4.07,Official community discussion thread with 29652 total reviews.,2026-09-11 04:23:34.248000
802142842,Reader_Community,3.86,Official community discussion thread with 4972 total reviews.,2026-09-11 04:23:34.248000
1556591403,Reader_Community,4.41,Official community discussion thread with 36 total reviews.,2026-09-11 04:23:34.248000
1401303277,Reader_Community,4.1,Official community discussion thread with 6830 total reviews.,2026-09-11 04:23:34.248000
99486830,Reader_Community,3.98,Official community discussion thread with 25 total reviews.,2026-09-11 04:23:34.248000
399512462,Reader_Community,3.79,Official community discussion thread with 2 total reviews.,2026-09-11 04:23:34.248000
60739681,Reader_Community,3.91,Official community discussion thread with 57 total reviews.,2026-09-11 04:23:34.248000
440242940,Reader_Community,4.23,Official community discussion thread with 34690 total reviews.,2026-09-11 04:23:34.248000
385340397,Reader_Community,4.44,Official community discussion thread with 3992 total reviews.,2026-09-11 04:23:34.248000
1569715149,Reader_Community,3.43,Official community discussion thread with 17 total reviews.,2026-09-11 04:23:34.248000
440221668,Reader_Community,4.27,Official community discussion thread with 5294 total reviews.,2026-09-11 04:23:34.248000
385302312,Reader_Community,4.32,Official community discussion thread with 118 total reviews.,2026-09-11 04:23:34.248000
184416411X,Reader_Community,3.85,Official community discussion thread with 5 total reviews.,2026-09-11 04:23:34.248000
373638523,Reader_Community,3.88,Official community discussion thread with 2 total reviews.,2026-09-11 04:23:34.248000
373638175,Reader_Community,3.87,Official community discussion thread with 2 total reviews.,2026-09-11 04:23:34.248000
373638167,Reader_Community,3.84,Official community discussion thread with 3 total reviews.,2026-09-11 04:23:34.248000
375504524,Reader_Community,3.71,Official community discussion thread with 101 total reviews.,2026-09-11 04:23:34.248000
1931082898,Reader_Community,4.42,Official community discussion thread with 13 total reviews.,2026-09-11 04:23:34.248000
679732268,Reader_Community,3.94,Official community discussion thread with 1920 total reviews.,2026-09-11 04:23:34.249000
940450852,Reader_Community,4.44,Official community discussion thread with 7 total reviews.,2026-09-11 04:23:34.249000
679424784,Reader_Community,4.09,Official community discussion thread with 64 total reviews.,2026-09-11 04:23:34.249000
394701496,Reader_Community,3.86,Official community discussion thread with 117 total reviews.,2026-09-11 04:23:34.249000
394701844,Reader_Community,4.1,Official community discussion thread with 68 total reviews.,2026-09-11 04:23:34.249000
385335997,Reader_Community,4.39,Official community discussion thread with 8130 total reviews.,2026-09-11 04:23:34.249000
385335989,Reader_Community,4.35,Official community discussion thread with 5455 total reviews.,2026-09-11 04:23:34.249000
385324138,Reader_Community,4.08,Official community discussion thread with 478 total reviews.,2026-09-11 04:23:34.249000
770429459,Reader_Community,3.7,Official community discussion thread with 1345 total reviews.,2026-09-11 04:23:34.249000
99911701,Reader_Community,4.23,Official community discussion thread with 323 total reviews.,2026-09-11 04:23:34.249000
345419081,Reader_Community,3.91,Official community discussion thread with 60 total reviews.,2026-09-11 04:23:34.249000
440506816,Reader_Community,3.86,Official community discussion thread with 26 total reviews.,2026-09-11 04:23:34.249000
861711769,Reader_Community,4.3,Official community discussion thread with 50 total reviews.,2026-09-11 04:23:34.249000
805065377,Reader_Community,4.03,Official community discussion thread with 242 total reviews.,2026-09-11 04:23:34.249000
312985347,Reader_Community,4.16,Official community discussion thread with 1731 total reviews.,2026-09-11 04:23:34.249000
9684581149,Reader_Community,4.05,Official community discussion thread with 12 total reviews.,2026-09-11 04:23:34.249000
517618877,Reader_Community,4.17,Official community discussion thread with 3 total reviews.,2026-09-11 04:23:34.249000
192839993,Reader_Community,3.85,Official community discussion thread with 3246 total reviews.,2026-09-11 04:23:34.249000
571217354,Reader_Community,3.67,Official community discussion thread with 591 total reviews.,2026-09-11 04:23:34.249000
141441143,Reader_Community,4.12,Official community discussion thread with 874 total reviews.,2026-09-11 04:23:34.249000
393975428,Reader_Community,4.12,Official community discussion thread with 156 total reviews.,2026-09-11 04:23:34.249000
679886184,Reader_Community,4.06,Official community discussion thread with 8 total reviews.,2026-09-11 04:23:34.249000
452287987,Reader_Community,3.75,Official community discussion thread with 130 total reviews.,2026-09-11 04:23:34.249000
140437282,Reader_Community,3.81,Official community discussion thread with 366 total reviews.,2026-09-11 04:23:34.249000
8420469432,Reader_Community,4.16,Official community discussion thread with 5 total reviews.,2026-09-11 04:23:34.249000
156029588,Reader_Community,3.79,Official community discussion thread with 589 total reviews.,2026-09-11 04:23:34.249000
156029812,Reader_Community,3.68,Official community discussion thread with 209 total reviews.,2026-09-11 04:23:34.249000
156029049,Reader_Community,3.72,Official community discussion thread with 366 total reviews.,2026-09-11 04:23:34.249000
156260263,Reader_Community,4.18,Official community discussion thread with 47 total reviews.,2026-09-11 04:23:34.249000
015640057X,Reader_Community,3.9,Official community discussion thread with 449 total reviews.,2026-09-11 04:23:34.249000
804001480,Reader_Community,3.8,Official community discussion thread with 143 total reviews.,2026-09-11 04:23:34.249000
156260271,Reader_Community,4.18,Official community discussion thread with 40 total reviews.,2026-09-11 04:23:34.249000
140139400,Reader_Community,3.99,Official community discussion thread with 550 total reviews.,2026-09-11 04:23:34.249000
1586853333,Reader_Community,4.23,Official community discussion thread with 25 total reviews.,2026-09-11 04:23:34.249000
786715790,Reader_Community,3.86,Official community discussion thread with 36 total reviews.,2026-09-11 04:23:34.249000
8433920863,Reader_Community,4.18,Official community discussion thread with 30 total reviews.,2026-09-11 04:23:34.249000
3499158477,Reader_Community,3.59,Official community discussion thread with 1 total reviews.,2026-09-11 04:23:34.249000
767915305,Reader_Community,3.87,Official community discussion thread with 2077 total reviews.,2026-09-11 04:23:34.249000
143037390,Reader_Community,4.41,Official community discussion thread with 707 total reviews.,2026-09-11 04:23:34.249000
375708219,Reader_Community,4.03,Official community discussion thread with 369 total reviews.,2026-09-11 04:23:34.249000
380818957,Reader_Community,3.81,Official community discussion thread with 47 total reviews.,2026-09-11 04:23:34.250000
071267716X,Reader_Community,3.57,Official community discussion thread with 16 total reviews.,2026-09-11 04:23:34.250000
517539497,Reader_Community,3.57,Official community discussion thread with 9 total reviews.,2026-09-11 04:23:34.250000
393099415,Reader_Community,3.57,Official community discussion thread with 9 total reviews.,2026-09-11 04:23:34.250000
694524751,Reader_Community,4.26,Official community discussion thread with 24 total reviews.,2026-09-11 04:23:34.250000
60765453,Reader_Community,4.26,Official community discussion thread with 53 total reviews.,2026-09-11 04:23:34.250000
60652926,Reader_Community,4.32,Official community discussion thread with 664 total reviews.,2026-09-11 04:23:34.250000
684823780,Reader_Community,4.32,Official community discussion thread with 5828 total reviews.,2026-09-11 04:23:34.250000
60652896,Reader_Community,4.22,Official community discussion thread with 4746 total reviews.,2026-09-11 04:23:34.250000
800783360,Reader_Community,4.22,Official community discussion thread with 12 total reviews.,2026-09-11 04:23:34.250000
312263236,Reader_Community,3.69,Official community discussion thread with 28 total reviews.,2026-09-11 04:23:34.250000
842331913,Reader_Community,4.04,Official community discussion thread with 1 total reviews.,2026-09-11 04:23:34.250000
805210539,Reader_Community,4.14,Official community discussion thread with 72 total reviews.,2026-09-11 04:23:34.250000
674854292,Reader_Community,3.9,Official community discussion thread with 108 total reviews.,2026-09-11 04:23:34.250000
809037726,Reader_Community,3.87,Official community discussion thread with 975 total reviews.,2026-09-11 04:23:34.250000
805210199,Reader_Community,3.94,Official community discussion thread with 36 total reviews.,2026-09-11 04:23:34.250000
809023091,Reader_Community,3.84,Official community discussion thread with 465 total reviews.,2026-09-11 04:23:34.250000
805210288,Reader_Community,4.15,Official community discussion thread with 63 total reviews.,2026-09-11 04:23:34.250000
936077492,Reader_Community,3.57,Official community discussion thread with 1 total reviews.,2026-09-11 04:23:34.250000
936077093,Reader_Community,3.57,Official community discussion thread with 5 total reviews.,2026-09-11 04:23:34.250000
505522748,Reader_Community,3.83,Official community discussion thread with 16 total reviews.,2026-09-11 04:23:34.250000
1578569508,Reader_Community,4.04,Official community discussion thread with 52 total reviews.,2026-09-11 04:23:34.250000
452280672,Reader_Community,3.99,Official community discussion thread with 50 total reviews.,2026-09-11 04:23:34.250000
452287073,Reader_Community,3.63,Official community discussion thread with 1144 total reviews.,2026-09-11 04:23:34.250000
764586629,Reader_Community,4.17,Official community discussion thread with 3 total reviews.,2026-09-11 04:23:34.250000
451137094,Reader_Community,4.2,Official community discussion thread with 104 total reviews.,2026-09-11 04:23:34.250000
451143426,Reader_Community,4.2,Official community discussion thread with 5 total reviews.,2026-09-11 04:23:34.250000
014118616X,Reader_Community,3.92,Official community discussion thread with 771 total reviews.,2026-09-11 04:23:34.250000
140264922,Reader_Community,4.1,Official community discussion thread with 18 total reviews.,2026-09-11 04:23:34.250000
141186178,Reader_Community,3.93,Official community discussion thread with 115 total reviews.,2026-09-11 04:23:34.250000
014002476X,Reader_Community,3.63,Official community discussion thread with 159 total reviews.,2026-09-11 04:23:34.250000
140031766,Reader_Community,3.76,Official community discussion thread with 48 total reviews.,2026-09-11 04:23:34.250000
6496873,Reader_Community,4.23,Official community discussion thread with 38 total reviews.,2026-09-11 04:23:34.250000
000649689X,Reader_Community,4.07,Official community discussion thread with 209 total reviews.,2026-09-11 04:23:34.250000
6496903,Reader_Community,4.2,Official community discussion thread with 43 total reviews.,2026-09-11 04:23:34.251000
000649692X,Reader_Community,4.19,Official community discussion thread with 69 total reviews.,2026-09-11 04:23:34.251000
140020039,Reader_Community,3.73,Official community discussion thread with 319 total reviews.,2026-09-11 04:23:34.251000
517170779,Reader_Community,4.34,Official community discussion thread with 52 total reviews.,2026-09-11 04:23:34.251000
751533939,Reader_Community,3.4,Official community discussion thread with 31 total reviews.,2026-09-11 04:23:34.251000
751533114,Reader_Community,3.43,Official community discussion thread with 14 total reviews.,2026-09-11 04:23:34.251000
553563505,Reader_Community,3.46,Official community discussion thread with 149 total reviews.,2026-09-11 04:23:34.251000
312980167,Reader_Community,3.68,Official community discussion thread with 61 total reviews.,2026-09-11 04:23:34.251000
446362662,Reader_Community,4.02,Official community discussion thread with 894 total reviews.,2026-09-11 04:23:34.251000
446359203,Reader_Community,3.9,Official community discussion thread with 714 total reviews.,2026-09-11 04:23:34.251000
553572989,Reader_Community,4.18,Official community discussion thread with 1229 total reviews.,2026-09-11 04:23:34.251000
446364754,Reader_Community,3.71,Official community discussion thread with 264 total reviews.,2026-09-11 04:23:34.251000
451025016,Reader_Community,3.66,Official community discussion thread with 17 total reviews.,2026-09-11 04:23:34.251000
99455447,Reader_Community,3.83,Official community discussion thread with 68 total reviews.,2026-09-11 04:23:34.251000
375704027,Reader_Community,4.03,Official community discussion thread with 12203 total reviews.,2026-09-11 04:23:34.251000
037571894X,Reader_Community,3.95,Official community discussion thread with 3022 total reviews.,2026-09-11 04:23:34.251000
7175191,Reader_Community,4.16,Official community discussion thread with 597 total reviews.,2026-09-11 04:23:34.251000
20421907,Reader_Community,3.97,Official community discussion thread with 72 total reviews.,2026-09-11 04:23:34.251000
1416905278,Reader_Community,3.75,Official community discussion thread with 181 total reviews.,2026-09-11 04:23:34.251000
689840330,Reader_Community,4.15,Official community discussion thread with 507 total reviews.,2026-09-11 04:23:34.251000
394239105,Reader_Community,4.22,Official community discussion thread with 4 total reviews.,2026-09-11 04:23:34.251000
394757645,Reader_Community,4.06,Official community discussion thread with 258 total reviews.,2026-09-11 04:23:34.251000
811215806,Reader_Community,4.25,Official community discussion thread with 160 total reviews.,2026-09-11 04:23:34.251000
307114635,Reader_Community,4.62,Official community discussion thread with 4 total reviews.,2026-09-11 04:23:34.251000
140014454,Reader_Community,3.77,Official community discussion thread with 465 total reviews.,2026-09-11 04:23:34.251000
1400078474,Reader_Community,3.75,Official community discussion thread with 452 total reviews.,2026-09-11 04:23:34.251000
307264882,Reader_Community,3.83,Official community discussion thread with 58 total reviews.,2026-09-11 04:23:34.251000
140003342X,Reader_Community,4.06,Official community discussion thread with 2763 total reviews.,2026-09-11 04:23:34.251000
452287065,Reader_Community,4.03,Official community discussion thread with 5507 total reviews.,2026-09-11 04:23:34.251000
292760280,Reader_Community,4.39,Official community discussion thread with 392 total reviews.,2026-09-11 04:23:34.251000
679411674,Reader_Community,3.81,Official community discussion thread with 54 total reviews.,2026-09-11 04:23:34.251000
1400076218,Reader_Community,3.81,Official community discussion thread with 128 total reviews.,2026-09-11 04:23:34.251000
452283868,Reader_Community,3.93,Official community discussion thread with 2479 total reviews.,2026-09-11 04:23:34.251000
1400033438,Reader_Community,3.93,Official community discussion thread with 361 total reviews.,2026-09-11 04:23:34.251000
452263492,Reader_Community,3.93,Official community discussion thread with 49 total reviews.,2026-09-11 04:23:34.251000
99760010,Reader_Community,3.93,Official community discussion thread with 94 total reviews.,2026-09-11 04:23:34.251000
1400033446,Reader_Community,3.93,Official community discussion thread with 447 total reviews.,2026-09-11 04:23:34.251000
1566915902,Reader_Community,4.24,Official community discussion thread with 1 total reviews.,2026-09-11 04:23:34.251000
345476093,Reader_Community,4.17,Official community discussion thread with 1671 total reviews.,2026-09-11 04:23:34.251000
045121658X,Reader_Community,3.77,Official community discussion thread with 1555 total reviews.,2026-09-11 04:23:34.251000
486431673,Reader_Community,3.66,Official community discussion thread with 29 total reviews.,2026-09-11 04:23:34.252000
1593080360,Reader_Community,3.77,Official community discussion thread with 37 total reviews.,2026-09-11 04:23:34.252000
375753141,Reader_Community,3.77,Official community discussion thread with 778 total reviews.,2026-09-11 04:23:34.252000
1931082081,Reader_Community,3.9,Official community discussion thread with 11 total reviews.,2026-09-11 04:23:34.252000
2859405461,Reader_Community,3.99,Official community discussion thread with 318 total reviews.,2026-09-11 04:23:34.252000
3442726328,Reader_Community,4.11,Official community discussion thread with 14 total reviews.,2026-09-11 04:23:34.252000
451526910,Reader_Community,3.82,Official community discussion thread with 300 total reviews.,2026-09-11 04:23:34.252000
965020452,Reader_Community,3.94,Official community discussion thread with 54 total reviews.,2026-09-11 04:23:34.252000
898401879,Reader_Community,3.97,Official community discussion thread with 3 total reviews.,2026-09-11 04:23:34.252000
785264698,Reader_Community,3.91,Official community discussion thread with 738 total reviews.,2026-09-11 04:23:34.252000
842387463,Reader_Community,4.42,Official community discussion thread with 143 total reviews.,2026-09-11 04:23:34.252000
842387455,Reader_Community,4.44,Official community discussion thread with 174 total reviews.,2026-09-11 04:23:34.252000
1414307640,Reader_Community,4.43,Official community discussion thread with 146 total reviews.,2026-09-11 04:23:34.252000
031024756X,Reader_Community,4.32,Official community discussion thread with 354 total reviews.,2026-09-11 04:23:34.252000
842382895,Reader_Community,4.45,Official community discussion thread with 288 total reviews.,2026-09-11 04:23:34.252000
446579629,Reader_Community,4.49,Official community discussion thread with 36 total reviews.,2026-09-11 04:23:34.252000
842386882,Reader_Community,4.5,Official community discussion thread with 271 total reviews.,2026-09-11 04:23:34.252000
842356223,Reader_Community,4.38,Official community discussion thread with 859 total reviews.,2026-09-11 04:23:34.252000
842387447,Reader_Community,4.41,Official community discussion thread with 172 total reviews.,2026-09-11 04:23:34.252000
84386874,Reader_Community,4.46,Official community discussion thread with 201 total reviews.,2026-09-11 04:23:34.252000
679722319,Reader_Community,4.42,Official community discussion thread with 772 total reviews.,2026-09-11 04:23:34.252000
375703802,Reader_Community,4.3,Official community discussion thread with 107 total reviews.,2026-09-11 04:23:34.252000
679748644,Reader_Community,4.11,Official community discussion thread with 232 total reviews.,2026-09-11 04:23:34.252000
679723692,Reader_Community,4.28,Official community discussion thread with 894 total reviews.,2026-09-11 04:23:34.252000
679760237,Reader_Community,4.08,Official community discussion thread with 175 total reviews.,2026-09-11 04:23:34.252000
747574650,Reader_Community,3.82,Official community discussion thread with 826 total reviews.,2026-09-11 04:23:34.252000
802136680,Reader_Community,3.98,Official community discussion thread with 1304 total reviews.,2026-09-11 04:23:34.252000
679745130,Reader_Community,4.11,Official community discussion thread with 79 total reviews.,2026-09-11 04:23:34.252000
312243359,Reader_Community,4.24,Official community discussion thread with 1443 total reviews.,2026-09-11 04:23:34.252000
312361750,Reader_Community,4.37,Official community discussion thread with 103 total reviews.,2026-09-11 04:23:34.252000
067978117X,Reader_Community,4.01,Official community discussion thread with 11 total reviews.,2026-09-11 04:23:34.252000
375704256,Reader_Community,3.81,Official community discussion thread with 31 total reviews.,2026-09-11 04:23:34.252000
394577299,Reader_Community,4.07,Official community discussion thread with 3 total reviews.,2026-09-11 04:23:34.252000
671727796,Reader_Community,4.2,Official community discussion thread with 9643 total reviews.,2026-09-11 04:23:34.252000
1576839508,Reader_Community,3.49,Official community discussion thread with 61 total reviews.,2026-09-11 04:23:34.252000
140189440,Reader_Community,3.86,Official community discussion thread with 378 total reviews.,2026-09-11 04:23:34.252000
1400095417,Reader_Community,4.15,Official community discussion thread with 499 total reviews.,2026-09-11 04:23:34.252000
449001156,Reader_Community,4.16,Official community discussion thread with 339 total reviews.,2026-09-11 04:23:34.252000
044900113X,Reader_Community,4.08,Official community discussion thread with 120 total reviews.,2026-09-11 04:23:34.252000
1400031044,Reader_Community,4.21,Official community discussion thread with 2398 total reviews.,2026-09-11 04:23:34.252000
2207254410,Reader_Community,3.9,Official community discussion thread with 7 total reviews.,2026-09-11 04:23:34.252000
761104844,Reader_Community,3.85,Official community discussion thread with 439 total reviews.,2026-09-11 04:23:34.253000
380789175,Reader_Community,3.8,Official community discussion thread with 89 total reviews.,2026-09-11 04:23:34.253000
067162413X,Reader_Community,4.28,Official community discussion thread with 23 total reviews.,2026-09-11 04:23:34.253000
671739441,Reader_Community,3.9,Official community discussion thread with 231 total reviews.,2026-09-11 04:23:34.253000
671743074,Reader_Community,3.93,Official community discussion thread with 228 total reviews.,2026-09-11 04:23:34.253000
671769928,Reader_Community,3.92,Official community discussion thread with 143 total reviews.,2026-09-11 04:23:34.253000
671731424,Reader_Community,4.06,Official community discussion thread with 326 total reviews.,2026-09-11 04:23:34.253000
067176991X,Reader_Community,3.89,Official community discussion thread with 96 total reviews.,2026-09-11 04:23:34.253000
671743058,Reader_Community,4.35,Official community discussion thread with 1740 total reviews.,2026-09-11 04:23:34.253000
671737767,Reader_Community,3.87,Official community discussion thread with 147 total reviews.,2026-09-11 04:23:34.253000
671741039,Reader_Community,4.28,Official community discussion thread with 2540 total reviews.,2026-09-11 04:23:34.253000
042518160X,Reader_Community,3.64,Official community discussion thread with 460 total reviews.,2026-09-11 04:23:34.253000
1587671409,Reader_Community,4.47,Official community discussion thread with 7 total reviews.,2026-09-11 04:23:34.253000
451933028,Reader_Community,4.44,Official community discussion thread with 4570 total reviews.,2026-09-11 04:23:34.253000
2226131906,Reader_Community,3.63,Official community discussion thread with 1617 total reviews.,2026-09-11 04:23:34.253000
965796930,Reader_Community,3.92,Official community discussion thread with 14 total reviews.,2026-09-11 04:23:34.253000
582418178,Reader_Community,4.25,Official community discussion thread with 974 total reviews.,2026-09-11 04:23:34.253000
452253802,Reader_Community,4.07,Official community discussion thread with 275 total reviews.,2026-09-11 04:23:34.253000
340820462,Reader_Community,4.33,Official community discussion thread with 142 total reviews.,2026-09-11 04:23:34.253000
450040186,Reader_Community,4.22,Official community discussion thread with 15105 total reviews.,2026-09-11 04:23:34.253000
9506440824,Reader_Community,4.24,Official community discussion thread with 9 total reviews.,2026-09-11 04:23:34.253000
045052468X,Reader_Community,3.77,Official community discussion thread with 1282 total reviews.,2026-09-11 04:23:34.253000
471782475,Reader_Community,3.42,Official community discussion thread with 9 total reviews.,2026-09-11 04:23:34.253000
671042858,Reader_Community,3.59,Official community discussion thread with 184 total reviews.,2026-09-11 04:23:34.253000
743525876,Reader_Community,3.63,Official community discussion thread with 270 total reviews.,2026-09-11 04:23:34.253000
453005071,Reader_Community,4.11,Official community discussion thread with 84 total reviews.,2026-09-11 04:23:34.253000
060981088X,Reader_Community,4.0,Official community discussion thread with 119 total reviews.,2026-09-11 04:23:34.253000
9998691567,Reader_Community,4.32,Official community discussion thread with 24 total reviews.,2026-09-11 04:23:34.253000
8401321689,Reader_Community,4.34,Official community discussion thread with 3 total reviews.,2026-09-11 04:23:34.253000
067401829X,Reader_Community,3.84,Official community discussion thread with 13 total reviews.,2026-09-11 04:23:34.253000
674530802,Reader_Community,4.29,Official community discussion thread with 20 total reviews.,2026-09-11 04:23:34.253000
674018249,Reader_Community,4.25,Official community discussion thread with 39 total reviews.,2026-09-11 04:23:34.253000
385487185,Reader_Community,4.17,Official community discussion thread with 3 total reviews.,2026-09-11 04:23:34.253000
385720254,Reader_Community,4.31,Official community discussion thread with 483 total reviews.,2026-09-11 04:23:34.253000
60732601,Reader_Community,4.27,Official community discussion thread with 283 total reviews.,2026-09-11 04:23:34.253000
375704469,Reader_Community,4.19,Official community discussion thread with 224 total reviews.,2026-09-11 04:23:34.253000
306812991,Reader_Community,3.92,Official community discussion thread with 60 total reviews.,2026-09-11 04:23:34.253000
385493916,Reader_Community,4.17,Official community discussion thread with 64 total reviews.,2026-09-11 04:23:34.253000
750934220,Reader_Community,3.67,Official community discussion thread with 24 total reviews.,2026-09-11 04:23:34.254000
807611689,Reader_Community,3.72,Official community discussion thread with 16 total reviews.,2026-09-11 04:23:34.254000
061873516X,Reader_Community,3.58,Official community discussion thread with 131 total reviews.,2026-09-11 04:23:34.254000
99771810,Reader_Community,3.92,Official community discussion thread with 3007 total reviews.,2026-09-11 04:23:34.254000
375707212,Reader_Community,3.81,Official community discussion thread with 325 total reviews.,2026-09-11 04:23:34.254000
679772596,Reader_Community,3.85,Official community discussion thread with 482 total reviews.,2026-09-11 04:23:34.254000
679749047,Reader_Community,3.91,Official community discussion thread with 195 total reviews.,2026-09-11 04:23:34.254000
679444599,Reader_Community,4.26,Official community discussion thread with 148 total reviews.,2026-09-11 04:23:34.254000
307264653,Reader_Community,3.17,Official community discussion thread with 410 total reviews.,2026-09-11 04:23:34.254000
345464567,Reader_Community,3.98,Official community discussion thread with 55 total reviews.,2026-09-11 04:23:34.254000
449911632,Reader_Community,3.45,Official community discussion thread with 150 total reviews.,2026-09-11 04:23:34.254000
878057005,Reader_Community,3.57,Official community discussion thread with 2 total reviews.,2026-09-11 04:23:34.254000
449911942,Reader_Community,3.97,Official community discussion thread with 395 total reviews.,2026-09-11 04:23:34.254000
30420563,Reader_Community,4.02,Official community discussion thread with 5 total reviews.,2026-09-11 04:23:34.254000
60845309,Reader_Community,3.68,Official community discussion thread with 19 total reviews.,2026-09-11 04:23:34.254000
60927542,Reader_Community,3.76,Official community discussion thread with 128 total reviews.,2026-09-11 04:23:34.254000
60928697,Reader_Community,3.45,Official community discussion thread with 36 total reviews.,2026-09-11 04:23:34.254000
60975946,Reader_Community,3.69,Official community discussion thread with 31 total reviews.,2026-09-11 04:23:34.254000
7195303,Reader_Community,3.83,Official community discussion thread with 83 total reviews.,2026-09-11 04:23:34.254000
375724427,Reader_Community,4.27,Official community discussion thread with 529 total reviews.,2026-09-11 04:23:34.254000
1400033888,Reader_Community,3.79,Official community discussion thread with 973 total reviews.,2026-09-11 04:23:34.254000
1400078652,Reader_Community,3.91,Official community discussion thread with 425 total reviews.,2026-09-11 04:23:34.254000
571164668,Reader_Community,3.46,Official community discussion thread with 431 total reviews.,2026-09-11 04:23:34.254000
1929001150,Reader_Community,3.83,Official community discussion thread with 4 total reviews.,2026-09-11 04:23:34.254000
8466368876,Reader_Community,3.85,Official community discussion thread with 45 total reviews.,2026-09-11 04:23:34.254000
811211738,Reader_Community,4.3,Official community discussion thread with 46 total reviews.,2026-09-11 04:23:34.254000
080215042X,Reader_Community,4.14,Official community discussion thread with 154 total reviews.,2026-09-11 04:23:34.254000
674821068,Reader_Community,4.22,Official community discussion thread with 6 total reviews.,2026-09-11 04:23:34.254000
811208990,Reader_Community,4.21,Official community discussion thread with 18 total reviews.,2026-09-11 04:23:34.254000
156003651,Reader_Community,4.21,Official community discussion thread with 30 total reviews.,2026-09-11 04:23:34.254000
413715000,Reader_Community,3.86,Official community discussion thread with 1 total reviews.,2026-09-11 04:23:34.254000
395859972,Reader_Community,3.47,Official community discussion thread with 514 total reviews.,2026-09-11 04:23:34.254000
1400041260,Reader_Community,4.07,Official community discussion thread with 7 total reviews.,2026-09-11 04:23:34.254000
99282194,Reader_Community,3.88,Official community discussion thread with 1410 total reviews.,2026-09-11 04:23:34.255000
312424094,Reader_Community,3.82,Official community discussion thread with 4489 total reviews.,2026-09-11 04:23:34.255000
60557567,Reader_Community,3.78,Official community discussion thread with 212 total reviews.,2026-09-11 04:23:34.255000
006079528X,Reader_Community,4.03,Official community discussion thread with 241 total reviews.,2026-09-11 04:23:34.255000
140283307,Reader_Community,3.87,Official community discussion thread with 2523 total reviews.,2026-09-11 04:23:34.255000
2868698220,Reader_Community,3.43,Official community discussion thread with 238 total reviews.,2026-09-11 04:23:34.255000
743273060,Reader_Community,3.41,Official community discussion thread with 24 total reviews.,2026-09-11 04:23:34.255000
743203968,Reader_Community,3.24,Official community discussion thread with 500 total reviews.,2026-09-11 04:23:34.255000
552992097,Reader_Community,3.9,Official community discussion thread with 1195 total reviews.,2026-09-11 04:23:34.255000
552120405,Reader_Community,3.9,Official community discussion thread with 26 total reviews.,2026-09-11 04:23:34.255000
3257211945,Reader_Community,3.9,Official community discussion thread with 19 total reviews.,2026-09-11 04:23:34.255000
8472238660,Reader_Community,3.9,Official community discussion thread with 3 total reviews.,2026-09-11 04:23:34.255000
61125644,Reader_Community,3.23,Official community discussion thread with 290 total reviews.,2026-09-11 04:23:34.255000
345484401,Reader_Community,3.71,Official community discussion thread with 230 total reviews.,2026-09-11 04:23:34.255000
452280192,Reader_Community,3.76,Official community discussion thread with 116 total reviews.,2026-09-11 04:23:34.255000
081297655X,Reader_Community,3.8,Official community discussion thread with 97 total reviews.,2026-09-11 04:23:34.255000
60816228,Reader_Community,3.55,Official community discussion thread with 357 total reviews.,2026-09-11 04:23:34.255000
60735252,Reader_Community,3.46,Official community discussion thread with 129 total reviews.,2026-09-11 04:23:34.255000
452275008,Reader_Community,3.34,Official community discussion thread with 821 total reviews.,2026-09-11 04:23:34.255000
99582015,Reader_Community,3.85,Official community discussion thread with 9 total reviews.,2026-09-11 04:23:34.255000
143036394,Reader_Community,3.87,Official community discussion thread with 40 total reviews.,2026-09-11 04:23:34.255000
521010500,Reader_Community,3.83,Official community discussion thread with 4 total reviews.,2026-09-11 04:23:34.255000
60521228,Reader_Community,3.57,Official community discussion thread with 1162 total reviews.,2026-09-11 04:23:34.255000
689863624,Reader_Community,3.96,Official community discussion thread with 594 total reviews.,2026-09-11 04:23:34.255000
1889032204,Reader_Community,4.25,Official community discussion thread with 40 total reviews.,2026-09-11 04:23:34.255000
99285568,Reader_Community,3.97,Official community discussion thread with 5 total reviews.,2026-09-11 04:23:34.255000
009928555X,Reader_Community,3.69,Official community discussion thread with 33 total reviews.,2026-09-11 04:23:34.255000
679643524,Reader_Community,4.04,Official community discussion thread with 51 total reviews.,2026-09-11 04:23:34.255000
60528877,Reader_Community,3.76,Official community discussion thread with 257 total reviews.,2026-09-11 04:23:34.255000
1400033616,Reader_Community,3.81,Official community discussion thread with 184 total reviews.,2026-09-11 04:23:34.255000
99471426,Reader_Community,4.11,Official community discussion thread with 2577 total reviews.,2026-09-11 04:23:34.255000
140189386,Reader_Community,3.53,Official community discussion thread with 118 total reviews.,2026-09-11 04:23:34.255000
143039571,Reader_Community,3.84,Official community discussion thread with 756 total reviews.,2026-09-11 04:23:34.255000
142437832,Reader_Community,3.76,Official community discussion thread with 135 total reviews.,2026-09-11 04:23:34.256000
159853002X,Reader_Community,4.19,Official community discussion thread with 10 total reviews.,2026-09-11 04:23:34.256000
553588184,Reader_Community,4.19,Official community discussion thread with 637 total reviews.,2026-09-11 04:23:34.256000
553588192,Reader_Community,3.89,Official community discussion thread with 369 total reviews.,2026-09-11 04:23:34.256000
452286034,Reader_Community,4.05,Official community discussion thread with 3479 total reviews.,2026-09-11 04:23:34.256000
553587080,Reader_Community,4.09,Official community discussion thread with 653 total reviews.,2026-09-11 04:23:34.256000
553587064,Reader_Community,4.08,Official community discussion thread with 44 total reviews.,2026-09-11 04:23:34.256000
553587072,Reader_Community,4.13,Official community discussion thread with 48 total reviews.,2026-09-11 04:23:34.256000
452285933,Reader_Community,4.15,Official community discussion thread with 1136 total reviews.,2026-09-11 04:23:34.256000
3518376780,Reader_Community,3.51,Official community discussion thread with 112 total reviews.,2026-09-11 04:23:34.256000
1892391368,Reader_Community,4.12,Official community discussion thread with 97 total reviews.,2026-09-11 04:23:34.256000
451457633,Reader_Community,4.02,Official community discussion thread with 241 total reviews.,2026-09-11 04:23:34.256000
345289676,Reader_Community,4.21,Official community discussion thread with 35 total reviews.,2026-09-11 04:23:34.256000
451452887,Reader_Community,3.89,Official community discussion thread with 136 total reviews.,2026-09-11 04:23:34.256000
1885972105,Reader_Community,4.37,Official community discussion thread with 9 total reviews.,2026-09-11 04:23:34.256000
207036187X,Reader_Community,3.75,Official community discussion thread with 14 total reviews.,2026-09-11 04:23:34.256000
312852533,Reader_Community,3.75,Official community discussion thread with 48 total reviews.,2026-09-11 04:23:34.256000
765344971,Reader_Community,3.46,Official community discussion thread with 3 total reviews.,2026-09-11 04:23:34.256000
2070394824,Reader_Community,3.96,Official community discussion thread with 77 total reviews.,2026-09-11 04:23:34.256000
1400042550,Reader_Community,4.34,Official community discussion thread with 30 total reviews.,2026-09-11 04:23:34.256000
679733841,Reader_Community,4.15,Official community discussion thread with 256 total reviews.,2026-09-11 04:23:34.256000
679720227,Reader_Community,4.04,Official community discussion thread with 1772 total reviews.,2026-09-11 04:23:34.256000
691120048,Reader_Community,4.19,Official community discussion thread with 5 total reviews.,2026-09-11 04:23:34.256000
679764011,Reader_Community,4.2,Official community discussion thread with 104 total reviews.,2026-09-11 04:23:34.256000
380731819,Reader_Community,4.09,Official community discussion thread with 71 total reviews.,2026-09-11 04:23:34.256000
1883011493,Reader_Community,4.37,Official community discussion thread with 34 total reviews.,2026-09-11 04:23:34.256000
140237518,Reader_Community,4.11,Official community discussion thread with 19 total reviews.,2026-09-11 04:23:34.257000
1597800449,Reader_Community,4.02,Official community discussion thread with 560 total reviews.,2026-09-11 04:23:34.257000
553575376,Reader_Community,4.21,Official community discussion thread with 759 total reviews.,2026-09-11 04:23:34.257000
743421922,Reader_Community,4.2,Official community discussion thread with 436 total reviews.,2026-09-11 04:23:34.257000
074341196X,Reader_Community,3.92,Official community discussion thread with 342 total reviews.,2026-09-11 04:23:34.257000
3453196791,Reader_Community,4.21,Official community discussion thread with 2 total reviews.,2026-09-11 04:23:34.257000
948877480,Reader_Community,3.92,Official community discussion thread with 3 total reviews.,2026-09-11 04:23:34.257000
316640166,Reader_Community,3.17,Official community discussion thread with 10 total reviews.,2026-09-11 04:23:34.257000
143039032,Reader_Community,3.77,Official community discussion thread with 2 total reviews.,2026-09-11 04:23:34.257000
192837621,Reader_Community,3.65,Official community discussion thread with 161 total reviews.,2026-09-11 04:23:34.257000
312264895,Reader_Community,3.48,Official community discussion thread with 2 total reviews.,2026-09-11 04:23:34.257000
61137367,Reader_Community,3.31,Official community discussion thread with 16 total reviews.,2026-09-11 04:23:34.257000
1931082197,Reader_Community,4.19,Official community discussion thread with 21 total reviews.,2026-09-11 04:23:34.257000
61137030,Reader_Community,4.02,Official community discussion thread with 99 total reviews.,2026-09-11 04:23:34.257000
872860027,Reader_Community,3.98,Official community discussion thread with 23 total reviews.,2026-09-11 04:23:34.257000
1931082200,Reader_Community,4.41,Official community discussion thread with 11 total reviews.,2026-09-11 04:23:34.257000
006083482X,Reader_Community,3.91,Official community discussion thread with 132 total reviews.,2026-09-11 04:23:34.257000
61139637,Reader_Community,3.67,Official community discussion thread with 26 total reviews.,2026-09-11 04:23:34.257000
140030344,Reader_Community,3.84,Official community discussion thread with 90 total reviews.,2026-09-11 04:23:34.257000
764200925,Reader_Community,3.77,Official community discussion thread with 33 total reviews.,2026-09-11 04:23:34.257000
60853972,Reader_Community,4.25,Official community discussion thread with 582 total reviews.,2026-09-11 04:23:34.257000
159497098X,Reader_Community,4.25,Official community discussion thread with 14 total reviews.,2026-09-11 04:23:34.257000
631231277,Reader_Community,4.23,Official community discussion thread with 187 total reviews.,2026-09-11 04:23:34.257000
60936649,Reader_Community,3.76,Official community discussion thread with 169 total reviews.,2026-09-11 04:23:34.257000
415254086,Reader_Community,4.07,Official community discussion thread with 404 total reviews.,2026-09-11 04:23:34.257000
24288101,Reader_Community,4.23,Official community discussion thread with 35 total reviews.,2026-09-11 04:23:34.257000
631169407,Reader_Community,4.16,Official community discussion thread with 4 total reviews.,2026-09-11 04:23:34.257000
674954017,Reader_Community,4.01,Official community discussion thread with 27 total reviews.,2026-09-11 04:23:34.257000
140159959,Reader_Community,4.36,Official community discussion thread with 148 total reviews.,2026-09-11 04:23:34.257000
1566631327,Reader_Community,4.06,Official community discussion thread with 26 total reviews.,2026-09-11 04:23:34.257000
61312118,Reader_Community,4.14,Official community discussion thread with 38 total reviews.,2026-09-11 04:23:34.257000
300093055,Reader_Community,4.07,Official community discussion thread with 734 total reviews.,2026-09-11 04:23:34.257000
2707301485,Reader_Community,3.83,Official community discussion thread with 74 total reviews.,2026-09-11 04:23:34.258000
802130798,Reader_Community,4.04,Official community discussion thread with 106 total reviews.,2026-09-11 04:23:34.258000
802151108,Reader_Community,4.11,Official community discussion thread with 9 total reviews.,2026-09-11 04:23:34.258000
159915014X,Reader_Community,3.5,Official community discussion thread with 3 total reviews.,2026-09-11 04:23:34.258000
014018922X,Reader_Community,3.95,Official community discussion thread with 63 total reviews.,2026-09-11 04:23:34.258000
048628459X,Reader_Community,3.85,Official community discussion thread with 18 total reviews.,2026-09-11 04:23:34.258000
1590171152,Reader_Community,4.03,Official community discussion thread with 108 total reviews.,2026-09-11 04:23:34.258000
941419746,Reader_Community,4.1,Official community discussion thread with 106 total reviews.,2026-09-11 04:23:34.258000
802141943,Reader_Community,3.91,Official community discussion thread with 21 total reviews.,2026-09-11 04:23:34.258000
373247958,Reader_Community,4.09,Official community discussion thread with 94 total reviews.,2026-09-11 04:23:34.258000
689851324,Reader_Community,3.94,Official community discussion thread with 1081 total reviews.,2026-09-11 04:23:34.258000
307274977,Reader_Community,3.91,Official community discussion thread with 178 total reviews.,2026-09-11 04:23:34.258000
553346113,Reader_Community,4.18,Official community discussion thread with 105 total reviews.,2026-09-11 04:23:34.258000
805069852,Reader_Community,4.15,Official community discussion thread with 6 total reviews.,2026-09-11 04:23:34.258000
743277708,Reader_Community,4.06,Official community discussion thread with 752 total reviews.,2026-09-11 04:23:34.258000
60935456,Reader_Community,4.06,Official community discussion thread with 80 total reviews.,2026-09-11 04:23:34.258000
517289369,Reader_Community,3.79,Official community discussion thread with 3 total reviews.,2026-09-11 04:23:34.258000
618445579,Reader_Community,4.27,Official community discussion thread with 53 total reviews.,2026-09-11 04:23:34.258000
618339248,Reader_Community,4.11,Official community discussion thread with 224 total reviews.,2026-09-11 04:23:34.258000
521402409,Reader_Community,3.96,Official community discussion thread with 22 total reviews.,2026-09-11 04:23:34.258000
374529264,Reader_Community,4.25,Official community discussion thread with 660 total reviews.,2026-09-11 04:23:34.258000
60593245,Reader_Community,3.96,Official community discussion thread with 26 total reviews.,2026-09-11 04:23:34.258000
141185600,Reader_Community,3.9,Official community discussion thread with 23 total reviews.,2026-09-11 04:23:34.258000
679725229,Reader_Community,4.15,Official community discussion thread with 543 total reviews.,2026-09-11 04:23:34.258000
679726098,Reader_Community,4.0,Official community discussion thread with 59 total reviews.,2026-09-11 04:23:34.258000
140150331,Reader_Community,4.28,Official community discussion thread with 7 total reviews.,2026-09-11 04:23:34.259000
1551111721,Reader_Community,3.62,Official community discussion thread with 838 total reviews.,2026-09-11 04:23:34.259000
192801732,Reader_Community,3.9,Official community discussion thread with 20 total reviews.,2026-09-11 04:23:34.259000
525467343,Reader_Community,4.4,Official community discussion thread with 322 total reviews.,2026-09-11 04:23:34.259000
805069860,Reader_Community,4.25,Official community discussion thread with 67 total reviews.,2026-09-11 04:23:34.259000
1400040663,Reader_Community,3.88,Official community discussion thread with 69 total reviews.,2026-09-11 04:23:34.259000
486275507,Reader_Community,4.28,Official community discussion thread with 251 total reviews.,2026-09-11 04:23:34.259000
188301106X,Reader_Community,4.32,Official community discussion thread with 51 total reviews.,2026-09-11 04:23:34.259000
805063412,Reader_Community,4.11,Official community discussion thread with 31 total reviews.,2026-09-11 04:23:34.259000
679763961,Reader_Community,4.08,Official community discussion thread with 36 total reviews.,2026-09-11 04:23:34.259000
822210894,Reader_Community,3.98,Official community discussion thread with 2409 total reviews.,2026-09-11 04:23:34.259000
811216020,Reader_Community,3.98,Official community discussion thread with 337 total reviews.,2026-09-11 04:23:34.259000
3.58,Reader_Community,0.0,Official community discussion thread with 61 total reviews.,2026-09-11 04:23:34.259000
141439505,Reader_Community,3.9,Official community discussion thread with 179 total reviews.,2026-09-11 04:23:34.259000
159113644X,Reader_Community,4.5,Official community discussion thread with 2 total reviews.,2026-09-11 04:23:34.259000
786809930,Reader_Community,4.14,Official community discussion thread with 19 total reviews.,2026-09-11 04:23:34.259000
865475245,Reader_Community,4.32,Official community discussion thread with 23 total reviews.,2026-09-11 04:23:34.259000
226469441,Reader_Community,3.98,Official community discussion thread with 21 total reviews.,2026-09-11 04:23:34.259000
143059289,Reader_Community,3.86,Official community discussion thread with 7 total reviews.,2026-09-11 04:23:34.259000
856686271,Reader_Community,4.5,Official community discussion thread with 1 total reviews.,2026-09-11 04:23:34.259000
786809310,Reader_Community,4.09,Official community discussion thread with 22 total reviews.,2026-09-11 04:23:34.259000
811212696,Reader_Community,4.31,Official community discussion thread with 46 total reviews.,2026-09-11 04:23:34.259000
140437916,Reader_Community,3.8,Official community discussion thread with 211 total reviews.,2026-09-11 04:23:34.259000
887380050,Reader_Community,3.87,Official community discussion thread with 8 total reviews.,2026-09-11 04:23:34.259000
375400702,Reader_Community,4.28,Official community discussion thread with 217 total reviews.,2026-09-11 04:23:34.259000
892969598,Reader_Community,3.45,Official community discussion thread with 3 total reviews.,2026-09-11 04:23:34.259000
930330013,Reader_Community,3.63,Official community discussion thread with 4 total reviews.,2026-09-11 04:23:34.259000
031229543X,Reader_Community,4.25,Official community discussion thread with 1 total reviews.,2026-09-11 04:23:34.259000
142437263,Reader_Community,3.4,Official community discussion thread with 10402 total reviews.,2026-09-11 04:23:34.259000
679783385,Reader_Community,3.4,Official community discussion thread with 220 total reviews.,2026-09-11 04:23:34.259000
743487567,Reader_Community,3.4,Official community discussion thread with 68 total reviews.,2026-09-11 04:23:34.259000
1587263831,Reader_Community,3.4,Official community discussion thread with 8 total reviews.,2026-09-11 04:23:34.260000
074326469X,Reader_Community,3.4,Official community discussion thread with 11 total reviews.,2026-09-11 04:23:34.260000
486285154,Reader_Community,3.98,Official community discussion thread with 20 total reviews.,2026-09-11 04:23:34.260000
804741719,Reader_Community,4.21,Official community discussion thread with 4 total reviews.,2026-09-11 04:23:34.260000
679783393,Reader_Community,4.11,Official community discussion thread with 76 total reviews.,2026-09-11 04:23:34.260000
014044923X,Reader_Community,4.01,Official community discussion thread with 1115 total reviews.,2026-09-11 04:23:34.260000
521599636,Reader_Community,4.18,Official community discussion thread with 26 total reviews.,2026-09-11 04:23:34.260000
439635810,Reader_Community,4.21,Official community discussion thread with 7 total reviews.,2026-09-11 04:23:34.260000
375760814,Reader_Community,4.01,Official community discussion thread with 483 total reviews.,2026-09-11 04:23:34.260000
140280464,Reader_Community,3.96,Official community discussion thread with 1330 total reviews.,2026-09-11 04:23:34.260000
743243803,Reader_Community,3.88,Official community discussion thread with 1318 total reviews.,2026-09-11 04:23:34.260000
99276496,Reader_Community,4.04,Official community discussion thread with 332 total reviews.,2026-09-11 04:23:34.260000
009943752X,Reader_Community,3.75,Official community discussion thread with 252 total reviews.,2026-09-11 04:23:34.260000
1582343896,Reader_Community,3.88,Official community discussion thread with 15 total reviews.,2026-09-11 04:23:34.260000
679454683,Reader_Community,3.9,Official community discussion thread with 353 total reviews.,2026-09-11 04:23:34.260000
847826694,Reader_Community,4.47,Official community discussion thread with 11 total reviews.,2026-09-11 04:23:34.260000
375707255,Reader_Community,4.02,Official community discussion thread with 39 total reviews.,2026-09-11 04:23:34.260000
679726225,Reader_Community,3.96,Official community discussion thread with 124 total reviews.,2026-09-11 04:23:34.261000
758207301,Reader_Community,4.38,Official community discussion thread with 20 total reviews.,2026-09-11 04:23:34.261000
811216543,Reader_Community,4.23,Official community discussion thread with 876 total reviews.,2026-09-11 04:23:34.261000
143036599,Reader_Community,3.92,Official community discussion thread with 247 total reviews.,2026-09-11 04:23:34.261000
295981466,Reader_Community,4.43,Official community discussion thread with 4 total reviews.,2026-09-11 04:23:34.261000
393979164,Reader_Community,3.85,Official community discussion thread with 26 total reviews.,2026-09-11 04:23:34.261000
385721005,Reader_Community,4.14,Official community discussion thread with 59 total reviews.,2026-09-11 04:23:34.262000
345476328,Reader_Community,3.93,Official community discussion thread with 118 total reviews.,2026-09-11 04:23:34.262000
684837935,Reader_Community,4.07,Official community discussion thread with 43 total reviews.,2026-09-11 04:23:34.262000
081120135X,Reader_Community,3.82,Official community discussion thread with 8 total reviews.,2026-09-11 04:23:34.262000
940322714,Reader_Community,4.26,Official community discussion thread with 16 total reviews.,2026-09-11 04:23:34.262000
440204933,Reader_Community,3.92,Official community discussion thread with 74 total reviews.,2026-09-11 04:23:34.262000
345494024,Reader_Community,3.85,Official community discussion thread with 401 total reviews.,2026-09-11 04:23:34.262000
670800333,Reader_Community,4.01,Official community discussion thread with 133 total reviews.,2026-09-11 04:23:34.262000
517391732,Reader_Community,3.52,Official community discussion thread with 3 total reviews.,2026-09-11 04:23:34.262000
60930055,Reader_Community,4.04,Official community discussion thread with 265 total reviews.,2026-09-11 04:23:34.262000
743297318,Reader_Community,3.93,Official community discussion thread with 751 total reviews.,2026-09-11 04:23:34.262000
684867850,Reader_Community,4.2,Official community discussion thread with 45 total reviews.,2026-09-11 04:23:34.262000
940450496,Reader_Community,4.18,Official community discussion thread with 9 total reviews.,2026-09-11 04:23:34.262000
940450488,Reader_Community,4.1,Official community discussion thread with 5 total reviews.,2026-09-11 04:23:34.262000
394536495,Reader_Community,3.14,Official community discussion thread with 351 total reviews.,2026-09-11 04:23:34.262000
312265050,Reader_Community,3.94,Official community discussion thread with 620 total reviews.,2026-09-11 04:23:34.262000
375700811,Reader_Community,4.06,Official community discussion thread with 952 total reviews.,2026-09-11 04:23:34.262000
1560258241,Reader_Community,3.3,Official community discussion thread with 10 total reviews.,2026-09-11 04:23:34.262000
452272793,Reader_Community,3.66,Official community discussion thread with 188 total reviews.,2026-09-11 04:23:34.262000
141182571,Reader_Community,4.07,Official community discussion thread with 313 total reviews.,2026-09-11 04:23:34.262000
515124796,Reader_Community,3.92,Official community discussion thread with 3 total reviews.,2026-09-11 04:23:34.262000
1933372192,Reader_Community,3.8,Official community discussion thread with 34 total reviews.,2026-09-11 04:23:34.262000
99766817,Reader_Community,3.9,Official community discussion thread with 85 total reviews.,2026-09-11 04:23:34.262000
075821409X,Reader_Community,3.72,Official community discussion thread with 119 total reviews.,2026-09-11 04:23:34.262000
307278360,Reader_Community,3.96,Official community discussion thread with 562 total reviews.,2026-09-11 04:23:34.262000
375706674,Reader_Community,4.14,Official community discussion thread with 6140 total reviews.,2026-09-11 04:23:34.262000
312311338,Reader_Community,3.8,Official community discussion thread with 394 total reviews.,2026-09-11 04:23:34.262000
679642420,Reader_Community,4.18,Official community discussion thread with 2760 total reviews.,2026-09-11 04:23:34.262000
1592574718,Reader_Community,4.11,Official community discussion thread with 9 total reviews.,2026-09-11 04:23:34.263000
679772642,Reader_Community,3.95,Official community discussion thread with 147 total reviews.,2026-09-11 04:23:34.263000
140127224,Reader_Community,3.86,Official community discussion thread with 146 total reviews.,2026-09-11 04:23:34.263000
872863808,Reader_Community,3.44,Official community discussion thread with 25 total reviews.,2026-09-11 04:23:34.263000
60920645,Reader_Community,4.34,Official community discussion thread with 42 total reviews.,2026-09-11 04:23:34.263000
72434171,Reader_Community,4.11,Official community discussion thread with 1596 total reviews.,2026-09-11 04:23:34.263000
60915188,Reader_Community,3.91,Official community discussion thread with 604 total reviews.,2026-09-11 04:23:34.263000
375703470,Reader_Community,4.16,Official community discussion thread with 380 total reviews.,2026-09-11 04:23:34.263000
61239534,Reader_Community,3.57,Official community discussion thread with 975 total reviews.,2026-09-11 04:23:34.263000
1594481571,Reader_Community,4.05,Official community discussion thread with 865 total reviews.,2026-09-11 04:23:34.263000
1582430543,Reader_Community,3.63,Official community discussion thread with 111 total reviews.,2026-09-11 04:23:34.263000
1400079098,Reader_Community,4.19,Official community discussion thread with 1664 total reviews.,2026-09-11 04:23:34.263000
141007451,Reader_Community,4.06,Official community discussion thread with 188 total reviews.,2026-09-11 04:23:34.263000
812967941,Reader_Community,3.83,Official community discussion thread with 81 total reviews.,2026-09-11 04:23:34.263000
184159105X,Reader_Community,4.29,Official community discussion thread with 310 total reviews.,2026-09-11 04:23:34.263000
345457374,Reader_Community,3.99,Official community discussion thread with 2689 total reviews.,2026-09-11 04:23:34.263000
143038109,Reader_Community,4.01,Official community discussion thread with 1661 total reviews.,2026-09-11 04:23:34.263000
689806167,Reader_Community,3.97,Official community discussion thread with 64 total reviews.,2026-09-11 04:23:34.263000
055299801X,Reader_Community,3.65,Official community discussion thread with 121 total reviews.,2026-09-11 04:23:34.263000
785282092,Reader_Community,3.72,Official community discussion thread with 20 total reviews.,2026-09-11 04:23:34.263000
143039865,Reader_Community,4.17,Official community discussion thread with 80 total reviews.,2026-09-11 04:23:34.263000
395500761,Reader_Community,4.15,Official community discussion thread with 380 total reviews.,2026-09-11 04:23:34.263000
395706742,Reader_Community,4.29,Official community discussion thread with 95 total reviews.,2026-09-11 04:23:34.263000
395547032,Reader_Community,4.25,Official community discussion thread with 103 total reviews.,2026-09-11 04:23:34.263000
312277105,Reader_Community,3.78,Official community discussion thread with 77 total reviews.,2026-09-11 04:23:34.263000
156189216,Reader_Community,4.23,Official community discussion thread with 202 total reviews.,2026-09-11 04:23:34.263000
188301154X,Reader_Community,4.17,Official community discussion thread with 27 total reviews.,2026-09-11 04:23:34.263000
878055290,Reader_Community,4.43,Official community discussion thread with 15 total reviews.,2026-09-11 04:23:34.263000
679642706,Reader_Community,4.04,Official community discussion thread with 56 total reviews.,2026-09-11 04:23:34.263000
61124192,Reader_Community,3.94,Official community discussion thread with 28 total reviews.,2026-09-11 04:23:34.263000
679728821,Reader_Community,3.6,Official community discussion thread with 59 total reviews.,2026-09-11 04:23:34.264000
679730044,Reader_Community,4.06,Official community discussion thread with 11 total reviews.,2026-09-11 04:23:34.264000
015636090X,Reader_Community,3.88,Official community discussion thread with 76 total reviews.,2026-09-11 04:23:34.264000
674639278,Reader_Community,4.06,Official community discussion thread with 232 total reviews.,2026-09-11 04:23:34.264000
374525641,Reader_Community,4.17,Official community discussion thread with 4194 total reviews.,2026-09-11 04:23:34.264000
805076883,Reader_Community,3.97,Official community discussion thread with 345 total reviews.,2026-09-11 04:23:34.264000
1595581340,Reader_Community,3.94,Official community discussion thread with 116 total reviews.,2026-09-11 04:23:34.264000
1583225366,Reader_Community,4.02,Official community discussion thread with 320 total reviews.,2026-09-11 04:23:34.264000
158322565X,Reader_Community,3.73,Official community discussion thread with 2 total reviews.,2026-09-11 04:23:34.264000
1904859208,Reader_Community,3.93,Official community discussion thread with 192 total reviews.,2026-09-11 04:23:34.264000
1852421177,Reader_Community,3.98,Official community discussion thread with 38 total reviews.,2026-09-11 04:23:34.264000
052167493X,Reader_Community,3.86,Official community discussion thread with 31 total reviews.,2026-09-11 04:23:34.264000
1594513120,Reader_Community,4.05,Official community discussion thread with 16 total reviews.,2026-09-11 04:23:34.264000
1878825011,Reader_Community,3.99,Official community discussion thread with 133 total reviews.,2026-09-11 04:23:34.264000
080507967X,Reader_Community,3.97,Official community discussion thread with 90 total reviews.,2026-09-11 04:23:34.264000
742529789,Reader_Community,3.76,Official community discussion thread with 20 total reviews.,2026-09-11 04:23:34.264000
262530074,Reader_Community,3.96,Official community discussion thread with 10 total reviews.,2026-09-11 04:23:34.264000
415926327,Reader_Community,3.96,Official community discussion thread with 5 total reviews.,2026-09-11 04:23:34.264000
60578122,Reader_Community,4.22,Official community discussion thread with 20 total reviews.,2026-09-11 04:23:34.264000
192822756,Reader_Community,3.62,Official community discussion thread with 160 total reviews.,2026-09-11 04:23:34.264000
60578114,Reader_Community,4.32,Official community discussion thread with 28 total reviews.,2026-09-11 04:23:34.264000
143037498,Reader_Community,3.77,Official community discussion thread with 451 total reviews.,2026-09-11 04:23:34.264000
61059471,Reader_Community,4.25,Official community discussion thread with 36 total reviews.,2026-09-11 04:23:34.264000
375760385,Reader_Community,4.3,Official community discussion thread with 1149 total reviews.,2026-09-11 04:23:34.264000
375760377,Reader_Community,4.2,Official community discussion thread with 1383 total reviews.,2026-09-11 04:23:34.264000
812970438,Reader_Community,4.18,Official community discussion thread with 664 total reviews.,2026-09-11 04:23:34.264000
812969820,Reader_Community,4.05,Official community discussion thread with 400 total reviews.,2026-09-11 04:23:34.264000
449207331,Reader_Community,3.71,Official community discussion thread with 152 total reviews.,2026-09-11 04:23:34.264000
449452697,Reader_Community,4.24,Official community discussion thread with 13 total reviews.,2026-09-11 04:23:34.264000
609810901,Reader_Community,3.96,Official community discussion thread with 3 total reviews.,2026-09-11 04:23:34.264000
9685957002,Reader_Community,3.96,Official community discussion thread with 9 total reviews.,2026-09-11 04:23:34.264000
743437497,Reader_Community,4.22,Official community discussion thread with 134 total reviews.,2026-09-11 04:23:34.264000
1417618256,Reader_Community,4.22,Official community discussion thread with 2 total reviews.,2026-09-11 04:23:34.264000
61238228,Reader_Community,4.13,Official community discussion thread with 158 total reviews.,2026-09-11 04:23:34.264000
739461192,Reader_Community,4.13,Official community discussion thread with 12116 total reviews.,2026-09-11 04:23:34.264000
451529251,Reader_Community,3.85,Official community discussion thread with 201 total reviews.,2026-09-11 04:23:34.264000
141185538,Reader_Community,3.9,Official community discussion thread with 996 total reviews.,2026-09-11 04:23:34.265000
553572822,Reader_Community,4.15,Official community discussion thread with 4 total reviews.,2026-09-11 04:23:34.265000
143038192,Reader_Community,4.02,Official community discussion thread with 209 total reviews.,2026-09-11 04:23:34.265000
440979757,Reader_Community,3.74,Official community discussion thread with 356 total reviews.,2026-09-11 04:23:34.265000
067964248X,Reader_Community,3.94,Official community discussion thread with 35 total reviews.,2026-09-11 04:23:34.265000
1860491812,Reader_Community,3.89,Official community discussion thread with 276 total reviews.,2026-09-11 04:23:34.265000
375756868,Reader_Community,3.97,Official community discussion thread with 11 total reviews.,2026-09-11 04:23:34.265000
142437964,Reader_Community,4.14,Official community discussion thread with 1767 total reviews.,2026-09-11 04:23:34.265000
1593083777,Reader_Community,4.14,Official community discussion thread with 9 total reviews.,2026-09-11 04:23:34.265000
373289804,Reader_Community,3.27,Official community discussion thread with 6 total reviews.,2026-09-11 04:23:34.265000
786711647,Reader_Community,3.94,Official community discussion thread with 556 total reviews.,2026-09-11 04:23:34.265000
553566407,Reader_Community,3.67,Official community discussion thread with 7 total reviews.,2026-09-11 04:23:34.265000
143036939,Reader_Community,3.54,Official community discussion thread with 1494 total reviews.,2026-09-11 04:23:34.265000
1933618086,Reader_Community,3.92,Official community discussion thread with 220 total reviews.,2026-09-11 04:23:34.265000
226424154,Reader_Community,3.9,Official community discussion thread with 14 total reviews.,2026-09-11 04:23:34.265000
679455132,Reader_Community,3.73,Official community discussion thread with 38 total reviews.,2026-09-11 04:23:34.265000
434010537,Reader_Community,3.5,Official community discussion thread with 1 total reviews.,2026-09-11 04:23:34.265000
140158766,Reader_Community,4.09,Official community discussion thread with 17 total reviews.,2026-09-11 04:23:34.265000
142180092,Reader_Community,3.93,Official community discussion thread with 34 total reviews.,2026-09-11 04:23:34.265000
744586461,Reader_Community,3.94,Official community discussion thread with 5 total reviews.,2026-09-11 04:23:34.265000
822008939,Reader_Community,3.4,Official community discussion thread with 1 total reviews.,2026-09-11 04:23:34.265000
374521409,Reader_Community,4.29,Official community discussion thread with 255 total reviews.,2026-09-11 04:23:34.265000
184115749X,Reader_Community,3.52,Official community discussion thread with 278 total reviews.,2026-09-11 04:23:34.265000
7153589,Reader_Community,3.59,Official community discussion thread with 33 total reviews.,2026-09-11 04:23:34.265000
312420145,Reader_Community,3.12,Official community discussion thread with 330 total reviews.,2026-09-11 04:23:34.265000
671732471,Reader_Community,4.03,Official community discussion thread with 33 total reviews.,2026-09-11 04:23:34.265000
006092960X,Reader_Community,4.16,Official community discussion thread with 70 total reviews.,2026-09-11 04:23:34.265000
671732463,Reader_Community,4.12,Official community discussion thread with 257 total reviews.,2026-09-11 04:23:34.265000
074341280X,Reader_Community,4.03,Official community discussion thread with 37 total reviews.,2026-09-11 04:23:34.265000
067173248X,Reader_Community,4.22,Official community discussion thread with 53 total reviews.,2026-09-11 04:23:34.265000
671732528,Reader_Community,4.13,Official community discussion thread with 89 total reviews.,2026-09-11 04:23:34.265000
671732501,Reader_Community,4.14,Official community discussion thread with 67 total reviews.,2026-09-11 04:23:34.265000
1855384272,Reader_Community,4.1,Official community discussion thread with 97 total reviews.,2026-09-11 04:23:34.265000
345481267,Reader_Community,4.26,Official community discussion thread with 6 total reviews.,2026-09-11 04:23:34.265000
375756884,Reader_Community,4.26,Official community discussion thread with 89 total reviews.,2026-09-11 04:23:34.266000
375411224,Reader_Community,4.27,Official community discussion thread with 27 total reviews.,2026-09-11 04:23:34.266000
375702245,Reader_Community,4.18,Official community discussion thread with 294 total reviews.,2026-09-11 04:23:34.266000
60726466,Reader_Community,4.42,Official community discussion thread with 29 total reviews.,2026-09-11 04:23:34.266000
1593080581,Reader_Community,4.18,Official community discussion thread with 52 total reviews.,2026-09-11 04:23:34.266000
1567180701,Reader_Community,3.92,Official community discussion thread with 5 total reviews.,2026-09-11 04:23:34.266000
1844080382,Reader_Community,4.23,Official community discussion thread with 8119 total reviews.,2026-09-11 04:23:34.266000
805242090,Reader_Community,3.92,Official community discussion thread with 79 total reviews.,2026-09-11 04:23:34.266000
042520961X,Reader_Community,3.79,Official community discussion thread with 25 total reviews.,2026-09-11 04:23:34.266000
014310490X,Reader_Community,4.23,Official community discussion thread with 228 total reviews.,2026-09-11 04:23:34.266000
009930791X,Reader_Community,3.77,Official community discussion thread with 188 total reviews.,2026-09-11 04:23:34.266000
385240872,Reader_Community,3.7,Official community discussion thread with 305 total reviews.,2026-09-11 04:23:34.266000
822002108,Reader_Community,3.73,Official community discussion thread with 3 total reviews.,2026-09-11 04:23:34.266000
706432088,Reader_Community,4.05,Official community discussion thread with 1 total reviews.,2026-09-11 04:23:34.266000
822001101,Reader_Community,3.12,Official community discussion thread with 1 total reviews.,2026-09-11 04:23:34.266000
670038032,Reader_Community,3.84,Official community discussion thread with 117 total reviews.,2026-09-11 04:23:34.266000
679729526,Reader_Community,3.84,Official community discussion thread with 1182 total reviews.,2026-09-11 04:23:34.266000
140449329,Reader_Community,3.84,Official community discussion thread with 96 total reviews.,2026-09-11 04:23:34.266000
872207315,Reader_Community,3.84,Official community discussion thread with 27 total reviews.,2026-09-11 04:23:34.266000
674995864,Reader_Community,4.4,Official community discussion thread with 5 total reviews.,2026-09-11 04:23:34.266000
486434125,Reader_Community,3.18,Official community discussion thread with 39 total reviews.,2026-09-11 04:23:34.266000
192834401,Reader_Community,3.18,Official community discussion thread with 1211 total reviews.,2026-09-11 04:23:34.266000
385732538,Reader_Community,3.91,Official community discussion thread with 6654 total reviews.,2026-09-11 04:23:34.266000
618685502,Reader_Community,3.9,Official community discussion thread with 1554 total reviews.,2026-09-11 04:23:34.266000
440402913,Reader_Community,3.9,Official community discussion thread with 44 total reviews.,2026-09-11 04:23:34.266000
440415241,Reader_Community,3.93,Official community discussion thread with 32 total reviews.,2026-09-11 04:23:34.266000
385732562,Reader_Community,3.82,Official community discussion thread with 9341 total reviews.,2026-09-11 04:23:34.266000
440414008,Reader_Community,3.71,Official community discussion thread with 15 total reviews.,2026-09-11 04:23:34.266000
074348276X,Reader_Community,3.91,Official community discussion thread with 2806 total reviews.,2026-09-11 04:23:34.266000
019832054X,Reader_Community,3.91,Official community discussion thread with 24 total reviews.,2026-09-11 04:23:34.266000
1903436591,Reader_Community,3.91,Official community discussion thread with 98 total reviews.,2026-09-11 04:23:34.266000
743484959,Reader_Community,3.91,Official community discussion thread with 11 total reviews.,2026-09-11 04:23:34.266000
039395904X,Reader_Community,3.43,Official community discussion thread with 93 total reviews.,2026-09-11 04:23:34.266000
141439904,Reader_Community,3.79,Official community discussion thread with 270 total reviews.,2026-09-11 04:23:34.267000
553210599,Reader_Community,3.8,Official community discussion thread with 134 total reviews.,2026-09-11 04:23:34.267000
312406916,Reader_Community,3.43,Official community discussion thread with 77 total reviews.,2026-09-11 04:23:34.267000
052161872X,Reader_Community,4.07,Official community discussion thread with 12 total reviews.,2026-09-11 04:23:34.267000
451526813,Reader_Community,4.07,Official community discussion thread with 62 total reviews.,2026-09-11 04:23:34.267000
198320566,Reader_Community,4.07,Official community discussion thread with 2 total reviews.,2026-09-11 04:23:34.267000
1932219250,Reader_Community,4.07,Official community discussion thread with 7 total reviews.,2026-09-11 04:23:34.267000
521532507,Reader_Community,4.07,Official community discussion thread with 12 total reviews.,2026-09-11 04:23:34.267000
156031191,Reader_Community,3.5,Official community discussion thread with 3510 total reviews.,2026-09-11 04:23:34.267000
679743340,Reader_Community,3.9,Official community discussion thread with 100 total reviews.,2026-09-11 04:23:34.267000
812036042,Reader_Community,3.98,Official community discussion thread with 18 total reviews.,2026-09-11 04:23:34.267000
743484967,Reader_Community,3.98,Official community discussion thread with 14 total reviews.,2026-09-11 04:23:34.267000
141014709,Reader_Community,3.98,Official community discussion thread with 21 total reviews.,2026-09-11 04:23:34.275000
345477529,Reader_Community,3.82,Official community discussion thread with 94 total reviews.,2026-09-11 04:23:34.275000
375725180,Reader_Community,4.02,Official community discussion thread with 107 total reviews.,2026-09-11 04:23:34.275000
684852705,Reader_Community,3.74,Official community discussion thread with 63 total reviews.,2026-09-11 04:23:34.275000
679736530,Reader_Community,3.87,Official community discussion thread with 216 total reviews.,2026-09-11 04:23:34.275000
743477553,Reader_Community,3.89,Official community discussion thread with 4265 total reviews.,2026-09-11 04:23:34.275000
1932219269,Reader_Community,3.89,Official community discussion thread with 3 total reviews.,2026-09-11 04:23:34.275000
743482824,Reader_Community,3.89,Official community discussion thread with 25 total reviews.,2026-09-11 04:23:34.276000
198320272,Reader_Community,3.68,Official community discussion thread with 2595 total reviews.,2026-09-11 04:23:34.276000
1932219161,Reader_Community,3.68,Official community discussion thread with 3 total reviews.,2026-09-11 04:23:34.276000
521535131,Reader_Community,3.68,Official community discussion thread with 2 total reviews.,2026-09-11 04:23:34.276000
1586638475,Reader_Community,3.68,Official community discussion thread with 78 total reviews.,2026-09-11 04:23:34.276000
1904271359,Reader_Community,3.83,Official community discussion thread with 493 total reviews.,2026-09-11 04:23:34.276000
517223627,Reader_Community,4.03,Official community discussion thread with 5234 total reviews.,2026-09-11 04:23:34.276000
439291496,Reader_Community,4.02,Official community discussion thread with 18 total reviews.,2026-09-11 04:23:34.276000
140153179,Reader_Community,4.17,Official community discussion thread with 294 total reviews.,2026-09-11 04:23:34.276000
140153195,Reader_Community,3.89,Official community discussion thread with 542 total reviews.,2026-09-11 04:23:34.276000
140153225,Reader_Community,4.18,Official community discussion thread with 124 total reviews.,2026-09-11 04:23:34.276000
613572742,Reader_Community,4.02,Official community discussion thread with 40 total reviews.,2026-09-11 04:23:34.276000
684846942,Reader_Community,3.91,Official community discussion thread with 114 total reviews.,2026-09-11 04:23:34.276000
300091419,Reader_Community,3.83,Official community discussion thread with 2 total reviews.,2026-09-11 04:23:34.276000
307262995,Reader_Community,3.63,Official community discussion thread with 1533 total reviews.,2026-09-11 04:23:34.276000
446677167,Reader_Community,3.95,Official community discussion thread with 696 total reviews.,2026-09-11 04:23:34.276000
446695696,Reader_Community,3.96,Official community discussion thread with 571 total reviews.,2026-09-11 04:23:34.276000
446695645,Reader_Community,3.82,Official community discussion thread with 743 total reviews.,2026-09-11 04:23:34.276000
446695718,Reader_Community,3.94,Official community discussion thread with 669 total reviews.,2026-09-11 04:23:34.276000
446695688,Reader_Community,3.89,Official community discussion thread with 1047 total reviews.,2026-09-11 04:23:34.276000
375821821,Reader_Community,3.88,Official community discussion thread with 2348 total reviews.,2026-09-11 04:23:34.276000
446695661,Reader_Community,3.93,Official community discussion thread with 624 total reviews.,2026-09-11 04:23:34.276000
449001245,Reader_Community,3.48,Official community discussion thread with 161 total reviews.,2026-09-11 04:23:34.277000
044669567X,Reader_Community,3.84,Official community discussion thread with 536 total reviews.,2026-09-11 04:23:34.277000
044661193X,Reader_Community,3.82,Official community discussion thread with 29 total reviews.,2026-09-11 04:23:34.277000
375410465,Reader_Community,4.45,Official community discussion thread with 1 total reviews.,2026-09-11 04:23:34.277000
446615129,Reader_Community,3.81,Official community discussion thread with 2602 total reviews.,2026-09-11 04:23:34.277000
440421705,Reader_Community,3.82,Official community discussion thread with 3692 total reviews.,2026-09-11 04:23:34.277000
865476063,Reader_Community,4.08,Official community discussion thread with 154 total reviews.,2026-09-11 04:23:34.277000
884196488,Reader_Community,3.84,Official community discussion thread with 1 total reviews.,2026-09-11 04:23:34.277000
446912069,Reader_Community,3.87,Official community discussion thread with 100 total reviews.,2026-09-11 04:23:34.277000
446674575,Reader_Community,3.64,Official community discussion thread with 337 total reviews.,2026-09-11 04:23:34.277000
1594831955,Reader_Community,3.64,Official community discussion thread with 10 total reviews.,2026-09-11 04:23:34.277000
553503707,Reader_Community,3.84,Official community discussion thread with 11 total reviews.,2026-09-11 04:23:34.277000
688052304,Reader_Community,3.77,Official community discussion thread with 47 total reviews.,2026-09-11 04:23:34.277000
030680932X,Reader_Community,3.83,Official community discussion thread with 97 total reviews.,2026-09-11 04:23:34.277000
307237583,Reader_Community,3.87,Official community discussion thread with 267 total reviews.,2026-09-11 04:23:34.277000
815411839,Reader_Community,4.03,Official community discussion thread with 99 total reviews.,2026-09-11 04:23:34.277000
316159794,Reader_Community,4.0,Official community discussion thread with 1633 total reviews.,2026-09-11 04:23:34.277000
316013935,Reader_Community,4.0,Official community discussion thread with 831 total reviews.,2026-09-11 04:23:34.278000
316014796,Reader_Community,4.04,Official community discussion thread with 1464 total reviews.,2026-09-11 04:23:34.278000
316117366,Reader_Community,3.83,Official community discussion thread with 2132 total reviews.,2026-09-11 04:23:34.278000
316014508,Reader_Community,3.53,Official community discussion thread with 1519 total reviews.,2026-09-11 04:23:34.278000
446696633,Reader_Community,4.04,Official community discussion thread with 2118 total reviews.,2026-09-11 04:23:34.278000
446696617,Reader_Community,4.08,Official community discussion thread with 5220 total reviews.,2026-09-11 04:23:34.278000
446600474,Reader_Community,3.25,Official community discussion thread with 227 total reviews.,2026-09-11 04:23:34.278000
316155594,Reader_Community,4.15,Official community discussion thread with 2689 total reviews.,2026-09-11 04:23:34.278000
446692654,Reader_Community,3.96,Official community discussion thread with 1191 total reviews.,2026-09-11 04:23:34.278000
446606383,Reader_Community,3.82,Official community discussion thread with 322 total reviews.,2026-09-11 04:23:34.278000
446692646,Reader_Community,3.98,Official community discussion thread with 15 total reviews.,2026-09-11 04:23:34.278000
446608815,Reader_Community,4.0,Official community discussion thread with 985 total reviews.,2026-09-11 04:23:34.278000
747266999,Reader_Community,4.04,Official community discussion thread with 19 total reviews.,2026-09-11 04:23:34.278000
446692638,Reader_Community,4.11,Official community discussion thread with 4011 total reviews.,2026-09-11 04:23:34.278000
446609323,Reader_Community,3.68,Official community discussion thread with 220 total reviews.,2026-09-11 04:23:34.278000
446613371,Reader_Community,3.83,Official community discussion thread with 1809 total reviews.,2026-09-11 04:23:34.278000
446677388,Reader_Community,3.96,Official community discussion thread with 2943 total reviews.,2026-09-11 04:23:34.278000
446600458,Reader_Community,2.86,Official community discussion thread with 307 total reviews.,2026-09-11 04:23:34.278000
446613355,Reader_Community,3.94,Official community discussion thread with 905 total reviews.,2026-09-11 04:23:34.278000
446617792,Reader_Community,4.08,Official community discussion thread with 7624 total reviews.,2026-09-11 04:23:34.278000
446696641,Reader_Community,4.02,Official community discussion thread with 13 total reviews.,2026-09-11 04:23:34.278000
755300203,Reader_Community,3.8,Official community discussion thread with 849 total reviews.,2026-09-11 04:23:34.278000
1568654235,Reader_Community,3.84,Official community discussion thread with 1 total reviews.,2026-09-11 04:23:34.278000
316693359,Reader_Community,3.68,Official community discussion thread with 320 total reviews.,2026-09-11 04:23:34.278000
446676438,Reader_Community,3.93,Official community discussion thread with 1337 total reviews.,2026-09-11 04:23:34.278000
316000612,Reader_Community,3.88,Official community discussion thread with 53 total reviews.,2026-09-11 04:23:34.278000
64435261,Reader_Community,4.19,Official community discussion thread with 45 total reviews.,2026-09-11 04:23:34.278000
671009443,Reader_Community,3.77,Official community discussion thread with 151 total reviews.,2026-09-11 04:23:34.278000
747526036,Reader_Community,3.8,Official community discussion thread with 3 total reviews.,2026-09-11 04:23:34.278000
1563899655,Reader_Community,4.07,Official community discussion thread with 131 total reviews.,2026-09-11 04:23:34.279000
440238196,Reader_Community,3.51,Official community discussion thread with 95 total reviews.,2026-09-11 04:23:34.279000
312937695,Reader_Community,3.78,Official community discussion thread with 179 total reviews.,2026-09-11 04:23:34.279000
1400066107,Reader_Community,4.13,Official community discussion thread with 105 total reviews.,2026-09-11 04:23:34.279000
679643257,Reader_Community,4.63,Official community discussion thread with 55 total reviews.,2026-09-11 04:23:34.279000
553380176,Reader_Community,4.27,Official community discussion thread with 319 total reviews.,2026-09-11 04:23:34.279000
375505962,Reader_Community,4.42,Official community discussion thread with 240 total reviews.,2026-09-11 04:23:34.279000
1556702884,Reader_Community,4.41,Official community discussion thread with 164 total reviews.,2026-09-11 04:23:34.279000
8497644743,Reader_Community,3.85,Official community discussion thread with 28 total reviews.,2026-09-11 04:23:34.279000
300091699,Reader_Community,4.01,Official community discussion thread with 6 total reviews.,2026-09-11 04:23:34.279000
810935201,Reader_Community,4.14,Official community discussion thread with 2 total reviews.,2026-09-11 04:23:34.279000
806510757,Reader_Community,3.96,Official community discussion thread with 16 total reviews.,2026-09-11 04:23:34.279000
312978332,Reader_Community,3.52,Official community discussion thread with 53 total reviews.,2026-09-11 04:23:34.279000
698116410,Reader_Community,4.06,Official community discussion thread with 41 total reviews.,2026-09-11 04:23:34.279000
312421990,Reader_Community,3.71,Official community discussion thread with 1166 total reviews.,2026-09-11 04:23:34.279000
786942703,Reader_Community,3.65,Official community discussion thread with 14 total reviews.,2026-09-11 04:23:34.279000
140446362,Reader_Community,3.82,Official community discussion thread with 486 total reviews.,2026-09-11 04:23:34.279000
674678567,Reader_Community,4.11,Official community discussion thread with 31 total reviews.,2026-09-11 04:23:34.279000
802441416,Reader_Community,3.68,Official community discussion thread with 5 total reviews.,2026-09-11 04:23:34.279000
714831670,Reader_Community,3.73,Official community discussion thread with 1 total reviews.,2026-09-11 04:23:34.279000
300114400,Reader_Community,3.84,Official community discussion thread with 8 total reviews.,2026-09-11 04:23:34.279000
306807254,Reader_Community,3.87,Official community discussion thread with 5 total reviews.,2026-09-11 04:23:34.279000
810915871,Reader_Community,4.04,Official community discussion thread with 2 total reviews.,2026-09-11 04:23:34.279000
132221861,Reader_Community,3.73,Official community discussion thread with 1 total reviews.,2026-09-11 04:23:34.279000
674995643,Reader_Community,4.09,Official community discussion thread with 5 total reviews.,2026-09-11 04:23:34.280000
014044209X,Reader_Community,3.89,Official community discussion thread with 23 total reviews.,2026-09-11 04:23:34.280000
460876740,Reader_Community,3.89,Official community discussion thread with 1 total reviews.,2026-09-11 04:23:34.280000
674995341,Reader_Community,4.19,Official community discussion thread with 1 total reviews.,2026-09-11 04:23:34.280000
60575816,Reader_Community,4.17,Official community discussion thread with 162 total reviews.,2026-09-11 04:23:34.280000
812216504,Reader_Community,3.88,Official community discussion thread with 1 total reviews.,2026-09-11 04:23:34.280000
761555528,Reader_Community,3.98,Official community discussion thread with 1 total reviews.,2026-09-11 04:23:34.280000
446691097,Reader_Community,4.34,Official community discussion thread with 698 total reviews.,2026-09-11 04:23:34.280000
373771371,Reader_Community,4.06,Official community discussion thread with 87 total reviews.,2026-09-11 04:23:34.280000
394700139,Reader_Community,4.17,Official community discussion thread with 92 total reviews.,2026-09-11 04:23:34.280000
1582433224,Reader_Community,3.65,Official community discussion thread with 1023 total reviews.,2026-09-11 04:23:34.280000
1897082274,Reader_Community,4.0,Official community discussion thread with 1 total reviews.,2026-09-11 04:23:34.280000
039457107X,Reader_Community,4.42,Official community discussion thread with 1 total reviews.,2026-09-11 04:23:34.280000
096830317X,Reader_Community,4.56,Official community discussion thread with 1 total reviews.,2026-09-11 04:23:34.280000
968303188,Reader_Community,4.45,Official community discussion thread with 1 total reviews.,2026-09-11 04:23:34.280000
670044369,Reader_Community,4.19,Official community discussion thread with 59 total reviews.,2026-09-11 04:23:34.280000
425212785,Reader_Community,3.94,Official community discussion thread with 65 total reviews.,2026-09-11 04:23:34.280000
425204227,Reader_Community,4.02,Official community discussion thread with 79 total reviews.,2026-09-11 04:23:34.280000
425201686,Reader_Community,3.85,Official community discussion thread with 193 total reviews.,2026-09-11 04:23:34.280000
575402903,Reader_Community,3.89,Official community discussion thread with 17 total reviews.,2026-09-11 04:23:34.280000
674035011,Reader_Community,4.25,Official community discussion thread with 7 total reviews.,2026-09-11 04:23:34.280000
002426640X,Reader_Community,4.04,Official community discussion thread with 12 total reviews.,2026-09-11 04:23:34.280000
521274559,Reader_Community,4.25,Official community discussion thread with 26 total reviews.,2026-09-11 04:23:34.280000
192840940,Reader_Community,3.58,Official community discussion thread with 24 total reviews.,2026-09-11 04:23:34.281000
415050790,Reader_Community,4.14,Official community discussion thread with 3 total reviews.,2026-09-11 04:23:34.281000
192824546,Reader_Community,3.95,Official community discussion thread with 17 total reviews.,2026-09-11 04:23:34.281000
751504386,Reader_Community,3.96,Official community discussion thread with 1186 total reviews.,2026-09-11 04:23:34.281000
385129912,Reader_Community,4.0,Official community discussion thread with 56 total reviews.,2026-09-11 04:23:34.281000
670691992,Reader_Community,4.13,Official community discussion thread with 131 total reviews.,2026-09-11 04:23:34.281000
307376583,Reader_Community,3.7,Official community discussion thread with 30 total reviews.,2026-09-11 04:23:34.281000
5550707004,Reader_Community,3.77,Official community discussion thread with 16 total reviews.,2026-09-11 04:23:34.281000
743233603,Reader_Community,4.44,Official community discussion thread with 1 total reviews.,2026-09-11 04:23:34.281000
067103264X,Reader_Community,3.92,Official community discussion thread with 266 total reviews.,2026-09-11 04:23:34.281000
618195637,Reader_Community,4.15,Official community discussion thread with 171 total reviews.,2026-09-11 04:23:34.281000
743222334,Reader_Community,3.99,Official community discussion thread with 58 total reviews.,2026-09-11 04:23:34.281000
440508827,Reader_Community,3.85,Official community discussion thread with 16 total reviews.,2026-09-11 04:23:34.281000
142001341,Reader_Community,3.26,Official community discussion thread with 40 total reviews.,2026-09-11 04:23:34.281000
051509479X,Reader_Community,4.1,Official community discussion thread with 25 total reviews.,2026-09-11 04:23:34.281000
60916095,Reader_Community,4.36,Official community discussion thread with 137 total reviews.,2026-09-11 04:23:34.281000
965013014,Reader_Community,4.06,Official community discussion thread with 69 total reviews.,2026-09-11 04:23:34.281000
312354371,Reader_Community,3.15,Official community discussion thread with 23 total reviews.,2026-09-11 04:23:34.281000
800638182,Reader_Community,3.67,Official community discussion thread with 22 total reviews.,2026-09-11 04:23:34.281000
1421506556,Reader_Community,4.36,Official community discussion thread with 7 total reviews.,2026-09-11 04:23:34.281000
142150653X,Reader_Community,4.45,Official community discussion thread with 8 total reviews.,2026-09-11 04:23:34.281000
1421506548,Reader_Community,4.41,Official community discussion thread with 5 total reviews.,2026-09-11 04:23:34.281000
1421510782,Reader_Community,4.42,Official community discussion thread with 5 total reviews.,2026-09-11 04:23:34.281000
2290318043,Reader_Community,3.97,Official community discussion thread with 3 total reviews.,2026-09-11 04:23:34.281000
1421510790,Reader_Community,4.46,Official community discussion thread with 5 total reviews.,2026-09-11 04:23:34.281000
2290328308,Reader_Community,4.41,Official community discussion thread with 1 total reviews.,2026-09-11 04:23:34.281000
2290318493,Reader_Community,4.18,Official community discussion thread with 2 total reviews.,2026-09-11 04:23:34.281000
067145577X,Reader_Community,3.86,Official community discussion thread with 25 total reviews.,2026-09-11 04:23:34.281000
097640110X,Reader_Community,4.14,Official community discussion thread with 415 total reviews.,2026-09-11 04:23:34.281000
073930870X,Reader_Community,4.41,Official community discussion thread with 12 total reviews.,2026-09-11 04:23:34.282000
1592220045,Reader_Community,4.1,Official community discussion thread with 7 total reviews.,2026-09-11 04:23:34.282000
312869592,Reader_Community,4.12,Official community discussion thread with 95 total reviews.,2026-09-11 04:23:34.282000
156584100X,Reader_Community,3.96,Official community discussion thread with 55 total reviews.,2026-09-11 04:23:34.282000
1565840089,Reader_Community,4.0,Official community discussion thread with 15 total reviews.,2026-09-11 04:23:34.282000
3856305580,Reader_Community,4.02,Official community discussion thread with 21 total reviews.,2026-09-11 04:23:34.282000
312421680,Reader_Community,3.7,Official community discussion thread with 360 total reviews.,2026-09-11 04:23:34.282000
60747226,Reader_Community,3.47,Official community discussion thread with 3023 total reviews.,2026-09-11 04:23:34.282000
143036661,Reader_Community,3.75,Official community discussion thread with 5344 total reviews.,2026-09-11 04:23:34.282000
385483732,Reader_Community,3.85,Official community discussion thread with 204 total reviews.,2026-09-11 04:23:34.282000
2290329452,Reader_Community,4.42,Official community discussion thread with 1 total reviews.,2026-09-11 04:23:34.282000
2290328057,Reader_Community,4.41,Official community discussion thread with 2 total reviews.,2026-09-11 04:23:34.282000
2290328022,Reader_Community,4.31,Official community discussion thread with 3 total reviews.,2026-09-11 04:23:34.282000
229031823X,Reader_Community,4.1,Official community discussion thread with 3 total reviews.,2026-09-11 04:23:34.282000
2290319368,Reader_Community,4.27,Official community discussion thread with 2 total reviews.,2026-09-11 04:23:34.282000
2290328316,Reader_Community,4.36,Official community discussion thread with 1 total reviews.,2026-09-11 04:23:34.282000
2290320102,Reader_Community,4.39,Official community discussion thread with 1 total reviews.,2026-09-11 04:23:34.282000
2290328294,Reader_Community,4.45,Official community discussion thread with 1 total reviews.,2026-09-11 04:23:34.282000
2290328227,Reader_Community,4.44,Official community discussion thread with 2 total reviews.,2026-09-11 04:23:34.282000
1421505398,Reader_Community,4.43,Official community discussion thread with 15 total reviews.,2026-09-11 04:23:34.282000
1421505401,Reader_Community,4.48,Official community discussion thread with 17 total reviews.,2026-09-11 04:23:34.282000
142150541X,Reader_Community,4.5,Official community discussion thread with 37 total reviews.,2026-09-11 04:23:34.282000
152052089,Reader_Community,3.91,Official community discussion thread with 176 total reviews.,2026-09-11 04:23:34.282000
1591165830,Reader_Community,4.41,Official community discussion thread with 12 total reviews.,2026-09-11 04:23:34.282000
345485289,Reader_Community,4.28,Official community discussion thread with 35 total reviews.,2026-09-11 04:23:34.282000
345471830,Reader_Community,4.28,Official community discussion thread with 65 total reviews.,2026-09-11 04:23:34.282000
345470575,Reader_Community,4.11,Official community discussion thread with 396 total reviews.,2026-09-11 04:23:34.282000
345484304,Reader_Community,4.29,Official community discussion thread with 38 total reviews.,2026-09-11 04:23:34.283000
345484282,Reader_Community,4.27,Official community discussion thread with 40 total reviews.,2026-09-11 04:23:34.283000
345477936,Reader_Community,4.3,Official community discussion thread with 48 total reviews.,2026-09-11 04:23:34.283000
034547791X,Reader_Community,4.28,Official community discussion thread with 50 total reviews.,2026-09-11 04:23:34.283000
345484290,Reader_Community,4.28,Official community discussion thread with 41 total reviews.,2026-09-11 04:23:34.283000
345485327,Reader_Community,4.31,Official community discussion thread with 38 total reviews.,2026-09-11 04:23:34.283000
4063633381,Reader_Community,4.28,Official community discussion thread with 2 total reviews.,2026-09-11 04:23:34.283000
4063633934,Reader_Community,4.3,Official community discussion thread with 1 total reviews.,2026-09-11 04:23:34.283000
4063633225,Reader_Community,4.28,Official community discussion thread with 1 total reviews.,2026-09-11 04:23:34.283000
4063634167,Reader_Community,4.29,Official community discussion thread with 2 total reviews.,2026-09-11 04:23:34.283000
1421506416,Reader_Community,4.26,Official community discussion thread with 18 total reviews.,2026-09-11 04:23:34.283000
1421506424,Reader_Community,4.22,Official community discussion thread with 15 total reviews.,2026-09-11 04:23:34.283000
159116222X,Reader_Community,4.1,Official community discussion thread with 207 total reviews.,2026-09-11 04:23:34.283000
1421510669,Reader_Community,4.27,Official community discussion thread with 21 total reviews.,2026-09-11 04:23:34.283000
1421510677,Reader_Community,4.28,Official community discussion thread with 20 total reviews.,2026-09-11 04:23:34.283000
4088732898,Reader_Community,4.11,Official community discussion thread with 7 total reviews.,2026-09-11 04:23:34.283000
4088735048,Reader_Community,4.22,Official community discussion thread with 5 total reviews.,2026-09-11 04:23:34.283000
4088728734,Reader_Community,4.26,Official community discussion thread with 2 total reviews.,2026-09-11 04:23:34.283000
4088732154,Reader_Community,4.25,Official community discussion thread with 8 total reviews.,2026-09-11 04:23:34.283000
4088731441,Reader_Community,4.26,Official community discussion thread with 2 total reviews.,2026-09-11 04:23:34.283000
4088731697,Reader_Community,4.23,Official community discussion thread with 6 total reviews.,2026-09-11 04:23:34.283000
4088732324,Reader_Community,4.15,Official community discussion thread with 7 total reviews.,2026-09-11 04:23:34.283000
4088728491,Reader_Community,4.22,Official community discussion thread with 2 total reviews.,2026-09-11 04:23:34.283000
4088730224,Reader_Community,4.27,Official community discussion thread with 2 total reviews.,2026-09-11 04:23:34.283000
4088734327,Reader_Community,4.21,Official community discussion thread with 5 total reviews.,2026-09-11 04:23:34.283000
4088731107,Reader_Community,4.24,Official community discussion thread with 2 total reviews.,2026-09-11 04:23:34.283000
1421506297,Reader_Community,4.26,Official community discussion thread with 428 total reviews.,2026-09-11 04:23:34.283000
1421501686,Reader_Community,4.43,Official community discussion thread with 3010 total reviews.,2026-09-11 04:23:34.284000
142150331X,Reader_Community,4.39,Official community discussion thread with 690 total reviews.,2026-09-11 04:23:34.284000
1421506262,Reader_Community,4.34,Official community discussion thread with 583 total reviews.,2026-09-11 04:23:34.284000
1421501708,Reader_Community,4.43,Official community discussion thread with 741 total reviews.,2026-09-11 04:23:34.284000
1421501694,Reader_Community,4.43,Official community discussion thread with 948 total reviews.,2026-09-11 04:23:34.284000
1421506270,Reader_Community,4.39,Official community discussion thread with 491 total reviews.,2026-09-11 04:23:34.284000
1421506289,Reader_Community,4.43,Official community discussion thread with 586 total reviews.,2026-09-11 04:23:34.284000
1421506300,Reader_Community,4.21,Official community discussion thread with 363 total reviews.,2026-09-11 04:23:34.284000
142151155X,Reader_Community,4.22,Official community discussion thread with 325 total reviews.,2026-09-11 04:23:34.284000
486447405,Reader_Community,3.71,Official community discussion thread with 239 total reviews.,2026-09-11 04:23:34.284000
034527220X,Reader_Community,3.64,Official community discussion thread with 6 total reviews.,2026-09-11 04:23:34.284000
345272218,Reader_Community,3.6,Official community discussion thread with 5 total reviews.,2026-09-11 04:23:34.284000
201835959,Reader_Community,4.05,Official community discussion thread with 616 total reviews.,2026-09-11 04:23:34.284000
1593075421,Reader_Community,4.09,Official community discussion thread with 83 total reviews.,2026-09-11 04:23:34.284000
1593076126,Reader_Community,4.11,Official community discussion thread with 33 total reviews.,2026-09-11 04:23:34.284000
1593076398,Reader_Community,4.12,Official community discussion thread with 26 total reviews.,2026-09-11 04:23:34.284000
1588990842,Reader_Community,3.94,Official community discussion thread with 38 total reviews.,2026-09-11 04:23:34.284000
1588990850,Reader_Community,3.86,Official community discussion thread with 32 total reviews.,2026-09-11 04:23:34.284000
2723441784,Reader_Community,4.11,Official community discussion thread with 3 total reviews.,2026-09-11 04:23:34.284000
152056785,Reader_Community,3.88,Official community discussion thread with 306 total reviews.,2026-09-11 04:23:34.284000
152051244,Reader_Community,3.7,Official community discussion thread with 606 total reviews.,2026-09-11 04:23:34.284000
1570623953,Reader_Community,4.3,Official community discussion thread with 91 total reviews.,2026-09-11 04:23:34.284000
1590300068,Reader_Community,4.3,Official community discussion thread with 164 total reviews.,2026-09-11 04:23:34.284000
61054887,Reader_Community,4.22,Official community discussion thread with 3525 total reviews.,2026-09-11 04:23:34.284000
517480107,Reader_Community,4.13,Official community discussion thread with 13 total reviews.,2026-09-11 04:23:34.284000
689845332,Reader_Community,3.94,Official community discussion thread with 93 total reviews.,2026-09-11 04:23:34.284000
441012248,Reader_Community,3.83,Official community discussion thread with 335 total reviews.,2026-09-11 04:23:34.284000
044101125X,Reader_Community,4.12,Official community discussion thread with 635 total reviews.,2026-09-11 04:23:34.284000
441011241,Reader_Community,4.04,Official community discussion thread with 468 total reviews.,2026-09-11 04:23:34.285000
439551927,Reader_Community,4.17,Official community discussion thread with 87 total reviews.,2026-09-11 04:23:34.285000
1416509631,Reader_Community,3.94,Official community discussion thread with 1053 total reviews.,2026-09-11 04:23:34.285000
689845367,Reader_Community,4.09,Official community discussion thread with 1922 total reviews.,2026-09-11 04:23:34.285000
439551897,Reader_Community,4.09,Official community discussion thread with 600 total reviews.,2026-09-11 04:23:34.285000
053106851X,Reader_Community,4.13,Official community discussion thread with 1 total reviews.,2026-09-11 04:23:34.285000
141650964X,Reader_Community,4.12,Official community discussion thread with 1224 total reviews.,2026-09-11 04:23:34.285000
1857442024,Reader_Community,4.52,Official community discussion thread with 24 total reviews.,2026-09-11 04:23:34.285000
1888690089,Reader_Community,4.55,Official community discussion thread with 12 total reviews.,2026-09-11 04:23:34.285000
140449094,Reader_Community,3.87,Official community discussion thread with 52 total reviews.,2026-09-11 04:23:34.285000
1413902626,Reader_Community,4.21,Official community discussion thread with 4 total reviews.,2026-09-11 04:23:34.285000
1413902618,Reader_Community,4.28,Official community discussion thread with 2 total reviews.,2026-09-11 04:23:34.285000
141390257X,Reader_Community,4.0,Official community discussion thread with 41 total reviews.,2026-09-11 04:23:34.285000
1413902588,Reader_Community,4.19,Official community discussion thread with 9 total reviews.,2026-09-11 04:23:34.285000
1421506149,Reader_Community,4.34,Official community discussion thread with 75 total reviews.,2026-09-11 04:23:34.285000
1421506114,Reader_Community,4.36,Official community discussion thread with 85 total reviews.,2026-09-11 04:23:34.285000
1421500817,Reader_Community,4.28,Official community discussion thread with 81 total reviews.,2026-09-11 04:23:34.285000
1421510421,Reader_Community,4.34,Official community discussion thread with 70 total reviews.,2026-09-11 04:23:34.285000
1421510413,Reader_Community,4.35,Official community discussion thread with 60 total reviews.,2026-09-11 04:23:34.285000
142151043X,Reader_Community,4.36,Official community discussion thread with 81 total reviews.,2026-09-11 04:23:34.285000
1421510448,Reader_Community,4.36,Official community discussion thread with 76 total reviews.,2026-09-11 04:23:34.285000
1598169467,Reader_Community,4.2,Official community discussion thread with 172 total reviews.,2026-09-11 04:23:34.285000
425058506,Reader_Community,3.99,Official community discussion thread with 10 total reviews.,2026-09-11 04:23:34.285000
1598165763,Reader_Community,4.11,Official community discussion thread with 5 total reviews.,2026-09-11 04:23:34.285000
1598165771,Reader_Community,4.25,Official community discussion thread with 3 total reviews.,2026-09-11 04:23:34.285000
316013269,Reader_Community,3.7,Official community discussion thread with 537 total reviews.,2026-09-11 04:23:34.285000
031610969X,Reader_Community,3.7,Official community discussion thread with 5852 total reviews.,2026-09-11 04:23:34.286000
679761063,Reader_Community,3.84,Official community discussion thread with 199 total reviews.,2026-09-11 04:23:34.286000
60747455,Reader_Community,4.05,Official community discussion thread with 336 total reviews.,2026-09-11 04:23:34.286000
045121837X,Reader_Community,4.08,Official community discussion thread with 4 total reviews.,2026-09-11 04:23:34.286000
1421505568,Reader_Community,4.44,Official community discussion thread with 13 total reviews.,2026-09-11 04:23:34.286000
1421505576,Reader_Community,4.45,Official community discussion thread with 13 total reviews.,2026-09-11 04:23:34.286000
1421505584,Reader_Community,4.45,Official community discussion thread with 13 total reviews.,2026-09-11 04:23:34.286000
1421509970,Reader_Community,4.44,Official community discussion thread with 10 total reviews.,2026-09-11 04:23:34.286000
1595324380,Reader_Community,4.3,Official community discussion thread with 14 total reviews.,2026-09-11 04:23:34.286000
1595324399,Reader_Community,4.32,Official community discussion thread with 11 total reviews.,2026-09-11 04:23:34.286000
1598161989,Reader_Community,4.28,Official community discussion thread with 12 total reviews.,2026-09-11 04:23:34.286000
1598161997,Reader_Community,4.37,Official community discussion thread with 9 total reviews.,2026-09-11 04:23:34.286000
1553377524,Reader_Community,4.19,Official community discussion thread with 123 total reviews.,2026-09-11 04:23:34.287000
312422245,Reader_Community,3.56,Official community discussion thread with 106 total reviews.,2026-09-11 04:23:34.287000
158567883X,Reader_Community,3.93,Official community discussion thread with 228 total reviews.,2026-09-11 04:23:34.287000
60792787,Reader_Community,3.96,Official community discussion thread with 110 total reviews.,2026-09-11 04:23:34.287000
553564943,Reader_Community,4.17,Official community discussion thread with 1367 total reviews.,2026-09-11 04:23:34.287000
60792809,Reader_Community,4.0,Official community discussion thread with 97 total reviews.,2026-09-11 04:23:34.287000
809530953,Reader_Community,3.95,Official community discussion thread with 10 total reviews.,2026-09-11 04:23:34.287000
60567236,Reader_Community,4.1,Official community discussion thread with 1104 total reviews.,2026-09-11 04:23:34.287000
1596871326,Reader_Community,3.77,Official community discussion thread with 13 total reviews.,2026-09-11 04:23:34.287000
037581468X,Reader_Community,4.15,Official community discussion thread with 1623 total reviews.,2026-09-11 04:23:34.287000
689878559,Reader_Community,4.26,Official community discussion thread with 3815 total reviews.,2026-09-11 04:23:34.287000
375829636,Reader_Community,3.91,Official community discussion thread with 74 total reviews.,2026-09-11 04:23:34.287000
1416903372,Reader_Community,4.29,Official community discussion thread with 615 total reviews.,2026-09-11 04:23:34.287000
141690817X,Reader_Community,4.32,Official community discussion thread with 665 total reviews.,2026-09-11 04:23:34.288000
689878567,Reader_Community,4.24,Official community discussion thread with 1396 total reviews.,2026-09-11 04:23:34.288000
1416903437,Reader_Community,4.32,Official community discussion thread with 1448 total reviews.,2026-09-11 04:23:34.288000
689878575,Reader_Community,4.28,Official community discussion thread with 1230 total reviews.,2026-09-11 04:23:34.288000
375760393,Reader_Community,4.06,Official community discussion thread with 2780 total reviews.,2026-09-11 04:23:34.288000
1596590939,Reader_Community,4.06,Official community discussion thread with 36 total reviews.,2026-09-11 04:23:34.288000
753453347,Reader_Community,4.12,Official community discussion thread with 17 total reviews.,2026-09-11 04:23:34.288000
1586857029,Reader_Community,4.09,Official community discussion thread with 37 total reviews.,2026-09-11 04:23:34.288000
60530839,Reader_Community,4.21,Official community discussion thread with 19 total reviews.,2026-09-11 04:23:34.288000
786940735,Reader_Community,4.17,Official community discussion thread with 104 total reviews.,2026-09-11 04:23:34.288000
055215296X,Reader_Community,4.22,Official community discussion thread with 31 total reviews.,2026-09-11 04:23:34.288000
689855923,Reader_Community,3.8,Official community discussion thread with 20 total reviews.,2026-09-11 04:23:34.288000
553267604,Reader_Community,4.17,Official community discussion thread with 19 total reviews.,2026-09-11 04:23:34.289000
976401150,Reader_Community,4.45,Official community discussion thread with 5 total reviews.,2026-09-11 04:23:34.289000
375713344,Reader_Community,3.97,Official community discussion thread with 5030 total reviews.,2026-09-11 04:23:34.289000
679853952,Reader_Community,3.97,Official community discussion thread with 4 total reviews.,2026-09-11 04:23:34.289000
553588117,Reader_Community,3.98,Official community discussion thread with 171 total reviews.,2026-09-11 04:23:34.289000
380973995,Reader_Community,4.02,Official community discussion thread with 4 total reviews.,2026-09-11 04:23:34.289000
380974738,Reader_Community,4.05,Official community discussion thread with 92 total reviews.,2026-09-11 04:23:34.289000
812550285,Reader_Community,4.04,Official community discussion thread with 1604 total reviews.,2026-09-11 04:23:34.289000
081257558X,Reader_Community,3.94,Official community discussion thread with 1442 total reviews.,2026-09-11 04:23:34.289000
1857232097,Reader_Community,4.16,Official community discussion thread with 1673 total reviews.,2026-09-11 04:23:34.289000
571212921,Reader_Community,4.13,Official community discussion thread with 1008 total reviews.,2026-09-11 04:23:34.289000
91894603,Reader_Community,3.62,Official community discussion thread with 135 total reviews.,2026-09-11 04:23:34.289000
861713451,Reader_Community,4.22,Official community discussion thread with 1 total reviews.,2026-09-11 04:23:34.289000
8817128716,Reader_Community,4.13,Official community discussion thread with 5 total reviews.,2026-09-11 04:23:34.290000
765345900,Reader_Community,4.01,Official community discussion thread with 225 total reviews.,2026-09-11 04:23:34.290000
765309963,Reader_Community,4.09,Official community discussion thread with 184 total reviews.,2026-09-11 04:23:34.290000
076530998X,Reader_Community,3.97,Official community discussion thread with 8 total reviews.,2026-09-11 04:23:34.290000
765345013,Reader_Community,4.12,Official community discussion thread with 708 total reviews.,2026-09-11 04:23:34.290000
765343266,Reader_Community,4.33,Official community discussion thread with 1070 total reviews.,2026-09-11 04:23:34.290000
375833641,Reader_Community,4.09,Official community discussion thread with 2219 total reviews.,2026-09-11 04:23:34.290000
330411845,Reader_Community,4.1,Official community discussion thread with 9 total reviews.,2026-09-11 04:23:34.290000
765345919,Reader_Community,4.1,Official community discussion thread with 145 total reviews.,2026-09-11 04:23:34.290000
684854678,Reader_Community,4.18,Official community discussion thread with 724 total reviews.,2026-09-11 04:23:34.290000
99277131,Reader_Community,4.18,Official community discussion thread with 10 total reviews.,2026-09-11 04:23:34.290000
61196681,Reader_Community,4.34,Official community discussion thread with 281 total reviews.,2026-09-11 04:23:34.290000
61198757,Reader_Community,4.37,Official community discussion thread with 237 total reviews.,2026-09-11 04:23:34.290000
743272072,Reader_Community,3.87,Official community discussion thread with 235 total reviews.,2026-09-11 04:23:34.291000
330347764,Reader_Community,3.82,Official community discussion thread with 5 total reviews.,2026-09-11 04:23:34.291000
439426286,Reader_Community,3.88,Official community discussion thread with 10 total reviews.,2026-09-11 04:23:34.291000
1556612001,Reader_Community,3.89,Official community discussion thread with 19 total reviews.,2026-09-11 04:23:34.291000
394891058,Reader_Community,4.14,Official community discussion thread with 12 total reviews.,2026-09-11 04:23:34.291000
415267471,Reader_Community,4.23,Official community discussion thread with 80 total reviews.,2026-09-11 04:23:34.291000
1841542768,Reader_Community,3.57,Official community discussion thread with 4 total reviews.,2026-09-11 04:23:34.291000
075640391X,Reader_Community,3.95,Official community discussion thread with 95 total reviews.,2026-09-11 04:23:34.291000
756403413,Reader_Community,4.01,Official community discussion thread with 81 total reviews.,2026-09-11 04:23:34.291000
373802668,Reader_Community,3.83,Official community discussion thread with 283 total reviews.,2026-09-11 04:23:34.291000
373802455,Reader_Community,3.97,Official community discussion thread with 871 total reviews.,2026-09-11 04:23:34.291000
756403634,Reader_Community,3.79,Official community discussion thread with 202 total reviews.,2026-09-11 04:23:34.291000
1416521070,Reader_Community,3.9,Official community discussion thread with 19 total reviews.,2026-09-11 04:23:34.292000
886773784,Reader_Community,4.14,Official community discussion thread with 927 total reviews.,2026-09-11 04:23:34.292000
756402727,Reader_Community,4.01,Official community discussion thread with 229 total reviews.,2026-09-11 04:23:34.292000
756403251,Reader_Community,3.87,Official community discussion thread with 32 total reviews.,2026-09-11 04:23:34.292000
886776619,Reader_Community,4.03,Official community discussion thread with 123 total reviews.,2026-09-11 04:23:34.292000
743499093,Reader_Community,3.86,Official community discussion thread with 23 total reviews.,2026-09-11 04:23:34.292000
756401534,Reader_Community,4.02,Official community discussion thread with 263 total reviews.,2026-09-11 04:23:34.292000
886776120,Reader_Community,4.05,Official community discussion thread with 105 total reviews.,2026-09-11 04:23:34.292000
886775167,Reader_Community,4.04,Official community discussion thread with 208 total reviews.,2026-09-11 04:23:34.292000
756402573,Reader_Community,4.03,Official community discussion thread with 113 total reviews.,2026-09-11 04:23:34.292000
756400619,Reader_Community,3.99,Official community discussion thread with 306 total reviews.,2026-09-11 04:23:34.292000
886777127,Reader_Community,4.02,Official community discussion thread with 86 total reviews.,2026-09-11 04:23:34.292000
756402212,Reader_Community,4.19,Official community discussion thread with 104 total reviews.,2026-09-11 04:23:34.292000
886777208,Reader_Community,3.85,Official community discussion thread with 50 total reviews.,2026-09-11 04:23:34.293000
451457595,Reader_Community,3.9,Official community discussion thread with 59 total reviews.,2026-09-11 04:23:34.293000
765313197,Reader_Community,3.83,Official community discussion thread with 66 total reviews.,2026-09-11 04:23:34.293000
886779162,Reader_Community,3.98,Official community discussion thread with 98 total reviews.,2026-09-11 04:23:34.293000
1416521100,Reader_Community,3.92,Official community discussion thread with 20 total reviews.,2026-09-11 04:23:34.293000
886778042,Reader_Community,3.98,Official community discussion thread with 168 total reviews.,2026-09-11 04:23:34.293000
765313189,Reader_Community,3.94,Official community discussion thread with 103 total reviews.,2026-09-11 04:23:34.293000
373802390,Reader_Community,3.78,Official community discussion thread with 148 total reviews.,2026-09-11 04:23:34.293000
886774004,Reader_Community,4.19,Official community discussion thread with 330 total reviews.,2026-09-11 04:23:34.293000
014027782X,Reader_Community,4.09,Official community discussion thread with 9 total reviews.,2026-09-11 04:23:34.294000
520241827,Reader_Community,3.36,Official community discussion thread with 34 total reviews.,2026-09-11 04:23:34.294000
679761055,Reader_Community,3.85,Official community discussion thread with 313 total reviews.,2026-09-11 04:23:34.294000
1887178945,Reader_Community,3.78,Official community discussion thread with 75 total reviews.,2026-09-11 04:23:34.294000
374530491,Reader_Community,3.99,Official community discussion thread with 129 total reviews.,2026-09-11 04:23:34.294000
4770029756,Reader_Community,3.67,Official community discussion thread with 224 total reviews.,2026-09-11 04:23:34.294000
1582431051,Reader_Community,3.85,Official community discussion thread with 42 total reviews.,2026-09-11 04:23:34.294000
847819272,Reader_Community,3.75,Official community discussion thread with 1 total reviews.,2026-09-11 04:23:34.294000
140442820,Reader_Community,3.82,Official community discussion thread with 54 total reviews.,2026-09-11 04:23:34.294000
1596921536,Reader_Community,3.97,Official community discussion thread with 253 total reviews.,2026-09-11 04:23:34.294000
373767552,Reader_Community,3.6,Official community discussion thread with 12 total reviews.,2026-09-11 04:23:34.294000
373240279,Reader_Community,3.97,Official community discussion thread with 22 total reviews.,2026-09-11 04:23:34.294000
747573646,Reader_Community,3.46,Official community discussion thread with 112 total reviews.,2026-09-11 04:23:34.295000
747562113,Reader_Community,3.46,Official community discussion thread with 25 total reviews.,2026-09-11 04:23:34.295000
590876120,Reader_Community,3.87,Official community discussion thread with 16 total reviews.,2026-09-11 04:23:34.295000
64420809,Reader_Community,4.04,Official community discussion thread with 2 total reviews.,2026-09-11 04:23:34.295000
698115678,Reader_Community,4.19,Official community discussion thread with 115 total reviews.,2026-09-11 04:23:34.295000
1857988094,Reader_Community,4.07,Official community discussion thread with 3104 total reviews.,2026-09-11 04:23:34.295000
345481291,Reader_Community,3.89,Official community discussion thread with 1818 total reviews.,2026-09-11 04:23:34.295000
312968302,Reader_Community,3.89,Official community discussion thread with 24 total reviews.,2026-09-11 04:23:34.295000
1845400658,Reader_Community,4.14,Official community discussion thread with 3 total reviews.,2026-09-11 04:23:34.295000
143039652,Reader_Community,4.21,Official community discussion thread with 473 total reviews.,2026-09-11 04:23:34.295000
374525862,Reader_Community,3.99,Official community discussion thread with 95 total reviews.,2026-09-11 04:23:34.295000
8535905324,Reader_Community,3.99,Official community discussion thread with 9 total reviews.,2026-09-11 04:23:34.295000
1413901476,Reader_Community,3.96,Official community discussion thread with 14 total reviews.,2026-09-11 04:23:34.296000
1413901468,Reader_Community,3.95,Official community discussion thread with 10 total reviews.,2026-09-11 04:23:34.296000
141390145X,Reader_Community,4.0,Official community discussion thread with 17 total reviews.,2026-09-11 04:23:34.296000
1931382697,Reader_Community,4.29,Official community discussion thread with 24 total reviews.,2026-09-11 04:23:34.296000
872864758,Reader_Community,4.27,Official community discussion thread with 78 total reviews.,2026-09-11 04:23:34.297000
1401307787,Reader_Community,4.12,Official community discussion thread with 1293 total reviews.,2026-09-11 04:23:34.297000
1591794641,Reader_Community,3.82,Official community discussion thread with 245 total reviews.,2026-09-11 04:23:34.297000
143036831,Reader_Community,3.78,Official community discussion thread with 157 total reviews.,2026-09-11 04:23:34.297000
553409689,Reader_Community,3.78,Official community discussion thread with 1 total reviews.,2026-09-11 04:23:34.297000
1421503549,Reader_Community,3.79,Official community discussion thread with 11 total reviews.,2026-09-11 04:23:34.297000
763631604,Reader_Community,4.37,Official community discussion thread with 133 total reviews.,2026-09-11 04:23:34.297000
736421971,Reader_Community,4.41,Official community discussion thread with 132 total reviews.,2026-09-11 04:23:34.298000
2742735402,Reader_Community,3.68,Official community discussion thread with 1 total reviews.,2026-09-11 04:23:34.298000
140274987,Reader_Community,3.87,Official community discussion thread with 75 total reviews.,2026-09-11 04:23:34.298000
61129739,Reader_Community,4.04,Official community discussion thread with 1310 total reviews.,2026-09-11 04:23:34.298000
1569709084,Reader_Community,3.51,Official community discussion thread with 13 total reviews.,2026-09-11 04:23:34.298000
262632039,Reader_Community,4.2,Official community discussion thread with 3 total reviews.,2026-09-11 04:23:34.298000
067973547X,Reader_Community,3.98,Official community discussion thread with 24 total reviews.,2026-09-11 04:23:34.298000
816611351,Reader_Community,4.12,Official community discussion thread with 9 total reviews.,2026-09-11 04:23:34.298000
316159727,Reader_Community,3.92,Official community discussion thread with 67 total reviews.,2026-09-11 04:23:34.298000
448433400,Reader_Community,4.13,Official community discussion thread with 43 total reviews.,2026-09-11 04:23:34.298000
1600100368,Reader_Community,4.02,Official community discussion thread with 17 total reviews.,2026-09-11 04:23:34.298000
752864300,Reader_Community,4.08,Official community discussion thread with 28 total reviews.,2026-09-11 04:23:34.298000
1598530097,Reader_Community,4.38,Official community discussion thread with 206 total reviews.,2026-09-11 04:23:34.298000
806518561,Reader_Community,4.28,Official community discussion thread with 158 total reviews.,2026-09-11 04:23:34.298000
679747877,Reader_Community,4.09,Official community discussion thread with 40 total reviews.,2026-09-11 04:23:34.298000
806512261,Reader_Community,4.26,Official community discussion thread with 75 total reviews.,2026-09-11 04:23:34.298000
440151880,Reader_Community,3.88,Official community discussion thread with 6 total reviews.,2026-09-11 04:23:34.298000
8478889736,Reader_Community,3.82,Official community discussion thread with 38 total reviews.,2026-09-11 04:23:34.298000
140288481,Reader_Community,3.92,Official community discussion thread with 72 total reviews.,2026-09-11 04:23:34.299000
618710507,Reader_Community,3.46,Official community discussion thread with 1 total reviews.,2026-09-11 04:23:34.299000
618127364,Reader_Community,3.88,Official community discussion thread with 65 total reviews.,2026-09-11 04:23:34.299000
618380442,Reader_Community,4.12,Official community discussion thread with 45 total reviews.,2026-09-11 04:23:34.299000
891906797,Reader_Community,3.91,Official community discussion thread with 7 total reviews.,2026-09-11 04:23:34.299000
1843540703,Reader_Community,3.69,Official community discussion thread with 384 total reviews.,2026-09-11 04:23:34.299000
60750766,Reader_Community,4.07,Official community discussion thread with 5 total reviews.,2026-09-11 04:23:34.299000
143035746,Reader_Community,3.93,Official community discussion thread with 2464 total reviews.,2026-09-11 04:23:34.299000
312984855,Reader_Community,3.98,Official community discussion thread with 106 total reviews.,2026-09-11 04:23:34.299000
312984863,Reader_Community,3.91,Official community discussion thread with 69 total reviews.,2026-09-11 04:23:34.299000
60504080,Reader_Community,4.01,Official community discussion thread with 623 total reviews.,2026-09-11 04:23:34.299000
60959037,Reader_Community,4.0,Official community discussion thread with 5652 total reviews.,2026-09-11 04:23:34.299000
038549744X,Reader_Community,4.06,Official community discussion thread with 409 total reviews.,2026-09-11 04:23:34.299000
140285210,Reader_Community,4.06,Official community discussion thread with 65 total reviews.,2026-09-11 04:23:34.299000
1860467768,Reader_Community,4.17,Official community discussion thread with 11 total reviews.,2026-09-11 04:23:34.299000
375727574,Reader_Community,4.14,Official community discussion thread with 52 total reviews.,2026-09-11 04:23:34.299000
1400034418,Reader_Community,3.59,Official community discussion thread with 181 total reviews.,2026-09-11 04:23:34.299000
375727582,Reader_Community,3.77,Official community discussion thread with 33 total reviews.,2026-09-11 04:23:34.299000
1400034256,Reader_Community,3.89,Official community discussion thread with 90 total reviews.,2026-09-11 04:23:34.299000
99455153,Reader_Community,3.55,Official community discussion thread with 52 total reviews.,2026-09-11 04:23:34.299000
99422328,Reader_Community,4.19,Official community discussion thread with 102 total reviews.,2026-09-11 04:23:34.299000
307264866,Reader_Community,4.15,Official community discussion thread with 83 total reviews.,2026-09-11 04:23:34.299000
067976674X,Reader_Community,4.28,Official community discussion thread with 285 total reviews.,2026-09-11 04:23:34.299000
140004281X,Reader_Community,3.98,Official community discussion thread with 115 total reviews.,2026-09-11 04:23:34.299000
375707484,Reader_Community,4.1,Official community discussion thread with 178 total reviews.,2026-09-11 04:23:34.299000
679732713,Reader_Community,3.93,Official community discussion thread with 258 total reviews.,2026-09-11 04:23:34.299000
375707492,Reader_Community,3.99,Official community discussion thread with 553 total reviews.,2026-09-11 04:23:34.299000
679755624,Reader_Community,4.07,Official community discussion thread with 297 total reviews.,2026-09-11 04:23:34.299000
4770028962,Reader_Community,3.68,Official community discussion thread with 298 total reviews.,2026-09-11 04:23:34.299000
747553866,Reader_Community,4.11,Official community discussion thread with 931 total reviews.,2026-09-11 04:23:34.299000
385721056,Reader_Community,3.26,Official community discussion thread with 245 total reviews.,2026-09-11 04:23:34.299000
1400095468,Reader_Community,3.9,Official community discussion thread with 311 total reviews.,2026-09-11 04:23:34.300000
140276343,Reader_Community,3.16,Official community discussion thread with 66 total reviews.,2026-09-11 04:23:34.300000
8478888462,Reader_Community,3.16,Official community discussion thread with 1 total reviews.,2026-09-11 04:23:34.300000
809596814,Reader_Community,4.05,Official community discussion thread with 7 total reviews.,2026-09-11 04:23:34.300000
743244583,Reader_Community,3.98,Official community discussion thread with 1304 total reviews.,2026-09-11 04:23:34.300000
1932958096,Reader_Community,4.11,Official community discussion thread with 47 total reviews.,2026-09-11 04:23:34.300000
826469337,Reader_Community,4.27,Official community discussion thread with 8 total reviews.,2026-09-11 04:23:34.300000
140007942X,Reader_Community,3.58,Official community discussion thread with 62 total reviews.,2026-09-11 04:23:34.300000
340837950,Reader_Community,3.92,Official community discussion thread with 48 total reviews.,2026-09-11 04:23:34.300000
038531177X,Reader_Community,4.48,Official community discussion thread with 618 total reviews.,2026-09-11 04:23:34.300000
140042326,Reader_Community,3.64,Official community discussion thread with 39 total reviews.,2026-09-11 04:23:34.300000
140714553,Reader_Community,3.94,Official community discussion thread with 57 total reviews.,2026-09-11 04:23:34.300000
440910811,Reader_Community,4.15,Official community discussion thread with 620 total reviews.,2026-09-11 04:23:34.300000
446675369,Reader_Community,3.77,Official community discussion thread with 1912 total reviews.,2026-09-11 04:23:34.300000
307243168,Reader_Community,3.83,Official community discussion thread with 49 total reviews.,2026-09-11 04:23:34.300000
140007780X,Reader_Community,4.07,Official community discussion thread with 2576 total reviews.,2026-09-11 04:23:34.300000
786851155,Reader_Community,3.13,Official community discussion thread with 3 total reviews.,2026-09-11 04:23:34.300000
1416509879,Reader_Community,4.19,Official community discussion thread with 2634 total reviews.,2026-09-11 04:23:34.300000
743466500,Reader_Community,4.0,Official community discussion thread with 5 total reviews.,2026-09-11 04:23:34.300000
1416503595,Reader_Community,4.0,Official community discussion thread with 450 total reviews.,2026-09-11 04:23:34.300000
078798129X,Reader_Community,3.88,Official community discussion thread with 68 total reviews.,2026-09-11 04:23:34.300000
873387805,Reader_Community,4.04,Official community discussion thread with 3 total reviews.,2026-09-11 04:23:34.300000
439598443,Reader_Community,4.43,Official community discussion thread with 605 total reviews.,2026-09-11 04:23:34.300000
306804832,Reader_Community,4.53,Official community discussion thread with 2 total reviews.,2026-09-11 04:23:34.300000
1405835648,Reader_Community,3.6,Official community discussion thread with 35 total reviews.,2026-09-11 04:23:34.300000
156443791,Reader_Community,3.52,Official community discussion thread with 266 total reviews.,2026-09-11 04:23:34.300000
571192521,Reader_Community,3.33,Official community discussion thread with 20 total reviews.,2026-09-11 04:23:34.300000
743227190,Reader_Community,3.96,Official community discussion thread with 23 total reviews.,2026-09-11 04:23:34.301000
375704051,Reader_Community,4.1,Official community discussion thread with 333 total reviews.,2026-09-11 04:23:34.301000
446616427,Reader_Community,3.87,Official community discussion thread with 665 total reviews.,2026-09-11 04:23:34.301000
446616419,Reader_Community,3.66,Official community discussion thread with 1541 total reviews.,2026-09-11 04:23:34.301000
312082738,Reader_Community,4.09,Official community discussion thread with 38 total reviews.,2026-09-11 04:23:34.301000
446618748,Reader_Community,3.91,Official community discussion thread with 505 total reviews.,2026-09-11 04:23:34.301000
679601228,Reader_Community,4.26,Official community discussion thread with 133 total reviews.,2026-09-11 04:23:34.301000
60542381,Reader_Community,4.43,Official community discussion thread with 12 total reviews.,2026-09-11 04:23:34.301000
60099453,Reader_Community,4.29,Official community discussion thread with 63 total reviews.,2026-09-11 04:23:34.301000
60511060,Reader_Community,4.13,Official community discussion thread with 76 total reviews.,2026-09-11 04:23:34.301000
60511141,Reader_Community,4.21,Official community discussion thread with 98 total reviews.,2026-09-11 04:23:34.301000
60511117,Reader_Community,4.25,Official community discussion thread with 67 total reviews.,2026-09-11 04:23:34.301000
240806085,Reader_Community,4.23,Official community discussion thread with 24 total reviews.,2026-09-11 04:23:34.301000
253214696,Reader_Community,3.79,Official community discussion thread with 5 total reviews.,2026-09-11 04:23:34.301000
1592000673,Reader_Community,3.49,Official community discussion thread with 4 total reviews.,2026-09-11 04:23:34.301000
375727388,Reader_Community,4.27,Official community discussion thread with 73 total reviews.,2026-09-11 04:23:34.301000
1589880021,Reader_Community,4.13,Official community discussion thread with 3 total reviews.,2026-09-11 04:23:34.301000
974935999,Reader_Community,3.77,Official community discussion thread with 90 total reviews.,2026-09-11 04:23:34.301000
60557818,Reader_Community,4.17,Official community discussion thread with 15199 total reviews.,2026-09-11 04:23:34.301000
1401210074,Reader_Community,4.24,Official community discussion thread with 569 total reviews.,2026-09-11 04:23:34.301000
2290303348,Reader_Community,4.17,Official community discussion thread with 10 total reviews.,2026-09-11 04:23:34.301000
316955132,Reader_Community,3.98,Official community discussion thread with 582 total reviews.,2026-09-11 04:23:34.301000
8432216887,Reader_Community,4.02,Official community discussion thread with 1 total reviews.,2026-09-11 04:23:34.301000
1873982984,Reader_Community,3.53,Official community discussion thread with 14 total reviews.,2026-09-11 04:23:34.301000
1790877792,Reader_Community,4.18,Official community discussion thread with 2 total reviews.,2026-09-11 04:23:34.301000
60763728,Reader_Community,3.84,Official community discussion thread with 217 total reviews.,2026-09-11 04:23:34.301000
64407446,Reader_Community,3.87,Official community discussion thread with 235 total reviews.,2026-09-11 04:23:34.301000
142400378,Reader_Community,3.9,Official community discussion thread with 51 total reviews.,2026-09-11 04:23:34.301000
486455599,Reader_Community,4.01,Official community discussion thread with 767 total reviews.,2026-09-11 04:23:34.301000
553351397,Reader_Community,4.33,Official community discussion thread with 1156 total reviews.,2026-09-11 04:23:34.302000
385484364,Reader_Community,3.74,Official community discussion thread with 8 total reviews.,2026-09-11 04:23:34.302000
802142648,Reader_Community,4.16,Official community discussion thread with 937 total reviews.,2026-09-11 04:23:34.302000
1901447707,Reader_Community,3.99,Official community discussion thread with 16 total reviews.,2026-09-11 04:23:34.302000
811855260,Reader_Community,4.22,Official community discussion thread with 19 total reviews.,2026-09-11 04:23:34.302000
802134106,Reader_Community,4.14,Official community discussion thread with 227 total reviews.,2026-09-11 04:23:34.302000
940450208,Reader_Community,3.88,Official community discussion thread with 24 total reviews.,2026-09-11 04:23:34.302000
3125738083,Reader_Community,3.8,Official community discussion thread with 1 total reviews.,2026-09-11 04:23:34.302000
3462032186,Reader_Community,3.8,Official community discussion thread with 6 total reviews.,2026-09-11 04:23:34.302000
1559210346,Reader_Community,3.89,Official community discussion thread with 177 total reviews.,2026-09-11 04:23:34.302000
1559210397,Reader_Community,3.84,Official community discussion thread with 242 total reviews.,2026-09-11 04:23:34.302000
1559210869,Reader_Community,4.0,Official community discussion thread with 180 total reviews.,2026-09-11 04:23:34.302000
553480804,Reader_Community,4.01,Official community discussion thread with 49 total reviews.,2026-09-11 04:23:34.302000
553485210,Reader_Community,4.08,Official community discussion thread with 6 total reviews.,2026-09-11 04:23:34.302000
553156500,Reader_Community,4.03,Official community discussion thread with 19 total reviews.,2026-09-11 04:23:34.302000
553485172,Reader_Community,4.04,Official community discussion thread with 13 total reviews.,2026-09-11 04:23:34.302000
156947396X,Reader_Community,3.77,Official community discussion thread with 120 total reviews.,2026-09-11 04:23:34.302000
812972074,Reader_Community,3.88,Official community discussion thread with 35 total reviews.,2026-09-11 04:23:34.302000
393098214,Reader_Community,3.88,Official community discussion thread with 4 total reviews.,2026-09-11 04:23:34.302000
874918855,Reader_Community,4.33,Official community discussion thread with 14 total reviews.,2026-09-11 04:23:34.302000
2940373159,Reader_Community,3.62,Official community discussion thread with 5 total reviews.,2026-09-11 04:23:34.302000
014044307X,Reader_Community,3.71,Official community discussion thread with 51 total reviews.,2026-09-11 04:23:34.302000
679783180,Reader_Community,3.82,Official community discussion thread with 248 total reviews.,2026-09-11 04:23:34.302000
192839578,Reader_Community,3.82,Official community discussion thread with 8 total reviews.,2026-09-11 04:23:34.302000
034543191X,Reader_Community,3.84,Official community discussion thread with 427 total reviews.,2026-09-11 04:23:34.302000
014243776X,Reader_Community,4.12,Official community discussion thread with 40 total reviews.,2026-09-11 04:23:34.302000
1587150794,Reader_Community,3.79,Official community discussion thread with 50 total reviews.,2026-09-11 04:23:34.302000
486442179,Reader_Community,4.01,Official community discussion thread with 41 total reviews.,2026-09-11 04:23:34.302000
1587420244,Reader_Community,4.09,Official community discussion thread with 1 total reviews.,2026-09-11 04:23:34.302000
192835955,Reader_Community,3.93,Official community discussion thread with 67 total reviews.,2026-09-11 04:23:34.302000
553213482,Reader_Community,3.93,Official community discussion thread with 675 total reviews.,2026-09-11 04:23:34.303000
192836366,Reader_Community,3.73,Official community discussion thread with 87 total reviews.,2026-09-11 04:23:34.303000
826407072,Reader_Community,3.7,Official community discussion thread with 3 total reviews.,2026-09-11 04:23:34.303000
761512195,Reader_Community,4.04,Official community discussion thread with 57 total reviews.,2026-09-11 04:23:34.303000
300110561,Reader_Community,3.97,Official community discussion thread with 47 total reviews.,2026-09-11 04:23:34.303000
1400075793,Reader_Community,3.79,Official community discussion thread with 255 total reviews.,2026-09-11 04:23:34.303000
618680004,Reader_Community,3.9,Official community discussion thread with 6216 total reviews.,2026-09-11 04:23:34.303000
743418174,Reader_Community,3.72,Official community discussion thread with 5384 total reviews.,2026-09-11 04:23:34.303000
1416535209,Reader_Community,3.48,Official community discussion thread with 1044 total reviews.,2026-09-11 04:23:34.303000
743470125,Reader_Community,3.65,Official community discussion thread with 1849 total reviews.,2026-09-11 04:23:34.303000
8420465607,Reader_Community,3.42,Official community discussion thread with 4 total reviews.,2026-09-11 04:23:34.303000
449911837,Reader_Community,3.99,Official community discussion thread with 314 total reviews.,2026-09-11 04:23:34.303000
441012035,Reader_Community,3.9,Official community discussion thread with 175 total reviews.,2026-09-11 04:23:34.303000
842313354,Reader_Community,4.34,Official community discussion thread with 205 total reviews.,2026-09-11 04:23:34.303000
061877355X,Reader_Community,4.08,Official community discussion thread with 22 total reviews.,2026-09-11 04:23:34.303000
425182878,Reader_Community,4.24,Official community discussion thread with 376 total reviews.,2026-09-11 04:23:34.303000
764225219,Reader_Community,3.31,Official community discussion thread with 43 total reviews.,2026-09-11 04:23:34.303000
60002069,Reader_Community,3.97,Official community discussion thread with 193 total reviews.,2026-09-11 04:23:34.303000
1879181487,Reader_Community,3.71,Official community discussion thread with 17 total reviews.,2026-09-11 04:23:34.303000
451529510,Reader_Community,3.58,Official community discussion thread with 16 total reviews.,2026-09-11 04:23:34.303000
075640360X,Reader_Community,3.9,Official community discussion thread with 23 total reviews.,2026-09-11 04:23:34.303000
057507681X,Reader_Community,4.02,Official community discussion thread with 1925 total reviews.,2026-09-11 04:23:34.303000
99578514,Reader_Community,3.98,Official community discussion thread with 4469 total reviews.,2026-09-11 04:23:34.303000
446611778,Reader_Community,4.04,Official community discussion thread with 727 total reviews.,2026-09-11 04:23:34.303000
743428951,Reader_Community,4.04,Official community discussion thread with 6 total reviews.,2026-09-11 04:23:34.303000
330419706,Reader_Community,4.04,Official community discussion thread with 15 total reviews.,2026-09-11 04:23:34.304000
786712945,Reader_Community,3.57,Official community discussion thread with 24 total reviews.,2026-09-11 04:23:34.304000
743275012,Reader_Community,3.98,Official community discussion thread with 5760 total reviews.,2026-09-11 04:23:34.304000
743454553,Reader_Community,3.69,Official community discussion thread with 3920 total reviews.,2026-09-11 04:23:34.304000
743496728,Reader_Community,4.12,Official community discussion thread with 13491 total reviews.,2026-09-11 04:23:34.304000
340838035,Reader_Community,4.01,Official community discussion thread with 115 total reviews.,2026-09-11 04:23:34.304000
8408068911,Reader_Community,3.58,Official community discussion thread with 1 total reviews.,2026-09-11 04:23:34.304000
143039857,Reader_Community,4.09,Official community discussion thread with 132 total reviews.,2026-09-11 04:23:34.304000
3404145844,Reader_Community,3.8,Official community discussion thread with 2 total reviews.,2026-09-11 04:23:34.304000
3822505870,Reader_Community,3.82,Official community discussion thread with 3 total reviews.,2026-09-11 04:23:34.304000
61120073,Reader_Community,4.26,Official community discussion thread with 16114 total reviews.,2026-09-11 04:23:34.304000
140266747,Reader_Community,4.06,Official community discussion thread with 34 total reviews.,2026-09-11 04:23:34.304000
141185015,Reader_Community,3.97,Official community discussion thread with 97 total reviews.,2026-09-11 04:23:34.304000
803293054,Reader_Community,3.95,Official community discussion thread with 74 total reviews.,2026-09-11 04:23:34.304000
140259449,Reader_Community,4.55,Official community discussion thread with 351 total reviews.,2026-09-11 04:23:34.304000
1414500084,Reader_Community,4.16,Official community discussion thread with 4 total reviews.,2026-09-11 04:23:34.304000
070898228X,Reader_Community,4.26,Official community discussion thread with 5 total reviews.,2026-09-11 04:23:34.304000
679600264,Reader_Community,4.53,Official community discussion thread with 22 total reviews.,2026-09-11 04:23:34.304000
521825148,Reader_Community,4.26,Official community discussion thread with 7 total reviews.,2026-09-11 04:23:34.304000
965429903,Reader_Community,2.86,Official community discussion thread with 9 total reviews.,2026-09-11 04:23:34.304000
192802372,Reader_Community,4.0,Official community discussion thread with 72 total reviews.,2026-09-11 04:23:34.304000
1587263963,Reader_Community,4.0,Official community discussion thread with 6 total reviews.,2026-09-11 04:23:34.304000
1572705329,Reader_Community,4.0,Official community discussion thread with 3 total reviews.,2026-09-11 04:23:34.304000
039397751X,Reader_Community,4.07,Official community discussion thread with 68 total reviews.,2026-09-11 04:23:34.304000
451218590,Reader_Community,4.08,Official community discussion thread with 1041 total reviews.,2026-09-11 04:23:34.304000
156030470,Reader_Community,3.78,Official community discussion thread with 59 total reviews.,2026-09-11 04:23:34.304000
151009988,Reader_Community,3.79,Official community discussion thread with 5595 total reviews.,2026-09-11 04:23:34.304000
1568493665,Reader_Community,4.14,Official community discussion thread with 4 total reviews.,2026-09-11 04:23:34.304000
156619180,Reader_Community,4.26,Official community discussion thread with 121 total reviews.,2026-09-11 04:23:34.304000
156212501,Reader_Community,4.05,Official community discussion thread with 36 total reviews.,2026-09-11 04:23:34.304000
156260379,Reader_Community,4.37,Official community discussion thread with 11 total reviews.,2026-09-11 04:23:34.305000
156027917,Reader_Community,4.26,Official community discussion thread with 133 total reviews.,2026-09-11 04:23:34.305000
141185368,Reader_Community,3.59,Official community discussion thread with 31 total reviews.,2026-09-11 04:23:34.305000
156031396,Reader_Community,3.76,Official community discussion thread with 390 total reviews.,2026-09-11 04:23:34.305000
156031337,Reader_Community,3.66,Official community discussion thread with 447 total reviews.,2026-09-11 04:23:34.305000
156031272,Reader_Community,3.3,Official community discussion thread with 551 total reviews.,2026-09-11 04:23:34.305000
316059854,Reader_Community,3.32,Official community discussion thread with 1538 total reviews.,2026-09-11 04:23:34.305000
425213978,Reader_Community,3.57,Official community discussion thread with 2498 total reviews.,2026-09-11 04:23:34.305000
345475739,Reader_Community,3.84,Official community discussion thread with 215 total reviews.,2026-09-11 04:23:34.305000
141184841,Reader_Community,4.46,Official community discussion thread with 82 total reviews.,2026-09-11 04:23:34.305000
8408065874,Reader_Community,3.57,Official community discussion thread with 6 total reviews.,2026-09-11 04:23:34.305000
393329127,Reader_Community,3.58,Official community discussion thread with 2399 total reviews.,2026-09-11 04:23:34.305000
553384287,Reader_Community,3.97,Official community discussion thread with 6253 total reviews.,2026-09-11 04:23:34.305000
553804804,Reader_Community,3.98,Official community discussion thread with 2053 total reviews.,2026-09-11 04:23:34.305000
786714824,Reader_Community,3.57,Official community discussion thread with 364 total reviews.,2026-09-11 04:23:34.305000
088001508X,Reader_Community,3.19,Official community discussion thread with 83 total reviews.,2026-09-11 04:23:34.305000
520024796,Reader_Community,4.16,Official community discussion thread with 10 total reviews.,2026-09-11 04:23:34.305000
71401946,Reader_Community,4.03,Official community discussion thread with 2256 total reviews.,2026-09-11 04:23:34.305000
399142789,Reader_Community,4.18,Official community discussion thread with 1276 total reviews.,2026-09-11 04:23:34.305000
1571741038,Reader_Community,4.21,Official community discussion thread with 178 total reviews.,2026-09-11 04:23:34.305000
1571740562,Reader_Community,4.13,Official community discussion thread with 225 total reviews.,2026-09-11 04:23:34.305000
047174719X,Reader_Community,3.72,Official community discussion thread with 32 total reviews.,2026-09-11 04:23:34.305000
767921690,Reader_Community,3.58,Official community discussion thread with 72 total reviews.,2026-09-11 04:23:34.305000
300110308,Reader_Community,3.2,Official community discussion thread with 16 total reviews.,2026-09-11 04:23:34.305000
1573223093,Reader_Community,3.95,Official community discussion thread with 137 total reviews.,2026-09-11 04:23:34.305000
1578064988,Reader_Community,3.95,Official community discussion thread with 1 total reviews.,2026-09-11 04:23:34.305000
679762701,Reader_Community,3.86,Official community discussion thread with 141 total reviews.,2026-09-11 04:23:34.305000
1582349193,Reader_Community,3.46,Official community discussion thread with 202 total reviews.,2026-09-11 04:23:34.305000
1841957186,Reader_Community,3.77,Official community discussion thread with 392 total reviews.,2026-09-11 04:23:34.305000
802135226,Reader_Community,4.11,Official community discussion thread with 1008 total reviews.,2026-09-11 04:23:34.305000
679768203,Reader_Community,4.05,Official community discussion thread with 100 total reviews.,2026-09-11 04:23:34.306000
375702369,Reader_Community,3.86,Official community discussion thread with 110 total reviews.,2026-09-11 04:23:34.306000
802135781,Reader_Community,3.81,Official community discussion thread with 627 total reviews.,2026-09-11 04:23:34.306000
156032899,Reader_Community,3.85,Official community discussion thread with 497 total reviews.,2026-09-11 04:23:34.306000
679744479,Reader_Community,4.07,Official community discussion thread with 1361 total reviews.,2026-09-11 04:23:34.306000
9042003405,Reader_Community,3.7,Official community discussion thread with 2 total reviews.,2026-09-11 04:23:34.306000
747544212,Reader_Community,4.12,Official community discussion thread with 26 total reviews.,2026-09-11 04:23:34.306000
883657279,Reader_Community,3.89,Official community discussion thread with 7 total reviews.,2026-09-11 04:23:34.306000
385418132,Reader_Community,4.08,Official community discussion thread with 18 total reviews.,2026-09-11 04:23:34.306000
394837681,Reader_Community,3.84,Official community discussion thread with 1 total reviews.,2026-09-11 04:23:34.306000
60958022,Reader_Community,3.85,Official community discussion thread with 1936 total reviews.,2026-09-11 04:23:34.306000
61214604,Reader_Community,3.85,Official community discussion thread with 74 total reviews.,2026-09-11 04:23:34.306000
60787112,Reader_Community,3.28,Official community discussion thread with 232 total reviews.,2026-09-11 04:23:34.306000
380815923,Reader_Community,3.8,Official community discussion thread with 617 total reviews.,2026-09-11 04:23:34.306000
60559144,Reader_Community,3.91,Official community discussion thread with 1201 total reviews.,2026-09-11 04:23:34.306000
552998001,Reader_Community,3.8,Official community discussion thread with 55 total reviews.,2026-09-11 04:23:34.306000
385609485,Reader_Community,3.83,Official community discussion thread with 27 total reviews.,2026-09-11 04:23:34.306000
140193707,Reader_Community,3.71,Official community discussion thread with 2 total reviews.,2026-09-11 04:23:34.306000
081097052X,Reader_Community,3.33,Official community discussion thread with 148 total reviews.,2026-09-11 04:23:34.306000
307344835,Reader_Community,3.97,Official community discussion thread with 2 total reviews.,2026-09-11 04:23:34.306000
375408274,Reader_Community,4.15,Official community discussion thread with 24 total reviews.,2026-09-11 04:23:34.306000
044653109X,Reader_Community,4.02,Official community discussion thread with 1410 total reviews.,2026-09-11 04:23:34.307000
446608890,Reader_Community,3.88,Official community discussion thread with 671 total reviews.,2026-09-11 04:23:34.307000
033041965X,Reader_Community,4.08,Official community discussion thread with 6 total reviews.,2026-09-11 04:23:34.307000
074328500X,Reader_Community,4.05,Official community discussion thread with 935 total reviews.,2026-09-11 04:23:34.307000
061815955X,Reader_Community,4.13,Official community discussion thread with 39 total reviews.,2026-09-11 04:23:34.307000
7152531,Reader_Community,3.79,Official community discussion thread with 15 total reviews.,2026-09-11 04:23:34.307000
743247787,Reader_Community,3.63,Official community discussion thread with 249 total reviews.,2026-09-11 04:23:34.307000
743247779,Reader_Community,3.61,Official community discussion thread with 154 total reviews.,2026-09-11 04:23:34.307000
345321383,Reader_Community,4.29,Official community discussion thread with 944 total reviews.,2026-09-11 04:23:34.307000
1414306342,Reader_Community,4.13,Official community discussion thread with 94 total reviews.,2026-09-11 04:23:34.307000
747268037,Reader_Community,3.88,Official community discussion thread with 25 total reviews.,2026-09-11 04:23:34.307000
141014083,Reader_Community,4.55,Official community discussion thread with 5966 total reviews.,2026-09-11 04:23:34.307000
394541553,Reader_Community,4.34,Official community discussion thread with 4873 total reviews.,2026-09-11 04:23:34.308000
553380621,Reader_Community,3.77,Official community discussion thread with 106 total reviews.,2026-09-11 04:23:34.308000
3423118229,Reader_Community,3.54,Official community discussion thread with 23 total reviews.,2026-09-11 04:23:34.308000
756401100,Reader_Community,3.56,Official community discussion thread with 52 total reviews.,2026-09-11 04:23:34.308000
618258027,Reader_Community,4.51,Official community discussion thread with 23 total reviews.,2026-09-11 04:23:34.308000
879972165,Reader_Community,3.51,Official community discussion thread with 11 total reviews.,2026-09-11 04:23:34.308000
879971207,Reader_Community,3.53,Official community discussion thread with 10 total reviews.,2026-09-11 04:23:34.308000
618642676,Reader_Community,4.35,Official community discussion thread with 21 total reviews.,2026-09-11 04:23:34.308000
618154027,Reader_Community,4.39,Official community discussion thread with 21 total reviews.,2026-09-11 04:23:34.308000
618346260,Reader_Community,4.44,Official community discussion thread with 5798 total reviews.,2026-09-11 04:23:34.308000
7171994,Reader_Community,4.53,Official community discussion thread with 5 total reviews.,2026-09-11 04:23:34.308000
7116268,Reader_Community,4.59,Official community discussion thread with 3 total reviews.,2026-09-11 04:23:34.308000
425198324,Reader_Community,4.19,Official community discussion thread with 451 total reviews.,2026-09-11 04:23:34.308000
425187713,Reader_Community,4.08,Official community discussion thread with 50 total reviews.,2026-09-11 04:23:34.308000
1843534754,Reader_Community,3.93,Official community discussion thread with 1 total reviews.,2026-09-11 04:23:34.308000
1843536161,Reader_Community,3.89,Official community discussion thread with 3 total reviews.,2026-09-11 04:23:34.309000
618574972,Reader_Community,4.53,Official community discussion thread with 74 total reviews.,2026-09-11 04:23:34.309000
425204669,Reader_Community,4.12,Official community discussion thread with 1409 total reviews.,2026-09-11 04:23:34.309000
312975732,Reader_Community,3.79,Official community discussion thread with 18 total reviews.,2026-09-11 04:23:34.309000
738207713,Reader_Community,3.93,Official community discussion thread with 70 total reviews.,2026-09-11 04:23:34.309000
553574639,Reader_Community,3.86,Official community discussion thread with 22 total reviews.,2026-09-11 04:23:34.309000
684836270,Reader_Community,3.75,Official community discussion thread with 574 total reviews.,2026-09-11 04:23:34.309000
563536594,Reader_Community,4.35,Official community discussion thread with 3 total reviews.,2026-09-11 04:23:34.309000
618574948,Reader_Community,4.36,Official community discussion thread with 121 total reviews.,2026-09-11 04:23:34.309000
7144083,Reader_Community,4.59,Official community discussion thread with 5 total reviews.,2026-09-11 04:23:34.309000
451452615,Reader_Community,3.13,Official community discussion thread with 301 total reviews.,2026-09-11 04:23:34.310000
061808357X,Reader_Community,4.03,Official community discussion thread with 92 total reviews.,2026-09-11 04:23:34.310000
2266118013,Reader_Community,4.44,Official community discussion thread with 2 total reviews.,2026-09-11 04:23:34.310000
965307794,Reader_Community,4.53,Official community discussion thread with 10 total reviews.,2026-09-11 04:23:34.310000
316706000,Reader_Community,3.66,Official community discussion thread with 334 total reviews.,2026-09-11 04:23:34.310000
316013277,Reader_Community,3.03,Official community discussion thread with 65 total reviews.,2026-09-11 04:23:34.310000
316166340,Reader_Community,3.31,Official community discussion thread with 47 total reviews.,2026-09-11 04:23:34.310000
316578991,Reader_Community,3.07,Official community discussion thread with 38 total reviews.,2026-09-11 04:23:34.310000
571200613,Reader_Community,3.07,Official community discussion thread with 49 total reviews.,2026-09-11 04:23:34.310000
618037667,Reader_Community,4.5,Official community discussion thread with 5 total reviews.,2026-09-11 04:23:34.310000
1841157481,Reader_Community,3.12,Official community discussion thread with 17 total reviews.,2026-09-11 04:23:34.310000
765304090,Reader_Community,3.88,Official community discussion thread with 31 total reviews.,2026-09-11 04:23:34.310000
765343118,Reader_Community,3.86,Official community discussion thread with 35 total reviews.,2026-09-11 04:23:34.310000
812574990,Reader_Community,3.83,Official community discussion thread with 25 total reviews.,2026-09-11 04:23:34.310000
812534867,Reader_Community,3.75,Official community discussion thread with 36 total reviews.,2026-09-11 04:23:34.311000
812574745,Reader_Community,3.78,Official community discussion thread with 30 total reviews.,2026-09-11 04:23:34.311000
727840010,Reader_Community,3.96,Official community discussion thread with 1 total reviews.,2026-09-11 04:23:34.311000
380759500,Reader_Community,3.25,Official community discussion thread with 128 total reviews.,2026-09-11 04:23:34.311000
812555104,Reader_Community,3.76,Official community discussion thread with 37 total reviews.,2026-09-11 04:23:34.311000
441864619,Reader_Community,3.47,Official community discussion thread with 13 total reviews.,2026-09-11 04:23:34.311000
345305183,Reader_Community,4.13,Official community discussion thread with 13 total reviews.,2026-09-11 04:23:34.311000
812574966,Reader_Community,3.61,Official community discussion thread with 65 total reviews.,2026-09-11 04:23:34.311000
812574737,Reader_Community,3.81,Official community discussion thread with 28 total reviews.,2026-09-11 04:23:34.311000
812534832,Reader_Community,3.8,Official community discussion thread with 93 total reviews.,2026-09-11 04:23:34.311000
380759497,Reader_Community,3.67,Official community discussion thread with 64 total reviews.,2026-09-11 04:23:34.311000
812555112,Reader_Community,3.76,Official community discussion thread with 38 total reviews.,2026-09-11 04:23:34.311000
812534840,Reader_Community,3.72,Official community discussion thread with 63 total reviews.,2026-09-11 04:23:34.311000
812534859,Reader_Community,3.71,Official community discussion thread with 42 total reviews.,2026-09-11 04:23:34.312000
517122332,Reader_Community,4.06,Official community discussion thread with 1 total reviews.,2026-09-11 04:23:34.312000
441294707,Reader_Community,3.45,Official community discussion thread with 36 total reviews.,2026-09-11 04:23:34.312000
441225659,Reader_Community,3.49,Official community discussion thread with 11 total reviews.,2026-09-11 04:23:34.312000
441845630,Reader_Community,3.8,Official community discussion thread with 27 total reviews.,2026-09-11 04:23:34.312000
441317480,Reader_Community,3.38,Official community discussion thread with 14 total reviews.,2026-09-11 04:23:34.312000
552097365,Reader_Community,3.76,Official community discussion thread with 13 total reviews.,2026-09-11 04:23:34.312000
034545328X,Reader_Community,4.06,Official community discussion thread with 19 total reviews.,2026-09-11 04:23:34.312000
441444253,Reader_Community,3.56,Official community discussion thread with 47 total reviews.,2026-09-11 04:23:34.312000
441251269,Reader_Community,3.64,Official community discussion thread with 30 total reviews.,2026-09-11 04:23:34.312000
812531140,Reader_Community,3.66,Official community discussion thread with 18 total reviews.,2026-09-11 04:23:34.312000
385048645,Reader_Community,4.04,Official community discussion thread with 2 total reviews.,2026-09-11 04:23:34.313000
380759489,Reader_Community,3.71,Official community discussion thread with 73 total reviews.,2026-09-11 04:23:34.313000
380000369,Reader_Community,3.34,Official community discussion thread with 23 total reviews.,2026-09-11 04:23:34.313000
345317572,Reader_Community,3.89,Official community discussion thread with 24 total reviews.,2026-09-11 04:23:34.313000
345484088,Reader_Community,4.1,Official community discussion thread with 524 total reviews.,2026-09-11 04:23:34.313000
345451139,Reader_Community,4.04,Official community discussion thread with 126 total reviews.,2026-09-11 04:23:34.313000
034543577X,Reader_Community,3.98,Official community discussion thread with 106 total reviews.,2026-09-11 04:23:34.313000
345492862,Reader_Community,4.27,Official community discussion thread with 39 total reviews.,2026-09-11 04:23:34.313000
345465547,Reader_Community,4.29,Official community discussion thread with 42 total reviews.,2026-09-11 04:23:34.313000
345483898,Reader_Community,3.97,Official community discussion thread with 138 total reviews.,2026-09-11 04:23:34.313000
743209516,Reader_Community,3.96,Official community discussion thread with 9 total reviews.,2026-09-11 04:23:34.313000
345396537,Reader_Community,3.96,Official community discussion thread with 55 total reviews.,2026-09-11 04:23:34.314000
1857238273,Reader_Community,4.04,Official community discussion thread with 188 total reviews.,2026-09-11 04:23:34.314000
345461452,Reader_Community,4.16,Official community discussion thread with 8 total reviews.,2026-09-11 04:23:34.314000
345285549,Reader_Community,3.97,Official community discussion thread with 152 total reviews.,2026-09-11 04:23:34.314000
345461460,Reader_Community,4.06,Official community discussion thread with 22 total reviews.,2026-09-11 04:23:34.314000
300082401,Reader_Community,3.86,Official community discussion thread with 198 total reviews.,2026-09-11 04:23:34.314000
802151590,Reader_Community,4.12,Official community discussion thread with 25 total reviews.,2026-09-11 04:23:34.314000
300108486,Reader_Community,4.03,Official community discussion thread with 129 total reviews.,2026-09-11 04:23:34.314000
097639507X,Reader_Community,3.94,Official community discussion thread with 28 total reviews.,2026-09-11 04:23:34.314000
1932416064,Reader_Community,3.87,Official community discussion thread with 7 total reviews.,2026-09-11 04:23:34.314000
679733760,Reader_Community,4.01,Official community discussion thread with 633 total reviews.,2026-09-11 04:23:34.314000
006440630X,Reader_Community,3.72,Official community discussion thread with 1585 total reviews.,2026-09-11 04:23:34.314000
1587612216,Reader_Community,4.37,Official community discussion thread with 43 total reviews.,2026-09-11 04:23:34.314000
1905177046,Reader_Community,4.07,Official community discussion thread with 136 total reviews.,2026-09-11 04:23:34.314000
385335547,Reader_Community,3.83,Official community discussion thread with 99 total reviews.,2026-09-11 04:23:34.315000
1932416773,Reader_Community,3.8,Official community discussion thread with 31 total reviews.,2026-09-11 04:23:34.315000
810111136,Reader_Community,3.11,Official community discussion thread with 1 total reviews.,2026-09-11 04:23:34.315000
226321320,Reader_Community,3.12,Official community discussion thread with 26 total reviews.,2026-09-11 04:23:34.315000
1416523723,Reader_Community,3.12,Official community discussion thread with 687 total reviews.,2026-09-11 04:23:34.315000
60539259,Reader_Community,4.16,Official community discussion thread with 76 total reviews.,2026-09-11 04:23:34.315000
006083756X,Reader_Community,3.99,Official community discussion thread with 2987 total reviews.,2026-09-11 04:23:34.315000
940450674,Reader_Community,4.34,Official community discussion thread with 7 total reviews.,2026-09-11 04:23:34.315000
451528921,Reader_Community,4.06,Official community discussion thread with 1119 total reviews.,2026-09-11 04:23:34.315000
1854591177,Reader_Community,4.06,Official community discussion thread with 11 total reviews.,2026-09-11 04:23:34.315000
374525315,Reader_Community,4.0,Official community discussion thread with 94 total reviews.,2026-09-11 04:23:34.315000
345479459,Reader_Community,3.63,Official community discussion thread with 24 total reviews.,2026-09-11 04:23:34.315000
195087445,Reader_Community,4.0,Official community discussion thread with 50 total reviews.,2026-09-11 04:23:34.315000
253209307,Reader_Community,4.0,Official community discussion thread with 6 total reviews.,2026-09-11 04:23:34.315000
451203267,Reader_Community,4.14,Official community discussion thread with 2779 total reviews.,2026-09-11 04:23:34.315000
60564784,Reader_Community,4.02,Official community discussion thread with 1418 total reviews.,2026-09-11 04:23:34.315000
375724958,Reader_Community,4.1,Official community discussion thread with 110 total reviews.,2026-09-11 04:23:34.315000
1892597381,Reader_Community,4.38,Official community discussion thread with 24 total reviews.,2026-09-11 04:23:34.315000
1590171942,Reader_Community,3.75,Official community discussion thread with 66 total reviews.,2026-09-11 04:23:34.315000
747569118,Reader_Community,4.19,Official community discussion thread with 416 total reviews.,2026-09-11 04:23:34.315000
425181111,Reader_Community,4.0,Official community discussion thread with 590 total reviews.,2026-09-11 04:23:34.315000
393321983,Reader_Community,3.78,Official community discussion thread with 1208 total reviews.,2026-09-11 04:23:34.315000
068980444X,Reader_Community,3.89,Official community discussion thread with 79 total reviews.,2026-09-11 04:23:34.315000
307278581,Reader_Community,3.89,Official community discussion thread with 56 total reviews.,2026-09-11 04:23:34.315000
141186585,Reader_Community,3.82,Official community discussion thread with 257 total reviews.,2026-09-11 04:23:34.316000
394708520,Reader_Community,4.27,Official community discussion thread with 52 total reviews.,2026-09-11 04:23:34.316000
2070360024,Reader_Community,3.98,Official community discussion thread with 765 total reviews.,2026-09-11 04:23:34.316000
081912141X,Reader_Community,3.98,Official community discussion thread with 2 total reviews.,2026-09-11 04:23:34.316000
039440520X,Reader_Community,4.04,Official community discussion thread with 3 total reviews.,2026-09-11 04:23:34.316000
039470245X,Reader_Community,3.83,Official community discussion thread with 22 total reviews.,2026-09-11 04:23:34.316000
2070386708,Reader_Community,4.08,Official community discussion thread with 210 total reviews.,2026-09-11 04:23:34.316000
1840460644,Reader_Community,3.8,Official community discussion thread with 12 total reviews.,2026-09-11 04:23:34.316000
1569246661,Reader_Community,4.28,Official community discussion thread with 12 total reviews.,2026-09-11 04:23:34.316000
1411665309,Reader_Community,4.91,Official community discussion thread with 3 total reviews.,2026-09-11 04:23:34.316000
141185139,Reader_Community,3.98,Official community discussion thread with 80 total reviews.,2026-09-11 04:23:34.316000
2070322882,Reader_Community,4.15,Official community discussion thread with 49 total reviews.,2026-09-11 04:23:34.316000
785123113,Reader_Community,3.94,Official community discussion thread with 1354 total reviews.,2026-09-11 04:23:34.316000
1895176409,Reader_Community,3.88,Official community discussion thread with 10 total reviews.,2026-09-11 04:23:34.316000
174104295X,Reader_Community,3.89,Official community discussion thread with 8 total reviews.,2026-09-11 04:23:34.316000
2246371929,Reader_Community,3.88,Official community discussion thread with 1 total reviews.,2026-09-11 04:23:34.316000
553582755,Reader_Community,3.97,Official community discussion thread with 555 total reviews.,2026-09-11 04:23:34.316000
970998716,Reader_Community,4.41,Official community discussion thread with 10 total reviews.,2026-09-11 04:23:34.316000
345472454,Reader_Community,3.62,Official community discussion thread with 1112 total reviews.,2026-09-11 04:23:34.316000
8466307605,Reader_Community,3.62,Official community discussion thread with 1 total reviews.,2026-09-11 04:23:34.316000
451406281,Reader_Community,3.49,Official community discussion thread with 5 total reviews.,2026-09-11 04:23:34.316000
747571775,Reader_Community,4.15,Official community discussion thread with 1835 total reviews.,2026-09-11 04:23:34.316000
312342519,Reader_Community,3.69,Official community discussion thread with 522 total reviews.,2026-09-11 04:23:34.316000
747569126,Reader_Community,3.88,Official community discussion thread with 74 total reviews.,2026-09-11 04:23:34.316000
747569134,Reader_Community,3.92,Official community discussion thread with 28 total reviews.,2026-09-11 04:23:34.317000
1557046557,Reader_Community,4.21,Official community discussion thread with 3 total reviews.,2026-09-11 04:23:34.317000
031213214X,Reader_Community,3.94,Official community discussion thread with 48 total reviews.,2026-09-11 04:23:34.317000
60760257,Reader_Community,4.02,Official community discussion thread with 744 total reviews.,2026-09-11 04:23:34.317000
316168815,Reader_Community,3.81,Official community discussion thread with 735 total reviews.,2026-09-11 04:23:34.317000
140500522X,Reader_Community,3.97,Official community discussion thread with 2 total reviews.,2026-09-11 04:23:34.317000
788759892,Reader_Community,3.85,Official community discussion thread with 19 total reviews.,2026-09-11 04:23:34.317000
345420748,Reader_Community,3.69,Official community discussion thread with 28 total reviews.,2026-09-11 04:23:34.317000
552771333,Reader_Community,4.29,Official community discussion thread with 2 total reviews.,2026-09-11 04:23:34.317000
074324382X,Reader_Community,4.28,Official community discussion thread with 99 total reviews.,2026-09-11 04:23:34.317000
1932855416,Reader_Community,4.48,Official community discussion thread with 30 total reviews.,2026-09-11 04:23:34.317000
792253140,Reader_Community,4.38,Official community discussion thread with 27 total reviews.,2026-09-11 04:23:34.317000
679776591,Reader_Community,3.93,Official community discussion thread with 947 total reviews.,2026-09-11 04:23:34.317000
805077901,Reader_Community,3.91,Official community discussion thread with 75 total reviews.,2026-09-11 04:23:34.317000
143039822,Reader_Community,4.18,Official community discussion thread with 344 total reviews.,2026-09-11 04:23:34.317000
131862618,Reader_Community,4.18,Official community discussion thread with 2 total reviews.,2026-09-11 04:23:34.317000
60988657,Reader_Community,3.28,Official community discussion thread with 1512 total reviews.,2026-09-11 04:23:34.317000
425163407,Reader_Community,4.06,Official community discussion thread with 33 total reviews.,2026-09-11 04:23:34.317000
1569755833,Reader_Community,4.23,Official community discussion thread with 112 total reviews.,2026-09-11 04:23:34.317000
8478889930,Reader_Community,4.57,Official community discussion thread with 386 total reviews.,2026-09-11 04:23:34.317000
8478888845,Reader_Community,4.49,Official community discussion thread with 458 total reviews.,2026-09-11 04:23:34.317000
972393617,Reader_Community,4.05,Official community discussion thread with 37 total reviews.,2026-09-11 04:23:34.317000
1582348251,Reader_Community,4.47,Official community discussion thread with 24 total reviews.,2026-09-11 04:23:34.317000
439064864,Reader_Community,4.42,Official community discussion thread with 34692 total reviews.,2026-09-11 04:23:34.317000
159990067X,Reader_Community,4.42,Official community discussion thread with 4 total reviews.,2026-09-11 04:23:34.317000
8423338665,Reader_Community,3.48,Official community discussion thread with 2 total reviews.,2026-09-11 04:23:34.317000
1573227951,Reader_Community,3.94,Official community discussion thread with 1081 total reviews.,2026-09-11 04:23:34.317000
1573220825,Reader_Community,3.94,Official community discussion thread with 24 total reviews.,2026-09-11 04:23:34.318000
613647904,Reader_Community,3.96,Official community discussion thread with 9 total reviews.,2026-09-11 04:23:34.318000
375422994,Reader_Community,3.62,Official community discussion thread with 747 total reviews.,2026-09-11 04:23:34.318000
375423001,Reader_Community,3.75,Official community discussion thread with 560 total reviews.,2026-09-11 04:23:34.318000
1400077095,Reader_Community,3.36,Official community discussion thread with 1764 total reviews.,2026-09-11 04:23:34.318000
1400095085,Reader_Community,3.69,Official community discussion thread with 479 total reviews.,2026-09-11 04:23:34.318000
037570180X,Reader_Community,3.9,Official community discussion thread with 12 total reviews.,2026-09-11 04:23:34.318000
312982860,Reader_Community,3.88,Official community discussion thread with 14 total reviews.,2026-09-11 04:23:34.318000
446698466,Reader_Community,3.82,Official community discussion thread with 3083 total reviews.,2026-09-11 04:23:34.318000
446696110,Reader_Community,4.15,Official community discussion thread with 4193 total reviews.,2026-09-11 04:23:34.318000
1561706604,Reader_Community,3.57,Official community discussion thread with 21 total reviews.,2026-09-11 04:23:34.318000
553816713,Reader_Community,4.09,Official community discussion thread with 15272 total reviews.,2026-09-11 04:23:34.318000
2266111108,Reader_Community,4.17,Official community discussion thread with 22 total reviews.,2026-09-11 04:23:34.318000
3453861906,Reader_Community,4.03,Official community discussion thread with 2 total reviews.,2026-09-11 04:23:34.318000
8496544141,Reader_Community,3.84,Official community discussion thread with 5 total reviews.,2026-09-11 04:23:34.318000
446532436,Reader_Community,3.8,Official community discussion thread with 77 total reviews.,2026-09-11 04:23:34.318000
1841150509,Reader_Community,3.8,Official community discussion thread with 2493 total reviews.,2026-09-11 04:23:34.318000
452265819,Reader_Community,3.89,Official community discussion thread with 133 total reviews.,2026-09-11 04:23:34.318000
156030276,Reader_Community,3.62,Official community discussion thread with 109 total reviews.,2026-09-11 04:23:34.318000
60722290,Reader_Community,3.58,Official community discussion thread with 748 total reviews.,2026-09-11 04:23:34.318000
880014407,Reader_Community,3.8,Official community discussion thread with 23 total reviews.,2026-09-11 04:23:34.318000
61236829,Reader_Community,3.55,Official community discussion thread with 860 total reviews.,2026-09-11 04:23:34.318000
60934905,Reader_Community,3.58,Official community discussion thread with 199 total reviews.,2026-09-11 04:23:34.318000
452269865,Reader_Community,3.54,Official community discussion thread with 484 total reviews.,2026-09-11 04:23:34.318000
2253152854,Reader_Community,3.99,Official community discussion thread with 522 total reviews.,2026-09-11 04:23:34.318000
151015317,Reader_Community,3.4,Official community discussion thread with 122 total reviews.,2026-09-11 04:23:34.318000
812968344,Reader_Community,3.84,Official community discussion thread with 138 total reviews.,2026-09-11 04:23:34.318000
140424393,Reader_Community,3.82,Official community discussion thread with 2598 total reviews.,2026-09-11 04:23:34.318000
019280619X,Reader_Community,3.82,Official community discussion thread with 29 total reviews.,2026-09-11 04:23:34.318000
393924289,Reader_Community,3.82,Official community discussion thread with 120 total reviews.,2026-09-11 04:23:34.318000
743474163,Reader_Community,4.31,Official community discussion thread with 1132 total reviews.,2026-09-11 04:23:34.318000
1400049474,Reader_Community,4.03,Official community discussion thread with 282 total reviews.,2026-09-11 04:23:34.318000
1841932515,Reader_Community,3.82,Official community discussion thread with 10 total reviews.,2026-09-11 04:23:34.319000
1425910394,Reader_Community,2.55,Official community discussion thread with 7 total reviews.,2026-09-11 04:23:34.319000
312155859,Reader_Community,4.05,Official community discussion thread with 507 total reviews.,2026-09-11 04:23:34.319000
142002887,Reader_Community,4.03,Official community discussion thread with 382 total reviews.,2026-09-11 04:23:34.319000
449004139,Reader_Community,4.02,Official community discussion thread with 1332 total reviews.,2026-09-11 04:23:34.319000
375758623,Reader_Community,3.95,Official community discussion thread with 521 total reviews.,2026-09-11 04:23:34.319000
375727132,Reader_Community,3.42,Official community discussion thread with 1747 total reviews.,2026-09-11 04:23:34.319000
749933631,Reader_Community,3.42,Official community discussion thread with 8 total reviews.,2026-09-11 04:23:34.319000
743487672,Reader_Community,3.92,Official community discussion thread with 194 total reviews.,2026-09-11 04:23:34.319000
1931082219,Reader_Community,4.28,Official community discussion thread with 24 total reviews.,2026-09-11 04:23:34.319000
1842931539,Reader_Community,3.57,Official community discussion thread with 11 total reviews.,2026-09-11 04:23:34.319000
159307736X,Reader_Community,4.08,Official community discussion thread with 29 total reviews.,2026-09-11 04:23:34.319000
8497934903,Reader_Community,3.99,Official community discussion thread with 2 total reviews.,2026-09-11 04:23:34.319000
226677184,Reader_Community,4.22,Official community discussion thread with 77 total reviews.,2026-09-11 04:23:34.319000
1585677108,Reader_Community,3.72,Official community discussion thread with 8 total reviews.,2026-09-11 04:23:34.319000
226677141,Reader_Community,3.95,Official community discussion thread with 271 total reviews.,2026-09-11 04:23:34.319000
226677176,Reader_Community,4.26,Official community discussion thread with 83 total reviews.,2026-09-11 04:23:34.319000
226677168,Reader_Community,4.29,Official community discussion thread with 87 total reviews.,2026-09-11 04:23:34.319000
1400077303,Reader_Community,4.2,Official community discussion thread with 812 total reviews.,2026-09-11 04:23:34.319000
143034758,Reader_Community,4.23,Official community discussion thread with 6149 total reviews.,2026-09-11 04:23:34.319000
802138292,Reader_Community,4.07,Official community discussion thread with 281 total reviews.,2026-09-11 04:23:34.319000
345479394,Reader_Community,3.67,Official community discussion thread with 57 total reviews.,2026-09-11 04:23:34.319000
802131794,Reader_Community,3.49,Official community discussion thread with 78 total reviews.,2026-09-11 04:23:34.319000
802131557,Reader_Community,3.59,Official community discussion thread with 38 total reviews.,2026-09-11 04:23:34.319000
1400096197,Reader_Community,3.92,Official community discussion thread with 499 total reviews.,2026-09-11 04:23:34.319000
60778563,Reader_Community,4.06,Official community discussion thread with 18 total reviews.,2026-09-11 04:23:34.319000
60556579,Reader_Community,4.04,Official community discussion thread with 506 total reviews.,2026-09-11 04:23:34.319000
060980877X,Reader_Community,4.02,Official community discussion thread with 142 total reviews.,2026-09-11 04:23:34.319000
618683070,Reader_Community,3.74,Official community discussion thread with 2241 total reviews.,2026-09-11 04:23:34.319000
60846739,Reader_Community,3.91,Official community discussion thread with 315 total reviews.,2026-09-11 04:23:34.319000
743272501,Reader_Community,3.87,Official community discussion thread with 3394 total reviews.,2026-09-11 04:23:34.320000
743272498,Reader_Community,3.9,Official community discussion thread with 3915 total reviews.,2026-09-11 04:23:34.320000
743249305,Reader_Community,3.62,Official community discussion thread with 451 total reviews.,2026-09-11 04:23:34.320000
743269268,Reader_Community,3.71,Official community discussion thread with 1967 total reviews.,2026-09-11 04:23:34.320000
743272536,Reader_Community,3.62,Official community discussion thread with 272 total reviews.,2026-09-11 04:23:34.320000
6514642,Reader_Community,3.32,Official community discussion thread with 529 total reviews.,2026-09-11 04:23:34.320000
743249313,Reader_Community,3.68,Official community discussion thread with 380 total reviews.,2026-09-11 04:23:34.320000
6496431,Reader_Community,3.68,Official community discussion thread with 237 total reviews.,2026-09-11 04:23:34.320000
743249291,Reader_Community,3.3,Official community discussion thread with 1547 total reviews.,2026-09-11 04:23:34.320000
807071277,Reader_Community,4.3,Official community discussion thread with 141 total reviews.,2026-09-11 04:23:34.320000
60921080,Reader_Community,4.26,Official community discussion thread with 25 total reviews.,2026-09-11 04:23:34.320000
385722435,Reader_Community,3.85,Official community discussion thread with 4356 total reviews.,2026-09-11 04:23:34.320000
192835432,Reader_Community,3.52,Official community discussion thread with 40 total reviews.,2026-09-11 04:23:34.320000
440391547,Reader_Community,3.61,Official community discussion thread with 55 total reviews.,2026-09-11 04:23:34.320000
385495226,Reader_Community,4.12,Official community discussion thread with 4334 total reviews.,2026-09-11 04:23:34.320000
552143030,Reader_Community,4.12,Official community discussion thread with 26 total reviews.,2026-09-11 04:23:34.320000
520251741,Reader_Community,4.29,Official community discussion thread with 2 total reviews.,2026-09-11 04:23:34.320000
1584850558,Reader_Community,4.05,Official community discussion thread with 5 total reviews.,2026-09-11 04:23:34.320000
1584850450,Reader_Community,4.06,Official community discussion thread with 32 total reviews.,2026-09-11 04:23:34.320000
618181903,Reader_Community,4.07,Official community discussion thread with 45 total reviews.,2026-09-11 04:23:34.320000
316010707,Reader_Community,3.83,Official community discussion thread with 5246 total reviews.,2026-09-11 04:23:34.320000
684829452,Reader_Community,3.9,Official community discussion thread with 21 total reviews.,2026-09-11 04:23:34.320000
60761350,Reader_Community,3.93,Official community discussion thread with 82 total reviews.,2026-09-11 04:23:34.320000
60166495,Reader_Community,4.44,Official community discussion thread with 11 total reviews.,2026-09-11 04:23:34.320000
385493002,Reader_Community,3.68,Official community discussion thread with 903 total reviews.,2026-09-11 04:23:34.320000
385498209,Reader_Community,3.65,Official community discussion thread with 186 total reviews.,2026-09-11 04:23:34.320000
933121296,Reader_Community,4.54,Official community discussion thread with 6 total reviews.,2026-09-11 04:23:34.321000
29221307,Reader_Community,4.05,Official community discussion thread with 13 total reviews.,2026-09-11 04:23:34.321000
842383670,Reader_Community,3.86,Official community discussion thread with 11 total reviews.,2026-09-11 04:23:34.321000
039332706X,Reader_Community,3.47,Official community discussion thread with 41 total reviews.,2026-09-11 04:23:34.321000
60957603,Reader_Community,3.65,Official community discussion thread with 31 total reviews.,2026-09-11 04:23:34.321000
812696069,Reader_Community,3.63,Official community discussion thread with 14 total reviews.,2026-09-11 04:23:34.321000
664229832,Reader_Community,3.77,Official community discussion thread with 23 total reviews.,2026-09-11 04:23:34.321000
1596911042,Reader_Community,3.69,Official community discussion thread with 72 total reviews.,2026-09-11 04:23:34.321000
188845170X,Reader_Community,3.72,Official community discussion thread with 468 total reviews.,2026-09-11 04:23:34.321000
385488378,Reader_Community,4.17,Official community discussion thread with 4 total reviews.,2026-09-11 04:23:34.321000
385488351,Reader_Community,4.02,Official community discussion thread with 27 total reviews.,2026-09-11 04:23:34.321000
393062244,Reader_Community,4.1,Official community discussion thread with 552 total reviews.,2026-09-11 04:23:34.321000
967575605,Reader_Community,4.23,Official community discussion thread with 5 total reviews.,2026-09-11 04:23:34.321000
340827211,Reader_Community,4.28,Official community discussion thread with 40 total reviews.,2026-09-11 04:23:34.321000
670032549,Reader_Community,3.96,Official community discussion thread with 230 total reviews.,2026-09-11 04:23:34.321000
1413900208,Reader_Community,3.87,Official community discussion thread with 42 total reviews.,2026-09-11 04:23:34.321000
822309327,Reader_Community,4.11,Official community discussion thread with 24 total reviews.,2026-09-11 04:23:34.321000
765341131,Reader_Community,3.79,Official community discussion thread with 38 total reviews.,2026-09-11 04:23:34.321000
1932664599,Reader_Community,3.55,Official community discussion thread with 73 total reviews.,2026-09-11 04:23:34.321000
71433716,Reader_Community,3.63,Official community discussion thread with 21 total reviews.,2026-09-11 04:23:34.321000
842358935,Reader_Community,4.42,Official community discussion thread with 141 total reviews.,2026-09-11 04:23:34.321000
141650768X,Reader_Community,3.76,Official community discussion thread with 95 total reviews.,2026-09-11 04:23:34.321000
765316927,Reader_Community,3.29,Official community discussion thread with 104 total reviews.,2026-09-11 04:23:34.321000
806523794,Reader_Community,4.19,Official community discussion thread with 40 total reviews.,2026-09-11 04:23:34.321000
1857983416,Reader_Community,3.91,Official community discussion thread with 1075 total reviews.,2026-09-11 04:23:34.321000
1400030064,Reader_Community,3.46,Official community discussion thread with 142 total reviews.,2026-09-11 04:23:34.321000
8498000831,Reader_Community,4.09,Official community discussion thread with 2486 total reviews.,2026-09-11 04:23:34.321000
345253590,Reader_Community,4.22,Official community discussion thread with 33 total reviews.,2026-09-11 04:23:34.321000
1400030129,Reader_Community,3.52,Official community discussion thread with 97 total reviews.,2026-09-11 04:23:34.321000
1933110457,Reader_Community,4.21,Official community discussion thread with 11 total reviews.,2026-09-11 04:23:34.321000
1844670538,Reader_Community,4.01,Official community discussion thread with 27 total reviews.,2026-09-11 04:23:34.321000
1845203348,Reader_Community,3.89,Official community discussion thread with 9 total reviews.,2026-09-11 04:23:34.321000
1840460873,Reader_Community,3.32,Official community discussion thread with 25 total reviews.,2026-09-11 04:23:34.321000
806509023,Reader_Community,3.84,Official community discussion thread with 147 total reviews.,2026-09-11 04:23:34.322000
014118549X,Reader_Community,3.92,Official community discussion thread with 140 total reviews.,2026-09-11 04:23:34.322000
553251619,Reader_Community,3.94,Official community discussion thread with 70 total reviews.,2026-09-11 04:23:34.322000
872205541,Reader_Community,4.08,Official community discussion thread with 344 total reviews.,2026-09-11 04:23:34.322000
743255909,Reader_Community,3.39,Official community discussion thread with 8 total reviews.,2026-09-11 04:23:34.322000
767907817,Reader_Community,3.72,Official community discussion thread with 822 total reviews.,2026-09-11 04:23:34.322000
140276904,Reader_Community,3.65,Official community discussion thread with 66 total reviews.,2026-09-11 04:23:34.322000
1886230358,Reader_Community,3.76,Official community discussion thread with 6 total reviews.,2026-09-11 04:23:34.322000
679764410,Reader_Community,3.92,Official community discussion thread with 590 total reviews.,2026-09-11 04:23:34.322000
425183769,Reader_Community,3.81,Official community discussion thread with 82 total reviews.,2026-09-11 04:23:34.322000
452287146,Reader_Community,3.7,Official community discussion thread with 651 total reviews.,2026-09-11 04:23:34.322000
380781360,Reader_Community,3.78,Official community discussion thread with 7 total reviews.,2026-09-11 04:23:34.322000
373713444,Reader_Community,4.11,Official community discussion thread with 33 total reviews.,2026-09-11 04:23:34.322000
1562802348,Reader_Community,3.64,Official community discussion thread with 6 total reviews.,2026-09-11 04:23:34.322000
380792044,Reader_Community,3.52,Official community discussion thread with 6 total reviews.,2026-09-11 04:23:34.322000
1591162025,Reader_Community,4.36,Official community discussion thread with 55 total reviews.,2026-09-11 04:23:34.322000
8497936736,Reader_Community,3.79,Official community discussion thread with 9 total reviews.,2026-09-11 04:23:34.322000
271443813X,Reader_Community,3.69,Official community discussion thread with 4 total reviews.,2026-09-11 04:23:34.322000
1400002214,Reader_Community,3.81,Official community discussion thread with 5 total reviews.,2026-09-11 04:23:34.322000
141007478,Reader_Community,3.52,Official community discussion thread with 43 total reviews.,2026-09-11 04:23:34.322000
8497599179,Reader_Community,3.95,Official community discussion thread with 21 total reviews.,2026-09-11 04:23:34.322000
3548603254,Reader_Community,3.4,Official community discussion thread with 2 total reviews.,2026-09-11 04:23:34.322000
2266108271,Reader_Community,3.95,Official community discussion thread with 1 total reviews.,2026-09-11 04:23:34.322000
3453868579,Reader_Community,3.75,Official community discussion thread with 1 total reviews.,2026-09-11 04:23:34.322000
99461269,Reader_Community,3.7,Official community discussion thread with 6 total reviews.,2026-09-11 04:23:34.322000
373250479,Reader_Community,3.68,Official community discussion thread with 84 total reviews.,2026-09-11 04:23:34.322000
4091256449,Reader_Community,4.26,Official community discussion thread with 1 total reviews.,2026-09-11 04:23:34.322000
4091256481,Reader_Community,4.29,Official community discussion thread with 1 total reviews.,2026-09-11 04:23:34.322000
4091256422,Reader_Community,4.25,Official community discussion thread with 1 total reviews.,2026-09-11 04:23:34.323000
4091256465,Reader_Community,4.28,Official community discussion thread with 1 total reviews.,2026-09-11 04:23:34.323000
4091255876,Reader_Community,4.25,Official community discussion thread with 1 total reviews.,2026-09-11 04:23:34.323000
4091255841,Reader_Community,4.3,Official community discussion thread with 1 total reviews.,2026-09-11 04:23:34.323000
409125201X,Reader_Community,4.27,Official community discussion thread with 3 total reviews.,2026-09-11 04:23:34.323000
4091256473,Reader_Community,4.28,Official community discussion thread with 1 total reviews.,2026-09-11 04:23:34.323000
1569311935,Reader_Community,3.97,Official community discussion thread with 1 total reviews.,2026-09-11 04:23:34.323000
1569310351,Reader_Community,4.11,Official community discussion thread with 4 total reviews.,2026-09-11 04:23:34.323000
156931019X,Reader_Community,3.97,Official community discussion thread with 7 total reviews.,2026-09-11 04:23:34.323000
1591162866,Reader_Community,4.11,Official community discussion thread with 19 total reviews.,2026-09-11 04:23:34.323000
1413901433,Reader_Community,3.54,Official community discussion thread with 31 total reviews.,2026-09-11 04:23:34.323000
345459849,Reader_Community,4.02,Official community discussion thread with 148 total reviews.,2026-09-11 04:23:34.323000
6163831,Reader_Community,3.98,Official community discussion thread with 3 total reviews.,2026-09-11 04:23:34.323000
553071793,Reader_Community,4.15,Official community discussion thread with 69 total reviews.,2026-09-11 04:23:34.323000
553297600,Reader_Community,3.99,Official community discussion thread with 101 total reviews.,2026-09-11 04:23:34.323000
345418476,Reader_Community,3.98,Official community discussion thread with 109 total reviews.,2026-09-11 04:23:34.323000
553562606,Reader_Community,4.08,Official community discussion thread with 89 total reviews.,2026-09-11 04:23:34.323000
1421513684,Reader_Community,3.83,Official community discussion thread with 40 total reviews.,2026-09-11 04:23:34.323000
373255594,Reader_Community,3.89,Official community discussion thread with 1 total reviews.,2026-09-11 04:23:34.323000
316058785,Reader_Community,3.64,Official community discussion thread with 744 total reviews.,2026-09-11 04:23:34.323000
316154091,Reader_Community,3.84,Official community discussion thread with 247 total reviews.,2026-09-11 04:23:34.324000
316010197,Reader_Community,3.88,Official community discussion thread with 800 total reviews.,2026-09-11 04:23:34.324000
425190374,Reader_Community,3.78,Official community discussion thread with 4232 total reviews.,2026-09-11 04:23:34.324000
345455916,Reader_Community,3.83,Official community discussion thread with 965 total reviews.,2026-09-11 04:23:34.324000
805210555,Reader_Community,4.35,Official community discussion thread with 381 total reviews.,2026-09-11 04:23:34.324000
805210644,Reader_Community,3.75,Official community discussion thread with 522 total reviews.,2026-09-11 04:23:34.324000
679423036,Reader_Community,4.35,Official community discussion thread with 30 total reviews.,2026-09-11 04:23:34.324000
816615152,Reader_Community,4.17,Official community discussion thread with 45 total reviews.,2026-09-11 04:23:34.324000
393058484,Reader_Community,4.46,Official community discussion thread with 103 total reviews.,2026-09-11 04:23:34.324000
517229250,Reader_Community,4.3,Official community discussion thread with 165 total reviews.,2026-09-11 04:23:34.324000
553382160,Reader_Community,4.3,Official community discussion thread with 55 total reviews.,2026-09-11 04:23:34.324000
515130990,Reader_Community,3.62,Official community discussion thread with 68 total reviews.,2026-09-11 04:23:34.324000
1401211321,Reader_Community,3.83,Official community discussion thread with 339 total reviews.,2026-09-11 04:23:34.324000
812551230,Reader_Community,3.72,Official community discussion thread with 1 total reviews.,2026-09-11 04:23:34.324000
886776503,Reader_Community,3.87,Official community discussion thread with 2 total reviews.,2026-09-11 04:23:34.324000
886771382,Reader_Community,3.98,Official community discussion thread with 6 total reviews.,2026-09-11 04:23:34.324000
886774675,Reader_Community,3.99,Official community discussion thread with 1 total reviews.,2026-09-11 04:23:34.324000
1400040353,Reader_Community,4.22,Official community discussion thread with 23 total reviews.,2026-09-11 04:23:34.324000
1400040361,Reader_Community,4.21,Official community discussion thread with 24 total reviews.,2026-09-11 04:23:34.325000
767914228,Reader_Community,4.14,Official community discussion thread with 3 total reviews.,2026-09-11 04:23:34.325000
1559360801,Reader_Community,3.84,Official community discussion thread with 32 total reviews.,2026-09-11 04:23:34.325000
374528551,Reader_Community,4.43,Official community discussion thread with 14 total reviews.,2026-09-11 04:23:34.325000
006097611X,Reader_Community,3.61,Official community discussion thread with 33 total reviews.,2026-09-11 04:23:34.325000
312423136,Reader_Community,3.72,Official community discussion thread with 191 total reviews.,2026-09-11 04:23:34.325000
60975091,Reader_Community,3.82,Official community discussion thread with 49 total reviews.,2026-09-11 04:23:34.325000
1405153601,Reader_Community,4.04,Official community discussion thread with 48 total reviews.,2026-09-11 04:23:34.325000
99453835,Reader_Community,4.25,Official community discussion thread with 245 total reviews.,2026-09-11 04:23:34.325000
140515358X,Reader_Community,4.17,Official community discussion thread with 11 total reviews.,2026-09-11 04:23:34.325000
60977086,Reader_Community,3.87,Official community discussion thread with 45 total reviews.,2026-09-11 04:23:34.325000
385722168,Reader_Community,3.97,Official community discussion thread with 76 total reviews.,2026-09-11 04:23:34.325000
99284464,Reader_Community,3.77,Official community discussion thread with 54 total reviews.,2026-09-11 04:23:34.325000
29227968,Reader_Community,3.77,Official community discussion thread with 17 total reviews.,2026-09-11 04:23:34.325000
679776214,Reader_Community,3.62,Official community discussion thread with 58 total reviews.,2026-09-11 04:23:34.325000
1400075483,Reader_Community,3.32,Official community discussion thread with 36 total reviews.,2026-09-11 04:23:34.325000
618506918,Reader_Community,3.39,Official community discussion thread with 4 total reviews.,2026-09-11 04:23:34.325000
99285827,Reader_Community,3.96,Official community discussion thread with 5 total reviews.,2026-09-11 04:23:34.325000
037570115X,Reader_Community,3.39,Official community discussion thread with 49 total reviews.,2026-09-11 04:23:34.325000
99461870,Reader_Community,3.7,Official community discussion thread with 16 total reviews.,2026-09-11 04:23:34.325000
057121200X,Reader_Community,3.58,Official community discussion thread with 3 total reviews.,2026-09-11 04:23:34.326000
571200435,Reader_Community,3.73,Official community discussion thread with 25 total reviews.,2026-09-11 04:23:34.326000
6861350,Reader_Community,4.1,Official community discussion thread with 41 total reviews.,2026-09-11 04:23:34.326000
795000375,Reader_Community,3.97,Official community discussion thread with 5 total reviews.,2026-09-11 04:23:34.326000
520071778,Reader_Community,3.54,Official community discussion thread with 10 total reviews.,2026-09-11 04:23:34.326000
520072383,Reader_Community,3.95,Official community discussion thread with 3 total reviews.,2026-09-11 04:23:34.326000
224011871,Reader_Community,4.02,Official community discussion thread with 1 total reviews.,2026-09-11 04:23:34.326000
99428636,Reader_Community,3.85,Official community discussion thread with 12 total reviews.,2026-09-11 04:23:34.326000
151001367,Reader_Community,3.85,Official community discussion thread with 153 total reviews.,2026-09-11 04:23:34.326000
2253033138,Reader_Community,4.12,Official community discussion thread with 49 total reviews.,2026-09-11 04:23:34.326000
849782461X,Reader_Community,3.36,Official community discussion thread with 2 total reviews.,2026-09-11 04:23:34.326000
1585420824,Reader_Community,3.82,Official community discussion thread with 12 total reviews.,2026-09-11 04:23:34.326000
1556591608,Reader_Community,4.04,Official community discussion thread with 224 total reviews.,2026-09-11 04:23:34.326000
1570915067,Reader_Community,3.78,Official community discussion thread with 1 total reviews.,2026-09-11 04:23:34.326000
1578050499,Reader_Community,4.1,Official community discussion thread with 53 total reviews.,2026-09-11 04:23:34.326000
330351745,Reader_Community,3.13,Official community discussion thread with 182 total reviews.,2026-09-11 04:23:34.326000
142002836,Reader_Community,3.81,Official community discussion thread with 960 total reviews.,2026-09-11 04:23:34.326000
395924855,Reader_Community,3.13,Official community discussion thread with 2 total reviews.,2026-09-11 04:23:34.326000
061812733X,Reader_Community,3.41,Official community discussion thread with 542 total reviews.,2026-09-11 04:23:34.327000
031228621X,Reader_Community,3.72,Official community discussion thread with 16 total reviews.,2026-09-11 04:23:34.327000
60525126,Reader_Community,3.83,Official community discussion thread with 1038 total reviews.,2026-09-11 04:23:34.327000
60874309,Reader_Community,4.17,Official community discussion thread with 366 total reviews.,2026-09-11 04:23:34.327000
60851988,Reader_Community,3.69,Official community discussion thread with 1693 total reviews.,2026-09-11 04:23:34.327000
60525118,Reader_Community,3.74,Official community discussion thread with 2408 total reviews.,2026-09-11 04:23:34.327000
60880120,Reader_Community,3.55,Official community discussion thread with 876 total reviews.,2026-09-11 04:23:34.327000
60847182,Reader_Community,3.67,Official community discussion thread with 219 total reviews.,2026-09-11 04:23:34.327000
60725141,Reader_Community,4.17,Official community discussion thread with 671 total reviews.,2026-09-11 04:23:34.327000
60085444,Reader_Community,3.7,Official community discussion thread with 441 total reviews.,2026-09-11 04:23:34.327000
037582846X,Reader_Community,3.49,Official community discussion thread with 281 total reviews.,2026-09-11 04:23:34.327000
375832998,Reader_Community,3.84,Official community discussion thread with 3373 total reviews.,2026-09-11 04:23:34.327000
439890284,Reader_Community,3.63,Official community discussion thread with 23 total reviews.,2026-09-11 04:23:34.327000
375836578,Reader_Community,3.93,Official community discussion thread with 1190 total reviews.,2026-09-11 04:23:34.327000
439087309,Reader_Community,4.11,Official community discussion thread with 65 total reviews.,2026-09-11 04:23:34.328000
505524740,Reader_Community,3.62,Official community discussion thread with 33 total reviews.,2026-09-11 04:23:34.328000
743496140,Reader_Community,3.62,Official community discussion thread with 34 total reviews.,2026-09-11 04:23:34.328000
505523973,Reader_Community,3.57,Official community discussion thread with 27 total reviews.,2026-09-11 04:23:34.328000
425215385,Reader_Community,3.89,Official community discussion thread with 162 total reviews.,2026-09-11 04:23:34.328000
505525097,Reader_Community,3.7,Official community discussion thread with 20 total reviews.,2026-09-11 04:23:34.328000
425213919,Reader_Community,3.59,Official community discussion thread with 73 total reviews.,2026-09-11 04:23:34.328000
505525755,Reader_Community,3.67,Official community discussion thread with 16 total reviews.,2026-09-11 04:23:34.329000
515142212,Reader_Community,3.64,Official community discussion thread with 585 total reviews.,2026-09-11 04:23:34.329000
1931520119,Reader_Community,3.8,Official community discussion thread with 69 total reviews.,2026-09-11 04:23:34.329000
019289322X,Reader_Community,4.07,Official community discussion thread with 18 total reviews.,2026-09-11 04:23:34.329000
192854178,Reader_Community,4.06,Official community discussion thread with 4 total reviews.,2026-09-11 04:23:34.329000
751333328,Reader_Community,4.14,Official community discussion thread with 45 total reviews.,2026-09-11 04:23:34.329000
393978516,Reader_Community,3.85,Official community discussion thread with 51 total reviews.,2026-09-11 04:23:34.329000
140247742,Reader_Community,3.85,Official community discussion thread with 32 total reviews.,2026-09-11 04:23:34.329000
60789565,Reader_Community,3.85,Official community discussion thread with 11 total reviews.,2026-09-11 04:23:34.329000
764537156,Reader_Community,3.4,Official community discussion thread with 2 total reviews.,2026-09-11 04:23:34.329000
439774381,Reader_Community,3.93,Official community discussion thread with 241 total reviews.,2026-09-11 04:23:34.329000
60590157,Reader_Community,3.87,Official community discussion thread with 44 total reviews.,2026-09-11 04:23:34.329000
805069496,Reader_Community,3.89,Official community discussion thread with 40 total reviews.,2026-09-11 04:23:34.329000
807840890,Reader_Community,4.04,Official community discussion thread with 2 total reviews.,2026-09-11 04:23:34.330000
750937254,Reader_Community,4.07,Official community discussion thread with 8 total reviews.,2026-09-11 04:23:34.330000
312274920,Reader_Community,3.79,Official community discussion thread with 838 total reviews.,2026-09-11 04:23:34.330000
971500762,Reader_Community,4.61,Official community discussion thread with 11 total reviews.,2026-09-11 04:23:34.330000
971500746,Reader_Community,4.51,Official community discussion thread with 29 total reviews.,2026-09-11 04:23:34.330000
964326191,Reader_Community,4.38,Official community discussion thread with 37 total reviews.,2026-09-11 04:23:34.330000
299178005,Reader_Community,3.5,Official community discussion thread with 1 total reviews.,2026-09-11 04:23:34.330000
791056643,Reader_Community,3.58,Official community discussion thread with 2 total reviews.,2026-09-11 04:23:34.330000
812416112,Reader_Community,3.68,Official community discussion thread with 57 total reviews.,2026-09-11 04:23:34.330000
689835612,Reader_Community,4.15,Official community discussion thread with 28 total reviews.,2026-09-11 04:23:34.330000
689849257,Reader_Community,3.53,Official community discussion thread with 26 total reviews.,2026-09-11 04:23:34.330000
345461614,Reader_Community,3.81,Official community discussion thread with 26 total reviews.,2026-09-11 04:23:34.330000
345461274,Reader_Community,3.68,Official community discussion thread with 65 total reviews.,2026-09-11 04:23:34.330000
345418689,Reader_Community,3.87,Official community discussion thread with 33 total reviews.,2026-09-11 04:23:34.330000
380793474,Reader_Community,4.2,Official community discussion thread with 306 total reviews.,2026-09-11 04:23:34.330000
743518365,Reader_Community,4.23,Official community discussion thread with 10 total reviews.,2026-09-11 04:23:34.330000
375424431,Reader_Community,3.86,Official community discussion thread with 540 total reviews.,2026-09-11 04:23:34.331000
679779175,Reader_Community,4.01,Official community discussion thread with 812 total reviews.,2026-09-11 04:23:34.331000
679779159,Reader_Community,3.76,Official community discussion thread with 877 total reviews.,2026-09-11 04:23:34.331000
312155611,Reader_Community,3.56,Official community discussion thread with 46 total reviews.,2026-09-11 04:23:34.331000
140276610,Reader_Community,4.01,Official community discussion thread with 70 total reviews.,2026-09-11 04:23:34.331000
375725350,Reader_Community,3.91,Official community discussion thread with 535 total reviews.,2026-09-11 04:23:34.331000
802142400,Reader_Community,3.98,Official community discussion thread with 853 total reviews.,2026-09-11 04:23:34.331000
1573229717,Reader_Community,3.74,Official community discussion thread with 303 total reviews.,2026-09-11 04:23:34.331000
342661278X,Reader_Community,4.09,Official community discussion thread with 1 total reviews.,2026-09-11 04:23:34.331000
786930675,Reader_Community,4.12,Official community discussion thread with 20 total reviews.,2026-09-11 04:23:34.331000
1932796789,Reader_Community,4.12,Official community discussion thread with 401 total reviews.,2026-09-11 04:23:34.331000
441012590,Reader_Community,3.54,Official community discussion thread with 11 total reviews.,2026-09-11 04:23:34.331000
743498097,Reader_Community,3.57,Official community discussion thread with 35 total reviews.,2026-09-11 04:23:34.331000
1400032385,Reader_Community,4.02,Official community discussion thread with 50 total reviews.,2026-09-11 04:23:34.331000
1583332057,Reader_Community,3.69,Official community discussion thread with 53 total reviews.,2026-09-11 04:23:34.331000
613046889,Reader_Community,3.63,Official community discussion thread with 5 total reviews.,2026-09-11 04:23:34.331000
791063372,Reader_Community,4.35,Official community discussion thread with 2 total reviews.,2026-09-11 04:23:34.331000
143039601,Reader_Community,3.92,Official community discussion thread with 172 total reviews.,2026-09-11 04:23:34.332000
307335852,Reader_Community,3.25,Official community discussion thread with 451 total reviews.,2026-09-11 04:23:34.332000
1421507668,Reader_Community,4.44,Official community discussion thread with 8 total reviews.,2026-09-11 04:23:34.332000
1421508389,Reader_Community,4.59,Official community discussion thread with 129 total reviews.,2026-09-11 04:23:34.332000
131445960,Reader_Community,3.99,Official community discussion thread with 4 total reviews.,2026-09-11 04:23:34.332000
764584650,Reader_Community,3.84,Official community discussion thread with 27 total reviews.,2026-09-11 04:23:34.332000
471265187,Reader_Community,3.89,Official community discussion thread with 10 total reviews.,2026-09-11 04:23:34.332000
013187165X,Reader_Community,3.88,Official community discussion thread with 8 total reviews.,2026-09-11 04:23:34.332000
471409766,Reader_Community,4.04,Official community discussion thread with 234 total reviews.,2026-09-11 04:23:34.332000
500251215,Reader_Community,4.24,Official community discussion thread with 46 total reviews.,2026-09-11 04:23:34.332000
446607258,Reader_Community,4.0,Official community discussion thread with 192 total reviews.,2026-09-11 04:23:34.332000
316341517,Reader_Community,4.0,Official community discussion thread with 1552 total reviews.,2026-09-11 04:23:34.332000
375714626,Reader_Community,4.33,Official community discussion thread with 37 total reviews.,2026-09-11 04:23:34.332000
195153820,Reader_Community,4.11,Official community discussion thread with 33 total reviews.,2026-09-11 04:23:34.332000
517588374,Reader_Community,4.12,Official community discussion thread with 44 total reviews.,2026-09-11 04:23:34.332000
1857880781,Reader_Community,3.7,Official community discussion thread with 43 total reviews.,2026-09-11 04:23:34.332000
805413995,Reader_Community,4.02,Official community discussion thread with 6 total reviews.,2026-09-11 04:23:34.333000
446691860,Reader_Community,4.02,Official community discussion thread with 116 total reviews.,2026-09-11 04:23:34.333000
684849305,Reader_Community,4.19,Official community discussion thread with 13 total reviews.,2026-09-11 04:23:34.333000
439050138,Reader_Community,3.96,Official community discussion thread with 181 total reviews.,2026-09-11 04:23:34.333000
762412631,Reader_Community,5.0,Official community discussion thread with 1 total reviews.,2026-09-11 04:23:34.333000
226182002,Reader_Community,4.2,Official community discussion thread with 30 total reviews.,2026-09-11 04:23:34.333000
836282892,Reader_Community,3.87,Official community discussion thread with 9 total reviews.,2026-09-11 04:23:34.333000
836279298,Reader_Community,4.26,Official community discussion thread with 6 total reviews.,2026-09-11 04:23:34.333000
452287677,Reader_Community,3.86,Official community discussion thread with 201 total reviews.,2026-09-11 04:23:34.333000
452285216,Reader_Community,3.81,Official community discussion thread with 723 total reviews.,2026-09-11 04:23:34.333000
743251008,Reader_Community,3.37,Official community discussion thread with 11 total reviews.,2026-09-11 04:23:34.333000
440504708,Reader_Community,3.82,Official community discussion thread with 35 total reviews.,2026-09-11 04:23:34.333000
618083618,Reader_Community,4.14,Official community discussion thread with 32 total reviews.,2026-09-11 04:23:34.333000
618894640,Reader_Community,3.97,Official community discussion thread with 225 total reviews.,2026-09-11 04:23:34.333000
345458567,Reader_Community,3.93,Official community discussion thread with 42 total reviews.,2026-09-11 04:23:34.333000
618391029,Reader_Community,4.51,Official community discussion thread with 2 total reviews.,2026-09-11 04:23:34.334000
395606497,Reader_Community,4.01,Official community discussion thread with 41 total reviews.,2026-09-11 04:23:34.334000
618391010,Reader_Community,4.46,Official community discussion thread with 2 total reviews.,2026-09-11 04:23:34.334000
7149123,Reader_Community,4.08,Official community discussion thread with 162 total reviews.,2026-09-11 04:23:34.334000
898708257,Reader_Community,4.05,Official community discussion thread with 31 total reviews.,2026-09-11 04:23:34.334000
7149115,Reader_Community,3.87,Official community discussion thread with 413 total reviews.,2026-09-11 04:23:34.334000
7137435,Reader_Community,4.25,Official community discussion thread with 3 total reviews.,2026-09-11 04:23:34.334000
261102257,Reader_Community,3.97,Official community discussion thread with 10 total reviews.,2026-09-11 04:23:34.334000
1403969736,Reader_Community,3.62,Official community discussion thread with 2 total reviews.,2026-09-11 04:23:34.334000
618422536,Reader_Community,4.02,Official community discussion thread with 17 total reviews.,2026-09-11 04:23:34.334000
2266102710,Reader_Community,3.54,Official community discussion thread with 2 total reviews.,2026-09-11 04:23:34.334000
026110330X,Reader_Community,4.27,Official community discussion thread with 55 total reviews.,2026-09-11 04:23:34.334000
142150507X,Reader_Community,4.14,Official community discussion thread with 33 total reviews.,2026-09-11 04:23:34.334000
1569319626,Reader_Community,4.15,Official community discussion thread with 309 total reviews.,2026-09-11 04:23:34.334000
1421505061,Reader_Community,4.1,Official community discussion thread with 13 total reviews.,2026-09-11 04:23:34.334000
1421505053,Reader_Community,4.08,Official community discussion thread with 13 total reviews.,2026-09-11 04:23:34.334000
1591161290,Reader_Community,4.13,Official community discussion thread with 39 total reviews.,2026-09-11 04:23:34.334000
1591164842,Reader_Community,4.05,Official community discussion thread with 3 total reviews.,2026-09-11 04:23:34.335000
380815591,Reader_Community,3.77,Official community discussion thread with 231 total reviews.,2026-09-11 04:23:34.335000
1421502798,Reader_Community,4.36,Official community discussion thread with 11 total reviews.,2026-09-11 04:23:34.335000
1421501422,Reader_Community,4.3,Official community discussion thread with 6 total reviews.,2026-09-11 04:23:34.335000
1591168694,Reader_Community,4.27,Official community discussion thread with 3 total reviews.,2026-09-11 04:23:34.335000
1591163196,Reader_Community,4.22,Official community discussion thread with 5 total reviews.,2026-09-11 04:23:34.335000
1591164222,Reader_Community,4.19,Official community discussion thread with 4 total reviews.,2026-09-11 04:23:34.335000
159116804X,Reader_Community,4.28,Official community discussion thread with 4 total reviews.,2026-09-11 04:23:34.335000
1591166179,Reader_Community,4.19,Official community discussion thread with 4 total reviews.,2026-09-11 04:23:34.335000
1569312060,Reader_Community,3.88,Official community discussion thread with 1 total reviews.,2026-09-11 04:23:34.335000
1591163528,Reader_Community,4.59,Official community discussion thread with 38 total reviews.,2026-09-11 04:23:34.335000
1591163544,Reader_Community,4.62,Official community discussion thread with 33 total reviews.,2026-09-11 04:23:34.335000
1591164125,Reader_Community,4.61,Official community discussion thread with 28 total reviews.,2026-09-11 04:23:34.335000
1591163552,Reader_Community,4.61,Official community discussion thread with 79 total reviews.,2026-09-11 04:23:34.335000
2723433927,Reader_Community,4.59,Official community discussion thread with 2 total reviews.,2026-09-11 04:23:34.335000
2723433919,Reader_Community,4.56,Official community discussion thread with 3 total reviews.,2026-09-11 04:23:34.335000
897330595,Reader_Community,3.81,Official community discussion thread with 34 total reviews.,2026-09-11 04:23:34.335000
1401210821,Reader_Community,4.65,Official community discussion thread with 512 total reviews.,2026-09-11 04:23:34.336000
1563892278,Reader_Community,4.24,Official community discussion thread with 3781 total reviews.,2026-09-11 04:23:34.336000
801870569,Reader_Community,4.29,Official community discussion thread with 198 total reviews.,2026-09-11 04:23:34.336000
1585672793,Reader_Community,4.24,Official community discussion thread with 5 total reviews.,2026-09-11 04:23:34.336000
1841581224,Reader_Community,4.24,Official community discussion thread with 41 total reviews.,2026-09-11 04:23:34.336000
306805626,Reader_Community,4.21,Official community discussion thread with 40 total reviews.,2026-09-11 04:23:34.336000
312321198,Reader_Community,3.85,Official community discussion thread with 4032 total reviews.,2026-09-11 04:23:34.336000
084394725X,Reader_Community,3.94,Official community discussion thread with 1 total reviews.,2026-09-11 04:23:34.336000
451530373,Reader_Community,4.18,Official community discussion thread with 16 total reviews.,2026-09-11 04:23:34.336000
393048853,Reader_Community,4.47,Official community discussion thread with 12 total reviews.,2026-09-11 04:23:34.336000
393924653,Reader_Community,4.01,Official community discussion thread with 10 total reviews.,2026-09-11 04:23:34.336000
393090027,Reader_Community,4.35,Official community discussion thread with 105 total reviews.,2026-09-11 04:23:34.336000
1593080034,Reader_Community,4.33,Official community discussion thread with 173 total reviews.,2026-09-11 04:23:34.336000
312862172,Reader_Community,4.25,Official community discussion thread with 65 total reviews.,2026-09-11 04:23:34.336000
812509668,Reader_Community,3.88,Official community discussion thread with 6 total reviews.,2026-09-11 04:23:34.337000
812509676,Reader_Community,4.18,Official community discussion thread with 5 total reviews.,2026-09-11 04:23:34.337000
143036971,Reader_Community,3.95,Official community discussion thread with 85 total reviews.,2026-09-11 04:23:34.337000
140281916,Reader_Community,3.95,Official community discussion thread with 1 total reviews.,2026-09-11 04:23:34.337000
1850522316,Reader_Community,4.48,Official community discussion thread with 9 total reviews.,2026-09-11 04:23:34.337000
851708714,Reader_Community,4.27,Official community discussion thread with 14 total reviews.,2026-09-11 04:23:34.337000
812966295,Reader_Community,3.8,Official community discussion thread with 1168 total reviews.,2026-09-11 04:23:34.337000
698117972,Reader_Community,4.09,Official community discussion thread with 24 total reviews.,2026-09-11 04:23:34.337000
756611776,Reader_Community,3.91,Official community discussion thread with 19 total reviews.,2026-09-11 04:23:34.337000
1880216620,Reader_Community,4.13,Official community discussion thread with 31 total reviews.,2026-09-11 04:23:34.337000
039330695X,Reader_Community,4.17,Official community discussion thread with 28 total reviews.,2026-09-11 04:23:34.337000
399532978,Reader_Community,3.93,Official community discussion thread with 13 total reviews.,2026-09-11 04:23:34.338000
387222529,Reader_Community,4.05,Official community discussion thread with 1 total reviews.,2026-09-11 04:23:34.338000
1565891740,Reader_Community,3.6,Official community discussion thread with 1 total reviews.,2026-09-11 04:23:34.338000
843954116,Reader_Community,3.62,Official community discussion thread with 34 total reviews.,2026-09-11 04:23:34.338000
084395177X,Reader_Community,3.36,Official community discussion thread with 101 total reviews.,2026-09-11 04:23:34.338000
843954108,Reader_Community,3.45,Official community discussion thread with 23 total reviews.,2026-09-11 04:23:34.338000
084394580X,Reader_Community,3.75,Official community discussion thread with 32 total reviews.,2026-09-11 04:23:34.338000
843947667,Reader_Community,3.49,Official community discussion thread with 29 total reviews.,2026-09-11 04:23:34.338000
1881475719,Reader_Community,3.79,Official community discussion thread with 12 total reviews.,2026-09-11 04:23:34.338000
843951427,Reader_Community,3.76,Official community discussion thread with 78 total reviews.,2026-09-11 04:23:34.338000
843944390,Reader_Community,3.36,Official community discussion thread with 71 total reviews.,2026-09-11 04:23:34.338000
393324141,Reader_Community,3.97,Official community discussion thread with 589 total reviews.,2026-09-11 04:23:34.338000
1582344728,Reader_Community,3.81,Official community discussion thread with 71 total reviews.,2026-09-11 04:23:34.338000
26995018,Reader_Community,4.13,Official community discussion thread with 2 total reviews.,2026-09-11 04:23:34.338000
307350436,Reader_Community,3.75,Official community discussion thread with 711 total reviews.,2026-09-11 04:23:34.339000
517405091,Reader_Community,3.98,Official community discussion thread with 1116 total reviews.,2026-09-11 04:23:34.339000
307350509,Reader_Community,3.85,Official community discussion thread with 80 total reviews.,2026-09-11 04:23:34.339000
140003471X,Reader_Community,3.97,Official community discussion thread with 2789 total reviews.,2026-09-11 04:23:34.339000
307350517,Reader_Community,3.74,Official community discussion thread with 116 total reviews.,2026-09-11 04:23:34.339000
1400043336,Reader_Community,3.68,Official community discussion thread with 389 total reviews.,2026-09-11 04:23:34.339000
307350363,Reader_Community,3.9,Official community discussion thread with 1 total reviews.,2026-09-11 04:23:34.339000
60882867,Reader_Community,3.85,Official community discussion thread with 492 total reviews.,2026-09-11 04:23:34.339000
307350274,Reader_Community,4.07,Official community discussion thread with 7 total reviews.,2026-09-11 04:23:34.339000
8467204362,Reader_Community,3.91,Official community discussion thread with 1 total reviews.,2026-09-11 04:23:34.340000
307350401,Reader_Community,3.78,Official community discussion thread with 121 total reviews.,2026-09-11 04:23:34.340000
8501011207,Reader_Community,3.78,Official community discussion thread with 2 total reviews.,2026-09-11 04:23:34.340000
140422153,Reader_Community,4.24,Official community discussion thread with 48 total reviews.,2026-09-11 04:23:34.340000
486281221,Reader_Community,4.24,Official community discussion thread with 245 total reviews.,2026-09-11 04:23:34.340000
300100302,Reader_Community,4.06,Official community discussion thread with 10 total reviews.,2026-09-11 04:23:34.340000
385074077,Reader_Community,4.38,Official community discussion thread with 1226 total reviews.,2026-09-11 04:23:34.340000
785814531,Reader_Community,4.38,Official community discussion thread with 110 total reviews.,2026-09-11 04:23:34.340000
694524190,Reader_Community,4.39,Official community discussion thread with 64 total reviews.,2026-09-11 04:23:34.340000
440322278,Reader_Community,4.02,Official community discussion thread with 37 total reviews.,2026-09-11 04:23:34.340000
517082454,Reader_Community,4.17,Official community discussion thread with 11 total reviews.,2026-09-11 04:23:34.340000
140234446,Reader_Community,4.13,Official community discussion thread with 21 total reviews.,2026-09-11 04:23:34.341000
802133312,Reader_Community,3.6,Official community discussion thread with 124 total reviews.,2026-09-11 04:23:34.341000
802133304,Reader_Community,3.67,Official community discussion thread with 70 total reviews.,2026-09-11 04:23:34.341000
802137784,Reader_Community,3.98,Official community discussion thread with 20 total reviews.,2026-09-11 04:23:34.341000
802133290,Reader_Community,3.35,Official community discussion thread with 204 total reviews.,2026-09-11 04:23:34.341000
142003166,Reader_Community,3.83,Official community discussion thread with 1052 total reviews.,2026-09-11 04:23:34.341000
330300164,Reader_Community,3.59,Official community discussion thread with 279 total reviews.,2026-09-11 04:23:34.341000
312278462,Reader_Community,3.77,Official community discussion thread with 196 total reviews.,2026-09-11 04:23:34.341000
1889307157,Reader_Community,4.26,Official community discussion thread with 17 total reviews.,2026-09-11 04:23:34.341000
1584350105,Reader_Community,4.36,Official community discussion thread with 5 total reviews.,2026-09-11 04:23:34.341000
140094547,Reader_Community,3.7,Official community discussion thread with 47 total reviews.,2026-09-11 04:23:34.341000
393057240,Reader_Community,4.09,Official community discussion thread with 45 total reviews.,2026-09-11 04:23:34.341000
851708706,Reader_Community,4.03,Official community discussion thread with 5 total reviews.,2026-09-11 04:23:34.341000
2020336464,Reader_Community,4.09,Official community discussion thread with 857 total reviews.,2026-09-11 04:23:34.342000
393315630,Reader_Community,3.86,Official community discussion thread with 267 total reviews.,2026-09-11 04:23:34.342000
413728609,Reader_Community,3.51,Official community discussion thread with 5 total reviews.,2026-09-11 04:23:34.342000
2020416409,Reader_Community,3.55,Official community discussion thread with 2 total reviews.,2026-09-11 04:23:34.342000
393318680,Reader_Community,3.73,Official community discussion thread with 643 total reviews.,2026-09-11 04:23:34.342000
767920090,Reader_Community,3.83,Official community discussion thread with 1203 total reviews.,2026-09-11 04:23:34.342000
1400034221,Reader_Community,3.54,Official community discussion thread with 19 total reviews.,2026-09-11 04:23:34.342000
553122754,Reader_Community,3.7,Official community discussion thread with 27 total reviews.,2026-09-11 04:23:34.342000
930588797,Reader_Community,4.32,Official community discussion thread with 6 total reviews.,2026-09-11 04:23:34.342000
312925743,Reader_Community,4.17,Official community discussion thread with 6 total reviews.,2026-09-11 04:23:34.342000
8483101610,Reader_Community,3.81,Official community discussion thread with 235 total reviews.,2026-09-11 04:23:34.342000
307336131,Reader_Community,4.02,Official community discussion thread with 90 total reviews.,2026-09-11 04:23:34.342000
439507235,Reader_Community,3.78,Official community discussion thread with 55 total reviews.,2026-09-11 04:23:34.342000
439507227,Reader_Community,3.72,Official community discussion thread with 135 total reviews.,2026-09-11 04:23:34.342000
970312539,Reader_Community,3.75,Official community discussion thread with 2 total reviews.,2026-09-11 04:23:34.342000
439651395,Reader_Community,4.11,Official community discussion thread with 82 total reviews.,2026-09-11 04:23:34.342000
043984777X,Reader_Community,3.99,Official community discussion thread with 263 total reviews.,2026-09-11 04:23:34.343000
439651379,Reader_Community,4.13,Official community discussion thread with 151 total reviews.,2026-09-11 04:23:34.343000
439651360,Reader_Community,4.05,Official community discussion thread with 371 total reviews.,2026-09-11 04:23:34.343000
590427695,Reader_Community,4.05,Official community discussion thread with 46 total reviews.,2026-09-11 04:23:34.343000
590255223,Reader_Community,4.06,Official community discussion thread with 13 total reviews.,2026-09-11 04:23:34.343000
590441744,Reader_Community,4.01,Official community discussion thread with 42 total reviews.,2026-09-11 04:23:34.343000
613589459,Reader_Community,3.85,Official community discussion thread with 2 total reviews.,2026-09-11 04:23:34.343000
439294843,Reader_Community,3.71,Official community discussion thread with 2 total reviews.,2026-09-11 04:23:34.343000
590419277,Reader_Community,3.55,Official community discussion thread with 47 total reviews.,2026-09-11 04:23:34.343000
439401399,Reader_Community,3.85,Official community discussion thread with 230 total reviews.,2026-09-11 04:23:34.343000
340425679,Reader_Community,3.73,Official community discussion thread with 8 total reviews.,2026-09-11 04:23:34.343000
399242139,Reader_Community,4.22,Official community discussion thread with 48 total reviews.,2026-09-11 04:23:34.344000
803494661,Reader_Community,4.24,Official community discussion thread with 1 total reviews.,2026-09-11 04:23:34.344000
590396439,Reader_Community,4.15,Official community discussion thread with 286 total reviews.,2026-09-11 04:23:34.344000
1416903445,Reader_Community,4.21,Official community discussion thread with 661 total reviews.,2026-09-11 04:23:34.344000
1579124577,Reader_Community,3.93,Official community discussion thread with 121 total reviews.,2026-09-11 04:23:34.344000
006093140X,Reader_Community,3.76,Official community discussion thread with 1219 total reviews.,2026-09-11 04:23:34.344000
140289208,Reader_Community,4.29,Official community discussion thread with 26 total reviews.,2026-09-11 04:23:34.344000
1585360724,Reader_Community,4.0,Official community discussion thread with 4 total reviews.,2026-09-11 04:23:34.344000
375839372,Reader_Community,4.19,Official community discussion thread with 39 total reviews.,2026-09-11 04:23:34.344000
803724624,Reader_Community,3.97,Official community discussion thread with 17 total reviews.,2026-09-11 04:23:34.344000
1416933964,Reader_Community,3.79,Official community discussion thread with 11 total reviews.,2026-09-11 04:23:34.344000
446403385,Reader_Community,3.79,Official community discussion thread with 223 total reviews.,2026-09-11 04:23:34.344000
521618754,Reader_Community,3.8,Official community discussion thread with 36 total reviews.,2026-09-11 04:23:34.344000
60739428,Reader_Community,3.71,Official community discussion thread with 1280 total reviews.,2026-09-11 04:23:34.344000
141005343,Reader_Community,3.82,Official community discussion thread with 9 total reviews.,2026-09-11 04:23:34.345000
763628328,Reader_Community,4.15,Official community discussion thread with 113 total reviews.,2026-09-11 04:23:34.345000
763626155,Reader_Community,4.08,Official community discussion thread with 151 total reviews.,2026-09-11 04:23:34.345000
763623431,Reader_Community,4.07,Official community discussion thread with 13 total reviews.,2026-09-11 04:23:34.345000
076362800X,Reader_Community,4.08,Official community discussion thread with 132 total reviews.,2026-09-11 04:23:34.345000
763619310,Reader_Community,4.04,Official community discussion thread with 309 total reviews.,2026-09-11 04:23:34.345000
763620874,Reader_Community,4.03,Official community discussion thread with 254 total reviews.,2026-09-11 04:23:34.345000
1416909052,Reader_Community,4.01,Official community discussion thread with 166 total reviews.,2026-09-11 04:23:34.345000
068987040X,Reader_Community,4.02,Official community discussion thread with 30 total reviews.,2026-09-11 04:23:34.345000
64410935,Reader_Community,4.17,Official community discussion thread with 14739 total reviews.,2026-09-11 04:23:34.345000
61127760,Reader_Community,4.17,Official community discussion thread with 18 total reviews.,2026-09-11 04:23:34.345000
60882611,Reader_Community,4.17,Official community discussion thread with 21 total reviews.,2026-09-11 04:23:34.345000
60882816,Reader_Community,4.13,Official community discussion thread with 9 total reviews.,2026-09-11 04:23:34.345000
385339690,Reader_Community,3.98,Official community discussion thread with 1691 total reviews.,2026-09-11 04:23:34.346000
440418410,Reader_Community,4.02,Official community discussion thread with 111 total reviews.,2026-09-11 04:23:34.346000
440409713,Reader_Community,4.13,Official community discussion thread with 23 total reviews.,2026-09-11 04:23:34.346000
553175262,Reader_Community,3.47,Official community discussion thread with 1 total reviews.,2026-09-11 04:23:34.346000
553155717,Reader_Community,3.47,Official community discussion thread with 2 total reviews.,2026-09-11 04:23:34.346000
451527747,Reader_Community,4.07,Official community discussion thread with 6041 total reviews.,2026-09-11 04:23:34.346000
689847432,Reader_Community,4.33,Official community discussion thread with 111 total reviews.,2026-09-11 04:23:34.346000
1593080158,Reader_Community,4.07,Official community discussion thread with 273 total reviews.,2026-09-11 04:23:34.346000
763620491,Reader_Community,4.02,Official community discussion thread with 5 total reviews.,2026-09-11 04:23:34.346000
141439769,Reader_Community,4.07,Official community discussion thread with 228 total reviews.,2026-09-11 04:23:34.346000
763608041,Reader_Community,4.02,Official community discussion thread with 27 total reviews.,2026-09-11 04:23:34.346000
034536239X,Reader_Community,3.97,Official community discussion thread with 55 total reviews.,2026-09-11 04:23:34.346000
446613444,Reader_Community,4.08,Official community discussion thread with 1619 total reviews.,2026-09-11 04:23:34.346000
778321711,Reader_Community,3.71,Official community discussion thread with 628 total reviews.,2026-09-11 04:23:34.346000
076534551X,Reader_Community,3.87,Official community discussion thread with 163 total reviews.,2026-09-11 04:23:34.347000
1569473331,Reader_Community,3.77,Official community discussion thread with 116 total reviews.,2026-09-11 04:23:34.347000
1574231006,Reader_Community,3.83,Official community discussion thread with 1 total reviews.,2026-09-11 04:23:34.347000
1845882423,Reader_Community,4.06,Official community discussion thread with 40 total reviews.,2026-09-11 04:23:34.347000
786160446,Reader_Community,3.85,Official community discussion thread with 4 total reviews.,2026-09-11 04:23:34.347000
440495040,Reader_Community,3.59,Official community discussion thread with 53 total reviews.,2026-09-11 04:23:34.347000
440229081,Reader_Community,3.8,Official community discussion thread with 1782 total reviews.,2026-09-11 04:23:34.347000
340854332,Reader_Community,3.61,Official community discussion thread with 3 total reviews.,2026-09-11 04:23:34.347000
679600124,Reader_Community,4.17,Official community discussion thread with 122 total reviews.,2026-09-11 04:23:34.347000
449300021,Reader_Community,4.3,Official community discussion thread with 352 total reviews.,2026-09-11 04:23:34.347000
375403175,Reader_Community,4.17,Official community discussion thread with 474 total reviews.,2026-09-11 04:23:34.347000
067986668X,Reader_Community,4.28,Official community discussion thread with 52 total reviews.,2026-09-11 04:23:34.347000
439250722,Reader_Community,4.04,Official community discussion thread with 36 total reviews.,2026-09-11 04:23:34.347000
078685152X,Reader_Community,3.69,Official community discussion thread with 254 total reviews.,2026-09-11 04:23:34.347000
813510996,Reader_Community,3.55,Official community discussion thread with 14 total reviews.,2026-09-11 04:23:34.348000
689837186,Reader_Community,3.96,Official community discussion thread with 501 total reviews.,2026-09-11 04:23:34.348000
60000147,Reader_Community,3.99,Official community discussion thread with 71 total reviews.,2026-09-11 04:23:34.348000
152046992,Reader_Community,3.79,Official community discussion thread with 384 total reviews.,2026-09-11 04:23:34.348000
439178827,Reader_Community,3.96,Official community discussion thread with 20 total reviews.,2026-09-11 04:23:34.348000
439178789,Reader_Community,3.96,Official community discussion thread with 26 total reviews.,2026-09-11 04:23:34.348000
439353688,Reader_Community,3.88,Official community discussion thread with 11 total reviews.,2026-09-11 04:23:34.348000
1417629754,Reader_Community,4.05,Official community discussion thread with 17 total reviews.,2026-09-11 04:23:34.348000
439872472,Reader_Community,3.96,Official community discussion thread with 5 total reviews.,2026-09-11 04:23:34.348000
439872464,Reader_Community,3.89,Official community discussion thread with 36 total reviews.,2026-09-11 04:23:34.348000
64408671,Reader_Community,4.08,Official community discussion thread with 1825 total reviews.,2026-09-11 04:23:34.348000
590920685,Reader_Community,3.98,Official community discussion thread with 8754 total reviews.,2026-09-11 04:23:34.348000
1401210503,Reader_Community,3.26,Official community discussion thread with 9 total reviews.,2026-09-11 04:23:34.348000
1585100358,Reader_Community,3.94,Official community discussion thread with 29 total reviews.,2026-09-11 04:23:34.349000
791077640,Reader_Community,4.41,Official community discussion thread with 19 total reviews.,2026-09-11 04:23:34.349000
185459768X,Reader_Community,4.02,Official community discussion thread with 4 total reviews.,2026-09-11 04:23:34.349000
1854598317,Reader_Community,4.02,Official community discussion thread with 1 total reviews.,2026-09-11 04:23:34.349000
439994349,Reader_Community,4.26,Official community discussion thread with 22 total reviews.,2026-09-11 04:23:34.349000
440228891,Reader_Community,4.02,Official community discussion thread with 1374 total reviews.,2026-09-11 04:23:34.349000
038071812X,Reader_Community,3.73,Official community discussion thread with 21 total reviews.,2026-09-11 04:23:34.349000
375755209,Reader_Community,4.17,Official community discussion thread with 246 total reviews.,2026-09-11 04:23:34.349000
155728024X,Reader_Community,4.2,Official community discussion thread with 43 total reviews.,2026-09-11 04:23:34.349000
312929641,Reader_Community,4.09,Official community discussion thread with 8 total reviews.,2026-09-11 04:23:34.349000
786015411,Reader_Community,3.72,Official community discussion thread with 18 total reviews.,2026-09-11 04:23:34.349000
439968089,Reader_Community,4.27,Official community discussion thread with 800 total reviews.,2026-09-11 04:23:34.349000
307283798,Reader_Community,4.27,Official community discussion thread with 20 total reviews.,2026-09-11 04:23:34.349000
812532635,Reader_Community,3.54,Official community discussion thread with 125 total reviews.,2026-09-11 04:23:34.350000
764222376,Reader_Community,4.33,Official community discussion thread with 15 total reviews.,2026-09-11 04:23:34.350000
805081240,Reader_Community,3.48,Official community discussion thread with 473 total reviews.,2026-09-11 04:23:34.350000
1400078008,Reader_Community,3.97,Official community discussion thread with 123 total reviews.,2026-09-11 04:23:34.350000
60973331,Reader_Community,3.91,Official community discussion thread with 23 total reviews.,2026-09-11 04:23:34.350000
674990331,Reader_Community,3.96,Official community discussion thread with 11 total reviews.,2026-09-11 04:23:34.350000
140006466X,Reader_Community,3.6,Official community discussion thread with 3719 total reviews.,2026-09-11 04:23:34.350000
821776053,Reader_Community,3.9,Official community discussion thread with 146 total reviews.,2026-09-11 04:23:34.350000
743284887,Reader_Community,3.85,Official community discussion thread with 667 total reviews.,2026-09-11 04:23:34.350000
743406567,Reader_Community,3.8,Official community discussion thread with 526 total reviews.,2026-09-11 04:23:34.350000
811853195,Reader_Community,4.11,Official community discussion thread with 12 total reviews.,2026-09-11 04:23:34.350000
345362535,Reader_Community,4.02,Official community discussion thread with 61 total reviews.,2026-09-11 04:23:34.350000
60779683,Reader_Community,3.81,Official community discussion thread with 14 total reviews.,2026-09-11 04:23:34.350000
1590170385,Reader_Community,3.73,Official community discussion thread with 9 total reviews.,2026-09-11 04:23:34.350000
039306011X,Reader_Community,4.7,Official community discussion thread with 81 total reviews.,2026-09-11 04:23:34.350000
393319792,Reader_Community,4.35,Official community discussion thread with 150 total reviews.,2026-09-11 04:23:34.350000
039306025X,Reader_Community,3.99,Official community discussion thread with 121 total reviews.,2026-09-11 04:23:34.350000
393310167,Reader_Community,4.36,Official community discussion thread with 139 total reviews.,2026-09-11 04:23:34.350000
039332107X,Reader_Community,4.38,Official community discussion thread with 95 total reviews.,2026-09-11 04:23:34.350000
671639617,Reader_Community,2.5,Official community discussion thread with 1 total reviews.,2026-09-11 04:23:34.350000
571202802,Reader_Community,4.1,Official community discussion thread with 13 total reviews.,2026-09-11 04:23:34.350000
679726489,Reader_Community,4.44,Official community discussion thread with 18 total reviews.,2026-09-11 04:23:34.351000
312311451,Reader_Community,4.08,Official community discussion thread with 9 total reviews.,2026-09-11 04:23:34.351000
679726470,Reader_Community,4.38,Official community discussion thread with 40 total reviews.,2026-09-11 04:23:34.351000
1560252758,Reader_Community,3.6,Official community discussion thread with 209 total reviews.,2026-09-11 04:23:34.351000
1560255218,Reader_Community,3.62,Official community discussion thread with 3 total reviews.,2026-09-11 04:23:34.351000
451528646,Reader_Community,4.08,Official community discussion thread with 453 total reviews.,2026-09-11 04:23:34.351000
1402714602,Reader_Community,3.91,Official community discussion thread with 105 total reviews.,2026-09-11 04:23:34.351000
143039563,Reader_Community,3.91,Official community discussion thread with 6783 total reviews.,2026-09-11 04:23:34.351000
441542158,Reader_Community,4.0,Official community discussion thread with 4 total reviews.,2026-09-11 04:23:34.351000
743527291,Reader_Community,3.77,Official community discussion thread with 6 total reviews.,2026-09-11 04:23:34.351000
073854678X,Reader_Community,3.0,Official community discussion thread with 1 total reviews.,2026-09-11 04:23:34.351000
738528528,Reader_Community,4.4,Official community discussion thread with 1 total reviews.,2026-09-11 04:23:34.351000
738544922,Reader_Community,4.44,Official community discussion thread with 1 total reviews.,2026-09-11 04:23:34.351000
811200078,Reader_Community,4.3,Official community discussion thread with 176 total reviews.,2026-09-11 04:23:34.351000
674022874,Reader_Community,4.3,Official community discussion thread with 4 total reviews.,2026-09-11 04:23:34.351000
486270920,Reader_Community,4.35,Official community discussion thread with 24 total reviews.,2026-09-11 04:23:34.351000
1843910179,Reader_Community,3.93,Official community discussion thread with 17 total reviews.,2026-09-11 04:23:34.351000
486447782,Reader_Community,3.73,Official community discussion thread with 27 total reviews.,2026-09-11 04:23:34.351000
714833657,Reader_Community,3.96,Official community discussion thread with 14 total reviews.,2026-09-11 04:23:34.352000
2038717001,Reader_Community,3.77,Official community discussion thread with 15 total reviews.,2026-09-11 04:23:34.352000
743280547,Reader_Community,3.77,Official community discussion thread with 1 total reviews.,2026-09-11 04:23:34.352000
915145693,Reader_Community,4.23,Official community discussion thread with 57 total reviews.,2026-09-11 04:23:34.352000
62511114,Reader_Community,4.23,Official community discussion thread with 14 total reviews.,2026-09-11 04:23:34.352000
674992407,Reader_Community,4.34,Official community discussion thread with 7 total reviews.,2026-09-11 04:23:34.352000
64400824,Reader_Community,3.82,Official community discussion thread with 49 total reviews.,2026-09-11 04:23:34.352000
1897784317,Reader_Community,3.93,Official community discussion thread with 3 total reviews.,2026-09-11 04:23:34.352000
1581821298,Reader_Community,3.7,Official community discussion thread with 1 total reviews.,2026-09-11 04:23:34.352000
140367381,Reader_Community,4.0,Official community discussion thread with 27 total reviews.,2026-09-11 04:23:34.352000
159017125X,Reader_Community,4.39,Official community discussion thread with 260 total reviews.,2026-09-11 04:23:34.352000
140258698,Reader_Community,4.2,Official community discussion thread with 9 total reviews.,2026-09-11 04:23:34.352000
140447555,Reader_Community,4.17,Official community discussion thread with 321 total reviews.,2026-09-11 04:23:34.352000
1564147916,Reader_Community,3.83,Official community discussion thread with 29 total reviews.,2026-09-11 04:23:34.352000
192751166,Reader_Community,4.05,Official community discussion thread with 4 total reviews.,2026-09-11 04:23:34.352000
312990685,Reader_Community,3.84,Official community discussion thread with 150 total reviews.,2026-09-11 04:23:34.352000
1400047862,Reader_Community,3.64,Official community discussion thread with 151 total reviews.,2026-09-11 04:23:34.352000
1573442216,Reader_Community,4.11,Official community discussion thread with 26 total reviews.,2026-09-11 04:23:34.352000
7158521,Reader_Community,4.35,Official community discussion thread with 75 total reviews.,2026-09-11 04:23:34.352000
375836047,Reader_Community,3.94,Official community discussion thread with 513 total reviews.,2026-09-11 04:23:34.352000
375702970,Reader_Community,4.04,Official community discussion thread with 37 total reviews.,2026-09-11 04:23:34.352000
64402452,Reader_Community,3.77,Official community discussion thread with 95 total reviews.,2026-09-11 04:23:34.352000
64403874,Reader_Community,3.54,Official community discussion thread with 29 total reviews.,2026-09-11 04:23:34.352000
006064589X,Reader_Community,3.95,Official community discussion thread with 603 total reviews.,2026-09-11 04:23:34.352000
670037702,Reader_Community,3.42,Official community discussion thread with 497 total reviews.,2026-09-11 04:23:34.353000
142003808,Reader_Community,3.85,Official community discussion thread with 879 total reviews.,2026-09-11 04:23:34.353000
143037439,Reader_Community,3.82,Official community discussion thread with 95 total reviews.,2026-09-11 04:23:34.353000
140131671,Reader_Community,3.64,Official community discussion thread with 113 total reviews.,2026-09-11 04:23:34.353000
142001414,Reader_Community,3.86,Official community discussion thread with 108 total reviews.,2026-09-11 04:23:34.353000
140299947,Reader_Community,3.96,Official community discussion thread with 44 total reviews.,2026-09-11 04:23:34.353000
140299939,Reader_Community,4.01,Official community discussion thread with 218 total reviews.,2026-09-11 04:23:34.353000
670826901,Reader_Community,3.94,Official community discussion thread with 3 total reviews.,2026-09-11 04:23:34.353000
140119507,Reader_Community,3.94,Official community discussion thread with 69 total reviews.,2026-09-11 04:23:34.353000
140077812,Reader_Community,3.94,Official community discussion thread with 52 total reviews.,2026-09-11 04:23:34.354000
440208149,Reader_Community,3.82,Official community discussion thread with 639 total reviews.,2026-09-11 04:23:34.354000
878053573,Reader_Community,4.05,Official community discussion thread with 1 total reviews.,2026-09-11 04:23:34.354000
1595140328,Reader_Community,3.58,Official community discussion thread with 820 total reviews.,2026-09-11 04:23:34.354000
689865406,Reader_Community,3.77,Official community discussion thread with 6730 total reviews.,2026-09-11 04:23:34.354000
60519568,Reader_Community,3.89,Official community discussion thread with 675 total reviews.,2026-09-11 04:23:34.354000
689865392,Reader_Community,3.85,Official community discussion thread with 8890 total reviews.,2026-09-11 04:23:34.354000
60519592,Reader_Community,3.85,Official community discussion thread with 718 total reviews.,2026-09-11 04:23:34.354000
689865384,Reader_Community,3.86,Official community discussion thread with 20708 total reviews.,2026-09-11 04:23:34.354000
1568581491,Reader_Community,3.51,Official community discussion thread with 56 total reviews.,2026-09-11 04:23:34.354000
330397966,Reader_Community,3.19,Official community discussion thread with 83 total reviews.,2026-09-11 04:23:34.354000
375803483,Reader_Community,3.5,Official community discussion thread with 116 total reviews.,2026-09-11 04:23:34.355000
805080503,Reader_Community,4.08,Official community discussion thread with 723 total reviews.,2026-09-11 04:23:34.355000
805080481,Reader_Community,3.99,Official community discussion thread with 2525 total reviews.,2026-09-11 04:23:34.355000
080508052X,Reader_Community,4.25,Official community discussion thread with 954 total reviews.,2026-09-11 04:23:34.355000
805080511,Reader_Community,4.14,Official community discussion thread with 840 total reviews.,2026-09-11 04:23:34.355000
141310685,Reader_Community,3.92,Official community discussion thread with 180 total reviews.,2026-09-11 04:23:34.355000
080508049X,Reader_Community,4.13,Official community discussion thread with 1200 total reviews.,2026-09-11 04:23:34.355000
805080538,Reader_Community,3.93,Official community discussion thread with 157 total reviews.,2026-09-11 04:23:34.355000
805072713,Reader_Community,4.22,Official community discussion thread with 4 total reviews.,2026-09-11 04:23:34.355000
525467777,Reader_Community,4.24,Official community discussion thread with 7 total reviews.,2026-09-11 04:23:34.355000
142301442,Reader_Community,3.88,Official community discussion thread with 10 total reviews.,2026-09-11 04:23:34.355000
2742731105,Reader_Community,3.99,Official community discussion thread with 1 total reviews.,2026-09-11 04:23:34.355000
006078721X,Reader_Community,3.76,Official community discussion thread with 1145 total reviews.,2026-09-11 04:23:34.355000
038560310X,Reader_Community,4.1,Official community discussion thread with 7357 total reviews.,2026-09-11 04:23:34.355000
345464974,Reader_Community,4.18,Official community discussion thread with 357 total reviews.,2026-09-11 04:23:34.355000
1594482225,Reader_Community,3.82,Official community discussion thread with 741 total reviews.,2026-09-11 04:23:34.355000
740748475,Reader_Community,4.82,Official community discussion thread with 930 total reviews.,2026-09-11 04:23:34.355000
836204387,Reader_Community,4.63,Official community discussion thread with 368 total reviews.,2026-09-11 04:23:34.355000
836221362,Reader_Community,4.76,Official community discussion thread with 303 total reviews.,2026-09-11 04:23:34.355000
836217691,Reader_Community,4.72,Official community discussion thread with 290 total reviews.,2026-09-11 04:23:34.355000
836217357,Reader_Community,4.69,Official community discussion thread with 244 total reviews.,2026-09-11 04:23:34.355000
751515574,Reader_Community,4.63,Official community discussion thread with 12 total reviews.,2026-09-11 04:23:34.355000
740721356,Reader_Community,4.71,Official community discussion thread with 85 total reviews.,2026-09-11 04:23:34.355000
441008933,Reader_Community,3.74,Official community discussion thread with 206 total reviews.,2026-09-11 04:23:34.355000
441013309,Reader_Community,3.21,Official community discussion thread with 2 total reviews.,2026-09-11 04:23:34.355000
553105574,Reader_Community,4.14,Official community discussion thread with 7 total reviews.,2026-09-11 04:23:34.355000
1903809509,Reader_Community,4.09,Official community discussion thread with 257 total reviews.,2026-09-11 04:23:34.355000
385240899,Reader_Community,4.03,Official community discussion thread with 115 total reviews.,2026-09-11 04:23:34.356000
618131701,Reader_Community,3.73,Official community discussion thread with 86 total reviews.,2026-09-11 04:23:34.356000
1564780619,Reader_Community,3.81,Official community discussion thread with 15 total reviews.,2026-09-11 04:23:34.356000
671797867,Reader_Community,3.79,Official community discussion thread with 39 total reviews.,2026-09-11 04:23:34.356000
2253000043,Reader_Community,4.2,Official community discussion thread with 19 total reviews.,2026-09-11 04:23:34.356000
486420426,Reader_Community,4.13,Official community discussion thread with 3 total reviews.,2026-09-11 04:23:34.356000
671877666,Reader_Community,4.06,Official community discussion thread with 29 total reviews.,2026-09-11 04:23:34.356000
345462009,Reader_Community,3.92,Official community discussion thread with 185 total reviews.,2026-09-11 04:23:34.356000
1597379514,Reader_Community,4.1,Official community discussion thread with 20 total reviews.,2026-09-11 04:23:34.356000
140345809,Reader_Community,3.85,Official community discussion thread with 447 total reviews.,2026-09-11 04:23:34.356000
140374388,Reader_Community,3.87,Official community discussion thread with 43 total reviews.,2026-09-11 04:23:34.356000
810954796,Reader_Community,3.5,Official community discussion thread with 88 total reviews.,2026-09-11 04:23:34.356000
141306394,Reader_Community,3.83,Official community discussion thread with 90 total reviews.,2026-09-11 04:23:34.356000
141304316,Reader_Community,3.68,Official community discussion thread with 40 total reviews.,2026-09-11 04:23:34.356000
140345825,Reader_Community,3.72,Official community discussion thread with 7 total reviews.,2026-09-11 04:23:34.356000
142400866,Reader_Community,3.64,Official community discussion thread with 31 total reviews.,2026-09-11 04:23:34.356000
810987902,Reader_Community,3.68,Official community discussion thread with 247 total reviews.,2026-09-11 04:23:34.356000
765352397,Reader_Community,3.65,Official community discussion thread with 84 total reviews.,2026-09-11 04:23:34.356000
525409815,Reader_Community,3.6,Official community discussion thread with 2 total reviews.,2026-09-11 04:23:34.356000
525461310,Reader_Community,3.62,Official community discussion thread with 5 total reviews.,2026-09-11 04:23:34.356000
340850620,Reader_Community,3.88,Official community discussion thread with 197 total reviews.,2026-09-11 04:23:34.356000
99432447,Reader_Community,4.24,Official community discussion thread with 71 total reviews.,2026-09-11 04:23:34.356000
747556407,Reader_Community,4.02,Official community discussion thread with 13 total reviews.,2026-09-11 04:23:34.356000
1567923224,Reader_Community,4.29,Official community discussion thread with 42 total reviews.,2026-09-11 04:23:34.356000
452275725,Reader_Community,3.83,Official community discussion thread with 229 total reviews.,2026-09-11 04:23:34.356000
812976150,Reader_Community,3.8,Official community discussion thread with 831 total reviews.,2026-09-11 04:23:34.356000
517100789,Reader_Community,4.29,Official community discussion thread with 3 total reviews.,2026-09-11 04:23:34.356000
374299196,Reader_Community,3.4,Official community discussion thread with 532 total reviews.,2026-09-11 04:23:34.356000
140282688,Reader_Community,3.89,Official community discussion thread with 47 total reviews.,2026-09-11 04:23:34.357000
141182865,Reader_Community,3.89,Official community discussion thread with 169 total reviews.,2026-09-11 04:23:34.357000
8496333604,Reader_Community,3.89,Official community discussion thread with 6 total reviews.,2026-09-11 04:23:34.357000
60988649,Reader_Community,2.82,Official community discussion thread with 904 total reviews.,2026-09-11 04:23:34.357000
618181881,Reader_Community,3.64,Official community discussion thread with 56 total reviews.,2026-09-11 04:23:34.357000
64410722,Reader_Community,3.52,Official community discussion thread with 11 total reviews.,2026-09-11 04:23:34.357000
1401308201,Reader_Community,4.18,Official community discussion thread with 290 total reviews.,2026-09-11 04:23:34.357000
006088262X,Reader_Community,3.8,Official community discussion thread with 88 total reviews.,2026-09-11 04:23:34.357000
1845130499,Reader_Community,4.02,Official community discussion thread with 115 total reviews.,2026-09-11 04:23:34.357000
553152645,Reader_Community,4.14,Official community discussion thread with 7 total reviews.,2026-09-11 04:23:34.357000
141311495,Reader_Community,4.14,Official community discussion thread with 21 total reviews.,2026-09-11 04:23:34.357000
553152890,Reader_Community,4.09,Official community discussion thread with 3 total reviews.,2026-09-11 04:23:34.357000
435122215,Reader_Community,4.09,Official community discussion thread with 1 total reviews.,2026-09-11 04:23:34.358000
022406469X,Reader_Community,4.09,Official community discussion thread with 9 total reviews.,2026-09-11 04:23:34.358000
230008909,Reader_Community,3.6,Official community discussion thread with 16 total reviews.,2026-09-11 04:23:34.358000
140316884,Reader_Community,4.28,Official community discussion thread with 16 total reviews.,2026-09-11 04:23:34.358000
691019401,Reader_Community,4.2,Official community discussion thread with 44 total reviews.,2026-09-11 04:23:34.358000
143037579,Reader_Community,4.0,Official community discussion thread with 559 total reviews.,2026-09-11 04:23:34.358000
691020264,Reader_Community,4.23,Official community discussion thread with 96 total reviews.,2026-09-11 04:23:34.358000
140445773,Reader_Community,4.17,Official community discussion thread with 127 total reviews.,2026-09-11 04:23:34.358000
1596060247,Reader_Community,3.67,Official community discussion thread with 180 total reviews.,2026-09-11 04:23:34.358000
553580485,Reader_Community,3.9,Official community discussion thread with 199 total reviews.,2026-09-11 04:23:34.358000
553270257,Reader_Community,3.52,Official community discussion thread with 303 total reviews.,2026-09-11 04:23:34.358000
553562940,Reader_Community,3.51,Official community discussion thread with 122 total reviews.,2026-09-11 04:23:34.358000
553580515,Reader_Community,3.69,Official community discussion thread with 753 total reviews.,2026-09-11 04:23:34.358000
553562967,Reader_Community,3.92,Official community discussion thread with 1110 total reviews.,2026-09-11 04:23:34.358000
674618769,Reader_Community,3.62,Official community discussion thread with 4 total reviews.,2026-09-11 04:23:34.358000
1590170164,Reader_Community,3.75,Official community discussion thread with 12 total reviews.,2026-09-11 04:23:34.358000
60572000,Reader_Community,3.78,Official community discussion thread with 499 total reviews.,2026-09-11 04:23:34.358000
60931809,Reader_Community,3.82,Official community discussion thread with 539 total reviews.,2026-09-11 04:23:34.358000
312423373,Reader_Community,3.92,Official community discussion thread with 95 total reviews.,2026-09-11 04:23:34.359000
60598611,Reader_Community,3.79,Official community discussion thread with 106 total reviews.,2026-09-11 04:23:34.359000
60838590,Reader_Community,3.87,Official community discussion thread with 1074 total reviews.,2026-09-11 04:23:34.359000
340637870,Reader_Community,3.81,Official community discussion thread with 13 total reviews.,2026-09-11 04:23:34.359000
190492011X,Reader_Community,4.19,Official community discussion thread with 7 total reviews.,2026-09-11 04:23:34.359000
807842591,Reader_Community,3.97,Official community discussion thread with 25 total reviews.,2026-09-11 04:23:34.359000
762404787,Reader_Community,4.05,Official community discussion thread with 2 total reviews.,2026-09-11 04:23:34.359000
823006573,Reader_Community,4.12,Official community discussion thread with 24 total reviews.,2026-09-11 04:23:34.359000
961462094,Reader_Community,4.45,Official community discussion thread with 7 total reviews.,2026-09-11 04:23:34.359000
571161154,Reader_Community,4.31,Official community discussion thread with 7 total reviews.,2026-09-11 04:23:34.359000
8466619453,Reader_Community,4.19,Official community discussion thread with 5 total reviews.,2026-09-11 04:23:34.359000
439793955,Reader_Community,3.98,Official community discussion thread with 13 total reviews.,2026-09-11 04:23:34.359000
439896185,Reader_Community,3.75,Official community discussion thread with 6 total reviews.,2026-09-11 04:23:34.359000
439184738,Reader_Community,3.92,Official community discussion thread with 17 total reviews.,2026-09-11 04:23:34.359000
439114284,Reader_Community,3.83,Official community discussion thread with 11 total reviews.,2026-09-11 04:23:34.359000
043930931X,Reader_Community,3.92,Official community discussion thread with 9 total reviews.,2026-09-11 04:23:34.359000
439080940,Reader_Community,3.81,Official community discussion thread with 22 total reviews.,2026-09-11 04:23:34.359000
64401480,Reader_Community,4.16,Official community discussion thread with 1089 total reviews.,2026-09-11 04:23:34.359000
64401510,Reader_Community,4.16,Official community discussion thread with 236 total reviews.,2026-09-11 04:23:34.359000
64401499,Reader_Community,4.24,Official community discussion thread with 203 total reviews.,2026-09-11 04:23:34.359000
60248122,Reader_Community,4.46,Official community discussion thread with 86 total reviews.,2026-09-11 04:23:34.360000
553573306,Reader_Community,3.9,Official community discussion thread with 153 total reviews.,2026-09-11 04:23:34.360000
312421974,Reader_Community,3.85,Official community discussion thread with 264 total reviews.,2026-09-11 04:23:34.360000
786000236,Reader_Community,3.84,Official community discussion thread with 16 total reviews.,2026-09-11 04:23:34.360000
2879290937,Reader_Community,3.77,Official community discussion thread with 5 total reviews.,2026-09-11 04:23:34.360000
747553564,Reader_Community,3.49,Official community discussion thread with 56 total reviews.,2026-09-11 04:23:34.360000
60974990,Reader_Community,4.25,Official community discussion thread with 666 total reviews.,2026-09-11 04:23:34.360000
452284163,Reader_Community,3.81,Official community discussion thread with 195 total reviews.,2026-09-11 04:23:34.360000
452278155,Reader_Community,3.85,Official community discussion thread with 61 total reviews.,2026-09-11 04:23:34.360000
1563892251,Reader_Community,4.44,Official community discussion thread with 1518 total reviews.,2026-09-11 04:23:34.360000
156389226X,Reader_Community,4.24,Official community discussion thread with 1201 total reviews.,2026-09-11 04:23:34.360000
1563890356,Reader_Community,4.54,Official community discussion thread with 1038 total reviews.,2026-09-11 04:23:34.360000
1563890933,Reader_Community,4.43,Official community discussion thread with 876 total reviews.,2026-09-11 04:23:34.360000
1563891700,Reader_Community,4.47,Official community discussion thread with 675 total reviews.,2026-09-11 04:23:34.360000
1563892871,Reader_Community,4.52,Official community discussion thread with 767 total reviews.,2026-09-11 04:23:34.360000
1563891069,Reader_Community,4.45,Official community discussion thread with 776 total reviews.,2026-09-11 04:23:34.361000
394746163,Reader_Community,4.28,Official community discussion thread with 194 total reviews.,2026-09-11 04:23:34.361000
590100564,Reader_Community,3.74,Official community discussion thread with 29 total reviews.,2026-09-11 04:23:34.361000
393315118,Reader_Community,4.16,Official community discussion thread with 23 total reviews.,2026-09-11 04:23:34.361000
1410402363,Reader_Community,3.61,Official community discussion thread with 41 total reviews.,2026-09-11 04:23:34.361000
898599598,Reader_Community,4.26,Official community discussion thread with 12 total reviews.,2026-09-11 04:23:34.361000
671027638,Reader_Community,3.55,Official community discussion thread with 414 total reviews.,2026-09-11 04:23:34.361000
1401300464,Reader_Community,3.18,Official community discussion thread with 30 total reviews.,2026-09-11 04:23:34.361000
1569317143,Reader_Community,4.32,Official community discussion thread with 774 total reviews.,2026-09-11 04:23:34.361000
1591160332,Reader_Community,4.33,Official community discussion thread with 286 total reviews.,2026-09-11 04:23:34.361000
1591160480,Reader_Community,4.27,Official community discussion thread with 337 total reviews.,2026-09-11 04:23:34.361000
670037869,Reader_Community,3.64,Official community discussion thread with 286 total reviews.,2026-09-11 04:23:34.361000
451220722,Reader_Community,3.6,Official community discussion thread with 273 total reviews.,2026-09-11 04:23:34.361000
451411390,Reader_Community,3.94,Official community discussion thread with 140 total reviews.,2026-09-11 04:23:34.361000
451219449,Reader_Community,3.5,Official community discussion thread with 118 total reviews.,2026-09-11 04:23:34.361000
451411617,Reader_Community,3.96,Official community discussion thread with 154 total reviews.,2026-09-11 04:23:34.361000
451410890,Reader_Community,4.04,Official community discussion thread with 174 total reviews.,2026-09-11 04:23:34.361000
451410815,Reader_Community,3.99,Official community discussion thread with 461 total reviews.,2026-09-11 04:23:34.362000
451410386,Reader_Community,3.93,Official community discussion thread with 97 total reviews.,2026-09-11 04:23:34.362000
1891830430,Reader_Community,4.05,Official community discussion thread with 5727 total reviews.,2026-09-11 04:23:34.362000
452281458,Reader_Community,3.71,Official community discussion thread with 570 total reviews.,2026-09-11 04:23:34.362000
802150616,Reader_Community,3.89,Official community discussion thread with 543 total reviews.,2026-09-11 04:23:34.362000
714530484,Reader_Community,3.86,Official community discussion thread with 1 total reviews.,2026-09-11 04:23:34.362000
1843540789,Reader_Community,3.69,Official community discussion thread with 25 total reviews.,2026-09-11 04:23:34.362000
800871863,Reader_Community,4.08,Official community discussion thread with 2100 total reviews.,2026-09-11 04:23:34.364000
081121320X,Reader_Community,3.92,Official community discussion thread with 182 total reviews.,2026-09-11 04:23:34.364000
804833370,Reader_Community,3.79,Official community discussion thread with 4 total reviews.,2026-09-11 04:23:34.364000
1593075294,Reader_Community,4.2,Official community discussion thread with 14 total reviews.,2026-09-11 04:23:34.364000
811213463,Reader_Community,3.96,Official community discussion thread with 157 total reviews.,2026-09-11 04:23:34.364000
374480133,Reader_Community,3.87,Official community discussion thread with 184 total reviews.,2026-09-11 04:23:34.364000
486437558,Reader_Community,3.82,Official community discussion thread with 71 total reviews.,2026-09-11 04:23:34.364000
23513209,Reader_Community,3.65,Official community discussion thread with 17 total reviews.,2026-09-11 04:23:34.365000
61318310,Reader_Community,3.86,Official community discussion thread with 6 total reviews.,2026-09-11 04:23:34.365000
872200566,Reader_Community,3.76,Official community discussion thread with 52 total reviews.,2026-09-11 04:23:34.365000
019280197X,Reader_Community,3.86,Official community discussion thread with 122 total reviews.,2026-09-11 04:23:34.365000
521348889,Reader_Community,3.87,Official community discussion thread with 48 total reviews.,2026-09-11 04:23:34.365000
844222593,Reader_Community,4.0,Official community discussion thread with 2 total reviews.,2026-09-11 04:23:34.365000
3551552711,Reader_Community,4.3,Official community discussion thread with 1 total reviews.,2026-09-11 04:23:34.365000
64406032,Reader_Community,3.45,Official community discussion thread with 10 total reviews.,2026-09-11 04:23:34.365000
64404412,Reader_Community,3.75,Official community discussion thread with 47 total reviews.,2026-09-11 04:23:34.365000
006440336X,Reader_Community,3.61,Official community discussion thread with 31 total reviews.,2026-09-11 04:23:34.365000
64404897,Reader_Community,3.67,Official community discussion thread with 128 total reviews.,2026-09-11 04:23:34.365000
081673030X,Reader_Community,3.83,Official community discussion thread with 6 total reviews.,2026-09-11 04:23:34.365000
64435180,Reader_Community,3.93,Official community discussion thread with 44 total reviews.,2026-09-11 04:23:34.365000
078693137X,Reader_Community,4.03,Official community discussion thread with 113 total reviews.,2026-09-11 04:23:34.365000
765348756,Reader_Community,3.97,Official community discussion thread with 376 total reviews.,2026-09-11 04:23:34.365000
471741205,Reader_Community,3.82,Official community discussion thread with 12 total reviews.,2026-09-11 04:23:34.365000
812971892,Reader_Community,4.12,Official community discussion thread with 1107 total reviews.,2026-09-11 04:23:34.365000
1400096464,Reader_Community,4.08,Official community discussion thread with 66 total reviews.,2026-09-11 04:23:34.365000
743435389,Reader_Community,4.18,Official community discussion thread with 239 total reviews.,2026-09-11 04:23:34.365000
439266017,Reader_Community,3.82,Official community discussion thread with 47 total reviews.,2026-09-11 04:23:34.365000
155063332,Reader_Community,3.58,Official community discussion thread with 25 total reviews.,2026-09-11 04:23:34.365000
159582071X,Reader_Community,3.82,Official community discussion thread with 31 total reviews.,2026-09-11 04:23:34.365000
374528535,Reader_Community,3.96,Official community discussion thread with 250 total reviews.,2026-09-11 04:23:34.365000
345436830,Reader_Community,3.58,Official community discussion thread with 981 total reviews.,2026-09-11 04:23:34.365000
1572244259,Reader_Community,4.05,Official community discussion thread with 86 total reviews.,2026-09-11 04:23:34.365000
399532714,Reader_Community,4.22,Official community discussion thread with 65 total reviews.,2026-09-11 04:23:34.366000
7157150,Reader_Community,3.93,Official community discussion thread with 2528 total reviews.,2026-09-11 04:23:34.366000
385338325,Reader_Community,3.51,Official community discussion thread with 241 total reviews.,2026-09-11 04:23:34.366000
439375908,Reader_Community,4.05,Official community discussion thread with 37 total reviews.,2026-09-11 04:23:34.366000
810958384,Reader_Community,4.05,Official community discussion thread with 24 total reviews.,2026-09-11 04:23:34.366000
399528431,Reader_Community,4.22,Official community discussion thread with 9 total reviews.,2026-09-11 04:23:34.366000
1598163183,Reader_Community,3.92,Official community discussion thread with 2 total reviews.,2026-09-11 04:23:34.366000
1400078377,Reader_Community,3.92,Official community discussion thread with 1894 total reviews.,2026-09-11 04:23:34.366000
2268042618,Reader_Community,3.81,Official community discussion thread with 9 total reviews.,2026-09-11 04:23:34.366000
3442309174,Reader_Community,3.92,Official community discussion thread with 2 total reviews.,2026-09-11 04:23:34.366000
375839569,Reader_Community,3.49,Official community discussion thread with 19 total reviews.,2026-09-11 04:23:34.366000
375835318,Reader_Community,3.71,Official community discussion thread with 2971 total reviews.,2026-09-11 04:23:34.366000
60884053,Reader_Community,3.32,Official community discussion thread with 6 total reviews.,2026-09-11 04:23:34.367000
312360118,Reader_Community,3.7,Official community discussion thread with 116 total reviews.,2026-09-11 04:23:34.367000
60989157,Reader_Community,4.16,Official community discussion thread with 1794 total reviews.,2026-09-11 04:23:34.367000
2207249107,Reader_Community,3.89,Official community discussion thread with 3 total reviews.,2026-09-11 04:23:34.367000
1417499737,Reader_Community,4.35,Official community discussion thread with 3 total reviews.,2026-09-11 04:23:34.367000
753811464,Reader_Community,3.6,Official community discussion thread with 136 total reviews.,2026-09-11 04:23:34.367000
753819929,Reader_Community,3.92,Official community discussion thread with 709 total reviews.,2026-09-11 04:23:34.368000
374530718,Reader_Community,3.92,Official community discussion thread with 515 total reviews.,2026-09-11 04:23:34.368000
374253846,Reader_Community,3.67,Official community discussion thread with 12 total reviews.,2026-09-11 04:23:34.368000
393329291,Reader_Community,3.84,Official community discussion thread with 124 total reviews.,2026-09-11 04:23:34.368000
679756760,Reader_Community,4.02,Official community discussion thread with 560 total reviews.,2026-09-11 04:23:34.368000
089281800X,Reader_Community,4.1,Official community discussion thread with 3 total reviews.,2026-09-11 04:23:34.368000
892812923,Reader_Community,3.84,Official community discussion thread with 1 total reviews.,2026-09-11 04:23:34.368000
830743073,Reader_Community,4.35,Official community discussion thread with 89 total reviews.,2026-09-11 04:23:34.368000
1557047413,Reader_Community,4.05,Official community discussion thread with 26 total reviews.,2026-09-11 04:23:34.368000
807123331,Reader_Community,4.37,Official community discussion thread with 10 total reviews.,2026-09-11 04:23:34.368000
813191556,Reader_Community,3.73,Official community discussion thread with 16 total reviews.,2026-09-11 04:23:34.368000
1419341049,Reader_Community,4.27,Official community discussion thread with 6 total reviews.,2026-09-11 04:23:34.368000
812927311,Reader_Community,3.17,Official community discussion thread with 11 total reviews.,2026-09-11 04:23:34.369000
1557283303,Reader_Community,3.83,Official community discussion thread with 13 total reviews.,2026-09-11 04:23:34.369000
60852550,Reader_Community,4.04,Official community discussion thread with 9497 total reviews.,2026-09-11 04:23:34.369000
691096104,Reader_Community,3.89,Official community discussion thread with 4 total reviews.,2026-09-11 04:23:34.369000
1416939210,Reader_Community,3.66,Official community discussion thread with 231 total reviews.,2026-09-11 04:23:34.369000
080501604X,Reader_Community,4.21,Official community discussion thread with 38 total reviews.,2026-09-11 04:23:34.369000
805031499,Reader_Community,4.24,Official community discussion thread with 292 total reviews.,2026-09-11 04:23:34.369000
826406734,Reader_Community,4.09,Official community discussion thread with 87 total reviews.,2026-09-11 04:23:34.369000
415307716,Reader_Community,4.17,Official community discussion thread with 30 total reviews.,2026-09-11 04:23:34.369000
300000898,Reader_Community,4.02,Official community discussion thread with 32 total reviews.,2026-09-11 04:23:34.369000
930462092,Reader_Community,4.18,Official community discussion thread with 28 total reviews.,2026-09-11 04:23:34.369000
743290348,Reader_Community,3.28,Official community discussion thread with 20 total reviews.,2026-09-11 04:23:34.369000
074329033X,Reader_Community,3.28,Official community discussion thread with 304 total reviews.,2026-09-11 04:23:34.369000
1578067324,Reader_Community,4.13,Official community discussion thread with 10 total reviews.,2026-09-11 04:23:34.369000
64467007,Reader_Community,3.51,Official community discussion thread with 16 total reviews.,2026-09-11 04:23:34.370000
1575668548,Reader_Community,3.73,Official community discussion thread with 13 total reviews.,2026-09-11 04:23:34.370000
1575664259,Reader_Community,3.78,Official community discussion thread with 6 total reviews.,2026-09-11 04:23:34.370000
312313640,Reader_Community,3.85,Official community discussion thread with 1 total reviews.,2026-09-11 04:23:34.370000
1575665549,Reader_Community,3.91,Official community discussion thread with 6 total reviews.,2026-09-11 04:23:34.370000
039541685X,Reader_Community,4.45,Official community discussion thread with 99 total reviews.,2026-09-11 04:23:34.370000
395599687,Reader_Community,4.39,Official community discussion thread with 39 total reviews.,2026-09-11 04:23:34.370000
822210347,Reader_Community,4.0,Official community discussion thread with 14 total reviews.,2026-09-11 04:23:34.370000
8479019395,Reader_Community,3.73,Official community discussion thread with 59 total reviews.,2026-09-11 04:23:34.370000
767906721,Reader_Community,3.98,Official community discussion thread with 40 total reviews.,2026-09-11 04:23:34.370000
767909267,Reader_Community,3.9,Official community discussion thread with 20 total reviews.,2026-09-11 04:23:34.370000
140261540,Reader_Community,3.8,Official community discussion thread with 10 total reviews.,2026-09-11 04:23:34.371000
385418493,Reader_Community,3.81,Official community discussion thread with 1486 total reviews.,2026-09-11 04:23:34.371000
899421695,Reader_Community,3.92,Official community discussion thread with 4 total reviews.,2026-09-11 04:23:34.371000
140448942,Reader_Community,3.92,Official community discussion thread with 300 total reviews.,2026-09-11 04:23:34.371000
75536390,Reader_Community,4.29,Official community discussion thread with 13 total reviews.,2026-09-11 04:23:34.371000
140442413,Reader_Community,3.99,Official community discussion thread with 110 total reviews.,2026-09-11 04:23:34.371000
674990390,Reader_Community,3.95,Official community discussion thread with 7 total reviews.,2026-09-11 04:23:34.371000
192833006,Reader_Community,3.99,Official community discussion thread with 2 total reviews.,2026-09-11 04:23:34.371000
553585975,Reader_Community,3.88,Official community discussion thread with 635 total reviews.,2026-09-11 04:23:34.371000
679783369,Reader_Community,3.88,Official community discussion thread with 62 total reviews.,2026-09-11 04:23:34.371000
1928832431,Reader_Community,4.14,Official community discussion thread with 8 total reviews.,2026-09-11 04:23:34.371000
385090021,Reader_Community,4.14,Official community discussion thread with 175 total reviews.,2026-09-11 04:23:34.371000
870610635,Reader_Community,4.12,Official community discussion thread with 84 total reviews.,2026-09-11 04:23:34.372000
140436324,Reader_Community,3.91,Official community discussion thread with 22 total reviews.,2026-09-11 04:23:34.372000
192835858,Reader_Community,3.86,Official community discussion thread with 9 total reviews.,2026-09-11 04:23:34.372000
268018499,Reader_Community,3.83,Official community discussion thread with 3 total reviews.,2026-09-11 04:23:34.372000
743202554,Reader_Community,3.96,Official community discussion thread with 64 total reviews.,2026-09-11 04:23:34.372000
805211160,Reader_Community,3.93,Official community discussion thread with 5 total reviews.,2026-09-11 04:23:34.372000
224064738,Reader_Community,3.52,Official community discussion thread with 28 total reviews.,2026-09-11 04:23:34.372000
374517886,Reader_Community,4.37,Official community discussion thread with 92 total reviews.,2026-09-11 04:23:34.372000
1931082634,Reader_Community,4.61,Official community discussion thread with 4 total reviews.,2026-09-11 04:23:34.372000
374506809,Reader_Community,4.18,Official community discussion thread with 150 total reviews.,2026-09-11 04:23:34.372000
1931082618,Reader_Community,4.49,Official community discussion thread with 8 total reviews.,2026-09-11 04:23:34.372000
590321145,Reader_Community,3.63,Official community discussion thread with 5 total reviews.,2026-09-11 04:23:34.373000
531045420,Reader_Community,3.6,Official community discussion thread with 3 total reviews.,2026-09-11 04:23:34.373000
1595550550,Reader_Community,4.24,Official community discussion thread with 132 total reviews.,2026-09-11 04:23:34.373000
679728260,Reader_Community,4.17,Official community discussion thread with 19 total reviews.,2026-09-11 04:23:34.373000
380972336,Reader_Community,3.69,Official community discussion thread with 182 total reviews.,2026-09-11 04:23:34.373000
1570627487,Reader_Community,4.07,Official community discussion thread with 10 total reviews.,2026-09-11 04:23:34.373000
1590302486,Reader_Community,4.07,Official community discussion thread with 74 total reviews.,2026-09-11 04:23:34.373000
618640142,Reader_Community,4.27,Official community discussion thread with 72 total reviews.,2026-09-11 04:23:34.373000
1932234292,Reader_Community,3.67,Official community discussion thread with 37 total reviews.,2026-09-11 04:23:34.373000
4770028016,Reader_Community,4.07,Official community discussion thread with 43 total reviews.,2026-09-11 04:23:34.373000
525949771,Reader_Community,3.91,Official community discussion thread with 499 total reviews.,2026-09-11 04:23:34.373000
1569708843,Reader_Community,4.04,Official community discussion thread with 12 total reviews.,2026-09-11 04:23:34.374000
1569708851,Reader_Community,3.94,Official community discussion thread with 17 total reviews.,2026-09-11 04:23:34.374000
1579905080,Reader_Community,4.23,Official community discussion thread with 9 total reviews.,2026-09-11 04:23:34.374000
752861743,Reader_Community,3.8,Official community discussion thread with 1287 total reviews.,2026-09-11 04:23:34.374000
078685510X,Reader_Community,3.44,Official community discussion thread with 2 total reviews.,2026-09-11 04:23:34.374000
1594720355,Reader_Community,3.78,Official community discussion thread with 6 total reviews.,2026-09-11 04:23:34.374000
812695453,Reader_Community,4.28,Official community discussion thread with 40 total reviews.,2026-09-11 04:23:34.374000
1400051738,Reader_Community,3.7,Official community discussion thread with 70 total reviews.,2026-09-11 04:23:34.374000
1569709041,Reader_Community,3.99,Official community discussion thread with 37 total reviews.,2026-09-11 04:23:34.374000
99448920,Reader_Community,4.26,Official community discussion thread with 50 total reviews.,2026-09-11 04:23:34.374000
1569709807,Reader_Community,4.1,Official community discussion thread with 57 total reviews.,2026-09-11 04:23:34.374000
1593070543,Reader_Community,3.63,Official community discussion thread with 32 total reviews.,2026-09-11 04:23:34.374000
1421509571,Reader_Community,3.87,Official community discussion thread with 15 total reviews.,2026-09-11 04:23:34.375000
1421507226,Reader_Community,3.79,Official community discussion thread with 107 total reviews.,2026-09-11 04:23:34.375000
142150958X,Reader_Community,3.87,Official community discussion thread with 13 total reviews.,2026-09-11 04:23:34.375000
1421509598,Reader_Community,3.92,Official community discussion thread with 11 total reviews.,2026-09-11 04:23:34.375000
1421507234,Reader_Community,3.98,Official community discussion thread with 34 total reviews.,2026-09-11 04:23:34.375000
1421509563,Reader_Community,3.91,Official community discussion thread with 20 total reviews.,2026-09-11 04:23:34.375000
415266718,Reader_Community,4.09,Official community discussion thread with 13 total reviews.,2026-09-11 04:23:34.375000
812974433,Reader_Community,4.16,Official community discussion thread with 113 total reviews.,2026-09-11 04:23:34.375000
812967119,Reader_Community,3.84,Official community discussion thread with 32 total reviews.,2026-09-11 04:23:34.375000
143104934,Reader_Community,4.51,Official community discussion thread with 21 total reviews.,2026-09-11 04:23:34.375000
744004411,Reader_Community,4.09,Official community discussion thread with 5 total reviews.,2026-09-11 04:23:34.375000
752848372,Reader_Community,4.0,Official community discussion thread with 160 total reviews.,2026-09-11 04:23:34.376000
60730676,Reader_Community,3.9,Official community discussion thread with 44 total reviews.,2026-09-11 04:23:34.376000
1591810086,Reader_Community,4.01,Official community discussion thread with 11 total reviews.,2026-09-11 04:23:34.376000
031242230X,Reader_Community,3.85,Official community discussion thread with 289 total reviews.,2026-09-11 04:23:34.376000
1598160125,Reader_Community,4.15,Official community discussion thread with 14 total reviews.,2026-09-11 04:23:34.376000
1598160109,Reader_Community,3.93,Official community discussion thread with 41 total reviews.,2026-09-11 04:23:34.376000
1598160141,Reader_Community,4.32,Official community discussion thread with 10 total reviews.,2026-09-11 04:23:34.376000
1598160117,Reader_Community,4.23,Official community discussion thread with 18 total reviews.,2026-09-11 04:23:34.376000
159816015X,Reader_Community,4.23,Official community discussion thread with 7 total reviews.,2026-09-11 04:23:34.376000
99452243,Reader_Community,3.64,Official community discussion thread with 22 total reviews.,2026-09-11 04:23:34.376000
1406506583,Reader_Community,4.16,Official community discussion thread with 161 total reviews.,2026-09-11 04:23:34.377000
140442375,Reader_Community,3.99,Official community discussion thread with 68 total reviews.,2026-09-11 04:23:34.377000
140442324,Reader_Community,4.06,Official community discussion thread with 64 total reviews.,2026-09-11 04:23:34.377000
1425462219,Reader_Community,3.87,Official community discussion thread with 3 total reviews.,2026-09-11 04:23:34.377000
1419163868,Reader_Community,3.35,Official community discussion thread with 56 total reviews.,2026-09-11 04:23:34.377000
140442057,Reader_Community,3.98,Official community discussion thread with 48 total reviews.,2026-09-11 04:23:34.377000
1584230703,Reader_Community,3.94,Official community discussion thread with 295 total reviews.,2026-09-11 04:23:34.377000
1584230738,Reader_Community,4.12,Official community discussion thread with 11 total reviews.,2026-09-11 04:23:34.377000
618470220,Reader_Community,3.75,Official community discussion thread with 5 total reviews.,2026-09-11 04:23:34.377000
1559211563,Reader_Community,4.19,Official community discussion thread with 41 total reviews.,2026-09-11 04:23:34.377000
521639891,Reader_Community,4.17,Official community discussion thread with 11 total reviews.,2026-09-11 04:23:34.377000
1559210915,Reader_Community,4.04,Official community discussion thread with 93 total reviews.,2026-09-11 04:23:34.377000
2264031913,Reader_Community,3.46,Official community discussion thread with 5 total reviews.,2026-09-11 04:23:34.377000
451221257,Reader_Community,4.06,Official community discussion thread with 1632 total reviews.,2026-09-11 04:23:34.377000
515141658,Reader_Community,4.14,Official community discussion thread with 1158 total reviews.,2026-09-11 04:23:34.377000
373285434,Reader_Community,3.92,Official community discussion thread with 150 total reviews.,2026-09-11 04:23:34.377000
373285248,Reader_Community,3.8,Official community discussion thread with 32 total reviews.,2026-09-11 04:23:34.378000
515140775,Reader_Community,3.8,Official community discussion thread with 162 total reviews.,2026-09-11 04:23:34.378000
399153721,Reader_Community,4.0,Official community discussion thread with 1040 total reviews.,2026-09-11 04:23:34.378000
399147314,Reader_Community,4.4,Official community discussion thread with 5 total reviews.,2026-09-11 04:23:34.378000
373285388,Reader_Community,3.73,Official community discussion thread with 315 total reviews.,2026-09-11 04:23:34.378000
553589474,Reader_Community,4.03,Official community discussion thread with 418 total reviews.,2026-09-11 04:23:34.378000
373285132,Reader_Community,4.09,Official community discussion thread with 150 total reviews.,2026-09-11 04:23:34.378000
037328523X,Reader_Community,4.11,Official community discussion thread with 90 total reviews.,2026-09-11 04:23:34.378000
385335679,Reader_Community,3.61,Official community discussion thread with 304 total reviews.,2026-09-11 04:23:34.378000
691037388,Reader_Community,3.83,Official community discussion thread with 34 total reviews.,2026-09-11 04:23:34.378000
131541951,Reader_Community,3.75,Official community discussion thread with 1 total reviews.,2026-09-11 04:23:34.378000
393057828,Reader_Community,4.1,Official community discussion thread with 6 total reviews.,2026-09-11 04:23:34.379000
393019993,Reader_Community,4.1,Official community discussion thread with 1 total reviews.,2026-09-11 04:23:34.379000
1401204589,Reader_Community,4.04,Official community discussion thread with 614 total reviews.,2026-09-11 04:23:34.379000
1401204511,Reader_Community,4.24,Official community discussion thread with 307 total reviews.,2026-09-11 04:23:34.379000
737303948,Reader_Community,4.16,Official community discussion thread with 19 total reviews.,2026-09-11 04:23:34.379000
689873743,Reader_Community,4.02,Official community discussion thread with 52 total reviews.,2026-09-11 04:23:34.379000
60175648,Reader_Community,3.68,Official community discussion thread with 31 total reviews.,2026-09-11 04:23:34.379000
60928417,Reader_Community,3.66,Official community discussion thread with 402 total reviews.,2026-09-11 04:23:34.380000
571206921,Reader_Community,3.87,Official community discussion thread with 470 total reviews.,2026-09-11 04:23:34.380000
1400078393,Reader_Community,4.0,Official community discussion thread with 628 total reviews.,2026-09-11 04:23:34.380000
142404152,Reader_Community,4.08,Official community discussion thread with 24 total reviews.,2026-09-11 04:23:34.380000
465024963,Reader_Community,3.91,Official community discussion thread with 69 total reviews.,2026-09-11 04:23:34.380000
689868839,Reader_Community,3.9,Official community discussion thread with 15 total reviews.,2026-09-11 04:23:34.380000
440237165,Reader_Community,4.14,Official community discussion thread with 103 total reviews.,2026-09-11 04:23:34.380000
807014273,Reader_Community,4.36,Official community discussion thread with 303 total reviews.,2026-09-11 04:23:34.380000
1844132390,Reader_Community,4.36,Official community discussion thread with 198 total reviews.,2026-09-11 04:23:34.380000
886875536,Reader_Community,3.72,Official community discussion thread with 1 total reviews.,2026-09-11 04:23:34.380000
375714634,Reader_Community,4.38,Official community discussion thread with 39 total reviews.,2026-09-11 04:23:34.380000
345461363,Reader_Community,4.22,Official community discussion thread with 315 total reviews.,2026-09-11 04:23:34.381000
60954833,Reader_Community,3.8,Official community discussion thread with 19 total reviews.,2026-09-11 04:23:34.381000
743486226,Reader_Community,3.89,Official community discussion thread with 630 total reviews.,2026-09-11 04:23:34.381000
800730305,Reader_Community,4.36,Official community discussion thread with 2 total reviews.,2026-09-11 04:23:34.381000
226025977,Reader_Community,3.91,Official community discussion thread with 10 total reviews.,2026-09-11 04:23:34.381000
1584794941,Reader_Community,2.62,Official community discussion thread with 1 total reviews.,2026-09-11 04:23:34.381000
373895887,Reader_Community,3.67,Official community discussion thread with 120 total reviews.,2026-09-11 04:23:34.381000
385733879,Reader_Community,4.05,Official community discussion thread with 221 total reviews.,2026-09-11 04:23:34.381000
385731841,Reader_Community,3.73,Official community discussion thread with 534 total reviews.,2026-09-11 04:23:34.381000
385731825,Reader_Community,3.97,Official community discussion thread with 221 total reviews.,2026-09-11 04:23:34.381000
156119072,Reader_Community,4.1,Official community discussion thread with 35 total reviews.,2026-09-11 04:23:34.381000
823410773,Reader_Community,4.08,Official community discussion thread with 5 total reviews.,2026-09-11 04:23:34.381000
1569471037,Reader_Community,3.97,Official community discussion thread with 8 total reviews.,2026-09-11 04:23:34.381000
156947124X,Reader_Community,3.57,Official community discussion thread with 5 total reviews.,2026-09-11 04:23:34.381000
1591162068,Reader_Community,4.0,Official community discussion thread with 20 total reviews.,2026-09-11 04:23:34.381000
1591162076,Reader_Community,4.05,Official community discussion thread with 16 total reviews.,2026-09-11 04:23:34.381000
1591160685,Reader_Community,4.06,Official community discussion thread with 18 total reviews.,2026-09-11 04:23:34.381000
1591161452,Reader_Community,4.02,Official community discussion thread with 33 total reviews.,2026-09-11 04:23:34.381000
014044520X,Reader_Community,4.06,Official community discussion thread with 35 total reviews.,2026-09-11 04:23:34.381000
674994884,Reader_Community,4.52,Official community discussion thread with 3 total reviews.,2026-09-11 04:23:34.381000
156075008,Reader_Community,3.92,Official community discussion thread with 4 total reviews.,2026-09-11 04:23:34.382000
1565846648,Reader_Community,4.01,Official community discussion thread with 1 total reviews.,2026-09-11 04:23:34.382000
345428307,Reader_Community,3.72,Official community discussion thread with 22 total reviews.,2026-09-11 04:23:34.382000
345457617,Reader_Community,3.98,Official community discussion thread with 89 total reviews.,2026-09-11 04:23:34.382000
635034700,Reader_Community,3.61,Official community discussion thread with 4 total reviews.,2026-09-11 04:23:34.382000
063502389X,Reader_Community,3.73,Official community discussion thread with 6 total reviews.,2026-09-11 04:23:34.382000
635023911,Reader_Community,3.5,Official community discussion thread with 1 total reviews.,2026-09-11 04:23:34.382000
761542914,Reader_Community,3.67,Official community discussion thread with 1 total reviews.,2026-09-11 04:23:34.382000
076155548X,Reader_Community,4.29,Official community discussion thread with 4 total reviews.,2026-09-11 04:23:34.382000
553803522,Reader_Community,3.98,Official community discussion thread with 318 total reviews.,2026-09-11 04:23:34.382000
1593979746,Reader_Community,3.82,Official community discussion thread with 2 total reviews.,2026-09-11 04:23:34.382000
055380491X,Reader_Community,4.01,Official community discussion thread with 1663 total reviews.,2026-09-11 04:23:34.382000
1590300106,Reader_Community,4.04,Official community discussion thread with 8 total reviews.,2026-09-11 04:23:34.382000
25006053,Reader_Community,4.32,Official community discussion thread with 2 total reviews.,2026-09-11 04:23:34.382000
375760520,Reader_Community,4.08,Official community discussion thread with 640 total reviews.,2026-09-11 04:23:34.382000
674992024,Reader_Community,4.0,Official community discussion thread with 2 total reviews.,2026-09-11 04:23:34.382000
75536552,Reader_Community,3.37,Official community discussion thread with 4 total reviews.,2026-09-11 04:23:34.382000
452009308,Reader_Community,4.08,Official community discussion thread with 88 total reviews.,2026-09-11 04:23:34.382000
805210474,Reader_Community,3.8,Official community discussion thread with 60 total reviews.,2026-09-11 04:23:34.382000
596527330,Reader_Community,4.0,Official community discussion thread with 29 total reviews.,2026-09-11 04:23:34.382000
142151379X,Reader_Community,4.59,Official community discussion thread with 118 total reviews.,2026-09-11 04:23:34.383000
1421502224,Reader_Community,4.57,Official community discussion thread with 19 total reviews.,2026-09-11 04:23:34.383000
1421508397,Reader_Community,4.6,Official community discussion thread with 119 total reviews.,2026-09-11 04:23:34.383000
672326663,Reader_Community,3.96,Official community discussion thread with 16 total reviews.,2026-09-11 04:23:34.383000
131492020,Reader_Community,3.85,Official community discussion thread with 1 total reviews.,2026-09-11 04:23:34.383000
321468937,Reader_Community,3.83,Official community discussion thread with 4 total reviews.,2026-09-11 04:23:34.383000
801882672,Reader_Community,3.76,Official community discussion thread with 2 total reviews.,2026-09-11 04:23:34.383000
801868548,Reader_Community,3.76,Official community discussion thread with 1 total reviews.,2026-09-11 04:23:34.383000
62700251,Reader_Community,4.1,Official community discussion thread with 7 total reviews.,2026-09-11 04:23:34.383000
1593854463,Reader_Community,3.79,Official community discussion thread with 1 total reviews.,2026-09-11 04:23:34.383000
141187190,Reader_Community,3.93,Official community discussion thread with 12 total reviews.,2026-09-11 04:23:34.383000
679736409,Reader_Community,4.11,Official community discussion thread with 22 total reviews.,2026-09-11 04:23:34.383000
312135254,Reader_Community,4.06,Official community discussion thread with 53 total reviews.,2026-09-11 04:23:34.383000
679724753,Reader_Community,4.24,Official community discussion thread with 312 total reviews.,2026-09-11 04:23:34.383000
226153118,Reader_Community,4.21,Official community discussion thread with 12 total reviews.,2026-09-11 04:23:34.383000
439272009,Reader_Community,3.72,Official community discussion thread with 703 total reviews.,2026-09-11 04:23:34.383000
439435404,Reader_Community,4.13,Official community discussion thread with 195 total reviews.,2026-09-11 04:23:34.383000
590897985,Reader_Community,3.82,Official community discussion thread with 566 total reviews.,2026-09-11 04:23:34.383000
015601209X,Reader_Community,3.59,Official community discussion thread with 17 total reviews.,2026-09-11 04:23:34.383000
385340222,Reader_Community,3.85,Official community discussion thread with 1037 total reviews.,2026-09-11 04:23:34.383000
552145025,Reader_Community,4.0,Official community discussion thread with 297 total reviews.,2026-09-11 04:23:34.383000
393093123,Reader_Community,3.97,Official community discussion thread with 23 total reviews.,2026-09-11 04:23:34.383000
141310693,Reader_Community,3.98,Official community discussion thread with 104 total reviews.,2026-09-11 04:23:34.383000
441014224,Reader_Community,3.74,Official community discussion thread with 4 total reviews.,2026-09-11 04:23:34.383000
595092144,Reader_Community,3.78,Official community discussion thread with 39 total reviews.,2026-09-11 04:23:34.383000
786931965,Reader_Community,3.91,Official community discussion thread with 22 total reviews.,2026-09-11 04:23:34.383000
441014453,Reader_Community,3.91,Official community discussion thread with 4 total reviews.,2026-09-11 04:23:34.383000
059509208X,Reader_Community,3.88,Official community discussion thread with 8 total reviews.,2026-09-11 04:23:34.383000
452156610,Reader_Community,3.99,Official community discussion thread with 230 total reviews.,2026-09-11 04:23:34.384000
452266629,Reader_Community,3.62,Official community discussion thread with 30 total reviews.,2026-09-11 04:23:34.384000
786809299,Reader_Community,3.97,Official community discussion thread with 32 total reviews.,2026-09-11 04:23:34.384000
786809280,Reader_Community,3.88,Official community discussion thread with 84 total reviews.,2026-09-11 04:23:34.384000
375832211,Reader_Community,4.03,Official community discussion thread with 15 total reviews.,2026-09-11 04:23:34.384000
786809949,Reader_Community,4.08,Official community discussion thread with 17 total reviews.,2026-09-11 04:23:34.384000
375823786,Reader_Community,4.05,Official community discussion thread with 30 total reviews.,2026-09-11 04:23:34.384000
375832203,Reader_Community,4.07,Official community discussion thread with 30 total reviews.,2026-09-11 04:23:34.384000
067989070X,Reader_Community,3.94,Official community discussion thread with 227 total reviews.,2026-09-11 04:23:34.384000
871401525,Reader_Community,4.35,Official community discussion thread with 184 total reviews.,2026-09-11 04:23:34.384000
871401541,Reader_Community,4.22,Official community discussion thread with 264 total reviews.,2026-09-11 04:23:34.384000
871401657,Reader_Community,4.38,Official community discussion thread with 49 total reviews.,2026-09-11 04:23:34.384000
1423601742,Reader_Community,3.69,Official community discussion thread with 4 total reviews.,2026-09-11 04:23:34.384000
345480058,Reader_Community,4.04,Official community discussion thread with 144 total reviews.,2026-09-11 04:23:34.384000
345450698,Reader_Community,3.95,Official community discussion thread with 235 total reviews.,2026-09-11 04:23:34.384000
805427317,Reader_Community,4.09,Official community discussion thread with 24 total reviews.,2026-09-11 04:23:34.384000
785113444,Reader_Community,4.0,Official community discussion thread with 11 total reviews.,2026-09-11 04:23:34.384000
373802358,Reader_Community,3.85,Official community discussion thread with 256 total reviews.,2026-09-11 04:23:34.384000
373802722,Reader_Community,4.0,Official community discussion thread with 200 total reviews.,2026-09-11 04:23:34.384000
816636702,Reader_Community,3.96,Official community discussion thread with 3 total reviews.,2026-09-11 04:23:34.384000
826479316,Reader_Community,3.7,Official community discussion thread with 2 total reviews.,2026-09-11 04:23:34.384000
745323375,Reader_Community,4.12,Official community discussion thread with 1 total reviews.,2026-09-11 04:23:34.384000
743270371,Reader_Community,4.29,Official community discussion thread with 826 total reviews.,2026-09-11 04:23:34.384000
1416542264,Reader_Community,4.29,Official community discussion thread with 47 total reviews.,2026-09-11 04:23:34.384000
1585479004,Reader_Community,4.29,Official community discussion thread with 1 total reviews.,2026-09-11 04:23:34.384000
1595322353,Reader_Community,3.49,Official community discussion thread with 1 total reviews.,2026-09-11 04:23:34.384000
1592402682,Reader_Community,3.81,Official community discussion thread with 24 total reviews.,2026-09-11 04:23:34.384000
1932234225,Reader_Community,3.61,Official community discussion thread with 146 total reviews.,2026-09-11 04:23:34.384000
380794780,Reader_Community,3.77,Official community discussion thread with 10 total reviews.,2026-09-11 04:23:34.385000
373274483,Reader_Community,3.81,Official community discussion thread with 10 total reviews.,2026-09-11 04:23:34.385000
1572930500,Reader_Community,4.45,Official community discussion thread with 87 total reviews.,2026-09-11 04:23:34.385000
871239329,Reader_Community,3.96,Official community discussion thread with 17 total reviews.,2026-09-11 04:23:34.385000
312982011,Reader_Community,3.79,Official community discussion thread with 98 total reviews.,2026-09-11 04:23:34.385000
679451218,Reader_Community,4.69,Official community discussion thread with 36 total reviews.,2026-09-11 04:23:34.385000
810982196,Reader_Community,4.11,Official community discussion thread with 2 total reviews.,2026-09-11 04:23:34.385000
792270320,Reader_Community,4.1,Official community discussion thread with 1 total reviews.,2026-09-11 04:23:34.385000
1598163175,Reader_Community,3.95,Official community discussion thread with 2 total reviews.,2026-09-11 04:23:34.385000
1598163205,Reader_Community,3.93,Official community discussion thread with 6 total reviews.,2026-09-11 04:23:34.385000
1569708126,Reader_Community,3.57,Official community discussion thread with 3 total reviews.,2026-09-11 04:23:34.385000
783502508,Reader_Community,3.88,Official community discussion thread with 2 total reviews.,2026-09-11 04:23:34.385000
783502001,Reader_Community,3.82,Official community discussion thread with 2 total reviews.,2026-09-11 04:23:34.385000
067429503X,Reader_Community,4.52,Official community discussion thread with 8 total reviews.,2026-09-11 04:23:34.385000
689870167,Reader_Community,3.93,Official community discussion thread with 22 total reviews.,2026-09-11 04:23:34.385000
671417010,Reader_Community,3.69,Official community discussion thread with 19 total reviews.,2026-09-11 04:23:34.385000
1585672173,Reader_Community,3.84,Official community discussion thread with 32 total reviews.,2026-09-11 04:23:34.385000
224074539,Reader_Community,3.77,Official community discussion thread with 47 total reviews.,2026-09-11 04:23:34.385000
60854944,Reader_Community,3.87,Official community discussion thread with 299 total reviews.,2026-09-11 04:23:34.385000
60957352,Reader_Community,3.78,Official community discussion thread with 246 total reviews.,2026-09-11 04:23:34.385000
2742722807,Reader_Community,3.99,Official community discussion thread with 1 total reviews.,2026-09-11 04:23:34.385000
60927194,Reader_Community,3.72,Official community discussion thread with 11 total reviews.,2026-09-11 04:23:34.385000
60930861,Reader_Community,3.91,Official community discussion thread with 425 total reviews.,2026-09-11 04:23:34.385000
037572656X,Reader_Community,3.75,Official community discussion thread with 74 total reviews.,2026-09-11 04:23:34.385000
143039709,Reader_Community,4.03,Official community discussion thread with 742 total reviews.,2026-09-11 04:23:34.385000
486451402,Reader_Community,3.68,Official community discussion thread with 29 total reviews.,2026-09-11 04:23:34.386000
60776536,Reader_Community,3.91,Official community discussion thread with 99 total reviews.,2026-09-11 04:23:34.386000
940450836,Reader_Community,4.37,Official community discussion thread with 30 total reviews.,2026-09-11 04:23:34.386000
014303541X,Reader_Community,4.16,Official community discussion thread with 1138 total reviews.,2026-09-11 04:23:34.386000
142004030,Reader_Community,4.14,Official community discussion thread with 2156 total reviews.,2026-09-11 04:23:34.386000
143034359,Reader_Community,4.1,Official community discussion thread with 1434 total reviews.,2026-09-11 04:23:34.386000
670038717,Reader_Community,4.02,Official community discussion thread with 1310 total reviews.,2026-09-11 04:23:34.386000
142001805,Reader_Community,3.91,Official community discussion thread with 8068 total reviews.,2026-09-11 04:23:34.386000
034073356X,Reader_Community,3.91,Official community discussion thread with 566 total reviews.,2026-09-11 04:23:34.386000
1582294011,Reader_Community,4.22,Official community discussion thread with 75 total reviews.,2026-09-11 04:23:34.386000
1582293082,Reader_Community,4.18,Official community discussion thread with 130 total reviews.,2026-09-11 04:23:34.386000
1595324844,Reader_Community,3.72,Official community discussion thread with 31 total reviews.,2026-09-11 04:23:34.386000
192875345,Reader_Community,3.71,Official community discussion thread with 3 total reviews.,2026-09-11 04:23:34.386000
199265771,Reader_Community,4.19,Official community discussion thread with 1 total reviews.,2026-09-11 04:23:34.386000
199280169,Reader_Community,3.88,Official community discussion thread with 1 total reviews.,2026-09-11 04:23:34.386000
374524793,Reader_Community,3.85,Official community discussion thread with 54 total reviews.,2026-09-11 04:23:34.386000
345445783,Reader_Community,3.65,Official community discussion thread with 16 total reviews.,2026-09-11 04:23:34.386000
60737042,Reader_Community,3.9,Official community discussion thread with 4 total reviews.,2026-09-11 04:23:34.386000
380898039,Reader_Community,3.12,Official community discussion thread with 2 total reviews.,2026-09-11 04:23:34.386000
1892391201,Reader_Community,4.21,Official community discussion thread with 325 total reviews.,2026-09-11 04:23:34.386000
312890214,Reader_Community,3.81,Official community discussion thread with 25 total reviews.,2026-09-11 04:23:34.386000
415908086,Reader_Community,4.37,Official community discussion thread with 325 total reviews.,2026-09-11 04:23:34.386000
307209431,Reader_Community,3.81,Official community discussion thread with 3 total reviews.,2026-09-11 04:23:34.387000
674777700,Reader_Community,3.58,Official community discussion thread with 7 total reviews.,2026-09-11 04:23:34.387000
451217608,Reader_Community,3.9,Official community discussion thread with 4114 total reviews.,2026-09-11 04:23:34.387000
716799561,Reader_Community,3.99,Official community discussion thread with 5 total reviews.,2026-09-11 04:23:34.387000
026261135X,Reader_Community,4.0,Official community discussion thread with 3 total reviews.,2026-09-11 04:23:34.387000
262611333,Reader_Community,3.68,Official community discussion thread with 16 total reviews.,2026-09-11 04:23:34.387000
786016078,Reader_Community,4.13,Official community discussion thread with 68 total reviews.,2026-09-11 04:23:34.387000
786016051,Reader_Community,4.02,Official community discussion thread with 62 total reviews.,2026-09-11 04:23:34.387000
786011890,Reader_Community,3.95,Official community discussion thread with 86 total reviews.,2026-09-11 04:23:34.387000
786014202,Reader_Community,4.09,Official community discussion thread with 37 total reviews.,2026-09-11 04:23:34.387000
1892062437,Reader_Community,2.83,Official community discussion thread with 1 total reviews.,2026-09-11 04:23:34.387000
977312798,Reader_Community,4.1,Official community discussion thread with 41 total reviews.,2026-09-11 04:23:34.387000
385495544,Reader_Community,3.77,Official community discussion thread with 233 total reviews.,2026-09-11 04:23:34.387000
802136184,Reader_Community,4.64,Official community discussion thread with 17 total reviews.,2026-09-11 04:23:34.387000
156478214X,Reader_Community,4.01,Official community discussion thread with 1179 total reviews.,2026-09-11 04:23:34.387000
684827905,Reader_Community,3.9,Official community discussion thread with 170 total reviews.,2026-09-11 04:23:34.387000
64407209,Reader_Community,3.53,Official community discussion thread with 7 total reviews.,2026-09-11 04:23:34.387000
1570623139,Reader_Community,4.24,Official community discussion thread with 24 total reviews.,2026-09-11 04:23:34.387000
345416260,Reader_Community,4.08,Official community discussion thread with 3809 total reviews.,2026-09-11 04:23:34.387000
720610656,Reader_Community,3.92,Official community discussion thread with 19 total reviews.,2026-09-11 04:23:34.387000
451219945,Reader_Community,3.92,Official community discussion thread with 3992 total reviews.,2026-09-11 04:23:34.387000
425199436,Reader_Community,4.04,Official community discussion thread with 62 total reviews.,2026-09-11 04:23:34.388000
1580931863,Reader_Community,4.0,Official community discussion thread with 2 total reviews.,2026-09-11 04:23:34.388000
393002314,Reader_Community,4.09,Official community discussion thread with 3 total reviews.,2026-09-11 04:23:34.388000
393002039,Reader_Community,4.06,Official community discussion thread with 13 total reviews.,2026-09-11 04:23:34.388000
140443487,Reader_Community,3.83,Official community discussion thread with 319 total reviews.,2026-09-11 04:23:34.388000
743428188,Reader_Community,4.04,Official community discussion thread with 1253 total reviews.,2026-09-11 04:23:34.388000
8425337607,Reader_Community,4.04,Official community discussion thread with 1 total reviews.,2026-09-11 04:23:34.388000
345384563,Reader_Community,3.87,Official community discussion thread with 144 total reviews.,2026-09-11 04:23:34.388000
143034367,Reader_Community,3.89,Official community discussion thread with 286 total reviews.,2026-09-11 04:23:34.388000
081296618X,Reader_Community,4.02,Official community discussion thread with 448 total reviews.,2026-09-11 04:23:34.388000
385721277,Reader_Community,3.99,Official community discussion thread with 575 total reviews.,2026-09-11 04:23:34.388000
345391691,Reader_Community,3.93,Official community discussion thread with 254 total reviews.,2026-09-11 04:23:34.388000
62508865,Reader_Community,4.15,Official community discussion thread with 258 total reviews.,2026-09-11 04:23:34.388000
345434072,Reader_Community,3.83,Official community discussion thread with 16 total reviews.,2026-09-11 04:23:34.388000
872206351,Reader_Community,3.83,Official community discussion thread with 17 total reviews.,2026-09-11 04:23:34.388000
679721037,Reader_Community,3.97,Official community discussion thread with 2358 total reviews.,2026-09-11 04:23:34.388000
394756967,Reader_Community,4.28,Official community discussion thread with 57 total reviews.,2026-09-11 04:23:34.388000
618249060,Reader_Community,3.97,Official community discussion thread with 1694 total reviews.,2026-09-11 04:23:34.388000
395517427,Reader_Community,3.95,Official community discussion thread with 1 total reviews.,2026-09-11 04:23:34.388000
140253807,Reader_Community,4.14,Official community discussion thread with 4 total reviews.,2026-09-11 04:23:34.388000
763619337,Reader_Community,3.5,Official community discussion thread with 11 total reviews.,2026-09-11 04:23:34.389000
446363162,Reader_Community,3.91,Official community discussion thread with 173 total reviews.,2026-09-11 04:23:34.389000
143019295,Reader_Community,3.72,Official community discussion thread with 2 total reviews.,2026-09-11 04:23:34.389000
679772677,Reader_Community,3.97,Official community discussion thread with 754 total reviews.,2026-09-11 04:23:34.389000
375759867,Reader_Community,3.74,Official community discussion thread with 765 total reviews.,2026-09-11 04:23:34.389000
679723129,Reader_Community,3.91,Official community discussion thread with 185 total reviews.,2026-09-11 04:23:34.389000
192839241,Reader_Community,3.98,Official community discussion thread with 34 total reviews.,2026-09-11 04:23:34.389000
674991354,Reader_Community,3.93,Official community discussion thread with 2 total reviews.,2026-09-11 04:23:34.389000
870232061,Reader_Community,3.98,Official community discussion thread with 1 total reviews.,2026-09-11 04:23:34.389000
872208206,Reader_Community,3.98,Official community discussion thread with 2 total reviews.,2026-09-11 04:23:34.389000
192839411,Reader_Community,3.75,Official community discussion thread with 163 total reviews.,2026-09-11 04:23:34.390000
801879841,Reader_Community,3.97,Official community discussion thread with 4 total reviews.,2026-09-11 04:23:34.390000
472081616,Reader_Community,3.97,Official community discussion thread with 8 total reviews.,2026-09-11 04:23:34.390000
806118466,Reader_Community,3.75,Official community discussion thread with 7 total reviews.,2026-09-11 04:23:34.390000
198140711,Reader_Community,4.06,Official community discussion thread with 1 total reviews.,2026-09-11 04:23:34.390000
226329658,Reader_Community,3.73,Official community discussion thread with 4 total reviews.,2026-09-11 04:23:34.390000
374530319,Reader_Community,3.85,Official community discussion thread with 12 total reviews.,2026-09-11 04:23:34.390000
679755489,Reader_Community,4.19,Official community discussion thread with 65 total reviews.,2026-09-11 04:23:34.390000
374526966,Reader_Community,3.91,Official community discussion thread with 12 total reviews.,2026-09-11 04:23:34.390000
385422989,Reader_Community,4.19,Official community discussion thread with 4 total reviews.,2026-09-11 04:23:34.390000
038542339X,Reader_Community,4.19,Official community discussion thread with 108 total reviews.,2026-09-11 04:23:34.390000
385497148,Reader_Community,3.71,Official community discussion thread with 34 total reviews.,2026-09-11 04:23:34.390000
075660592X,Reader_Community,4.29,Official community discussion thread with 6 total reviews.,2026-09-11 04:23:34.390000
756623588,Reader_Community,4.37,Official community discussion thread with 43 total reviews.,2026-09-11 04:23:34.391000
082542982X,Reader_Community,4.2,Official community discussion thread with 21 total reviews.,2026-09-11 04:23:34.391000
684801523,Reader_Community,3.91,Official community discussion thread with 1050 total reviews.,2026-09-11 04:23:34.391000
1593082908,Reader_Community,3.84,Official community discussion thread with 47 total reviews.,2026-09-11 04:23:34.391000
618711678,Reader_Community,4.15,Official community discussion thread with 20 total reviews.,2026-09-11 04:23:34.391000
61238236,Reader_Community,4.08,Official community discussion thread with 36 total reviews.,2026-09-11 04:23:34.391000
60753633,Reader_Community,4.15,Official community discussion thread with 994 total reviews.,2026-09-11 04:23:34.391000
038549517X,Reader_Community,4.1,Official community discussion thread with 89 total reviews.,2026-09-11 04:23:34.391000
046500802X,Reader_Community,4.08,Official community discussion thread with 78 total reviews.,2026-09-11 04:23:34.391000
965045641,Reader_Community,4.0,Official community discussion thread with 228 total reviews.,2026-09-11 04:23:34.391000
156030160,Reader_Community,3.77,Official community discussion thread with 44 total reviews.,2026-09-11 04:23:34.391000
743255488,Reader_Community,3.68,Official community discussion thread with 121 total reviews.,2026-09-11 04:23:34.391000
743234758,Reader_Community,3.71,Official community discussion thread with 26 total reviews.,2026-09-11 04:23:34.391000
743274032,Reader_Community,3.67,Official community discussion thread with 48 total reviews.,2026-09-11 04:23:34.391000
684852632,Reader_Community,3.72,Official community discussion thread with 42 total reviews.,2026-09-11 04:23:34.391000
743274024,Reader_Community,4.11,Official community discussion thread with 189 total reviews.,2026-09-11 04:23:34.392000
842342702,Reader_Community,3.83,Official community discussion thread with 3293 total reviews.,2026-09-11 04:23:34.392000
842332367,Reader_Community,4.03,Official community discussion thread with 248 total reviews.,2026-09-11 04:23:34.392000
842332294,Reader_Community,4.01,Official community discussion thread with 261 total reviews.,2026-09-11 04:23:34.392000
078622469X,Reader_Community,3.96,Official community discussion thread with 566 total reviews.,2026-09-11 04:23:34.392000
1586481983,Reader_Community,4.09,Official community discussion thread with 737 total reviews.,2026-09-11 04:23:34.392000
553378589,Reader_Community,3.81,Official community discussion thread with 187 total reviews.,2026-09-11 04:23:34.392000
805078533,Reader_Community,4.12,Official community discussion thread with 396 total reviews.,2026-09-11 04:23:34.392000
743273265,Reader_Community,3.52,Official community discussion thread with 68 total reviews.,2026-09-11 04:23:34.392000
1591397642,Reader_Community,4.12,Official community discussion thread with 92 total reviews.,2026-09-11 04:23:34.392000
137903952,Reader_Community,4.17,Official community discussion thread with 79 total reviews.,2026-09-11 04:23:34.392000
312317085,Reader_Community,3.45,Official community discussion thread with 1 total reviews.,2026-09-11 04:23:34.392000
156007088,Reader_Community,4.49,Official community discussion thread with 253 total reviews.,2026-09-11 04:23:34.392000
446607436,Reader_Community,3.95,Official community discussion thread with 27 total reviews.,2026-09-11 04:23:34.392000
886771285,Reader_Community,4.07,Official community discussion thread with 1 total reviews.,2026-09-11 04:23:34.392000
015603252X,Reader_Community,4.22,Official community discussion thread with 520 total reviews.,2026-09-11 04:23:34.392000
60516054,Reader_Community,3.49,Official community discussion thread with 257 total reviews.,2026-09-11 04:23:34.392000
465092756,Reader_Community,3.93,Official community discussion thread with 52 total reviews.,2026-09-11 04:23:34.392000
525469788,Reader_Community,3.93,Official community discussion thread with 73 total reviews.,2026-09-11 04:23:34.392000
971030901,Reader_Community,4.18,Official community discussion thread with 101 total reviews.,2026-09-11 04:23:34.393000
60540907,Reader_Community,4.04,Official community discussion thread with 220 total reviews.,2026-09-11 04:23:34.393000
1402200455,Reader_Community,3.74,Official community discussion thread with 212 total reviews.,2026-09-11 04:23:34.393000
1574671456,Reader_Community,4.24,Official community discussion thread with 20 total reviews.,2026-09-11 04:23:34.393000
60934433,Reader_Community,3.99,Official community discussion thread with 115 total reviews.,2026-09-11 04:23:34.393000
375725970,Reader_Community,3.94,Official community discussion thread with 231 total reviews.,2026-09-11 04:23:34.393000
736910735,Reader_Community,4.36,Official community discussion thread with 3 total reviews.,2026-09-11 04:23:34.393000
083082619X,Reader_Community,3.89,Official community discussion thread with 11 total reviews.,2026-09-11 04:23:34.393000
787967416,Reader_Community,3.95,Official community discussion thread with 25 total reviews.,2026-09-11 04:23:34.393000
679737111,Reader_Community,3.74,Official community discussion thread with 57 total reviews.,2026-09-11 04:23:34.393000
679738169,Reader_Community,3.77,Official community discussion thread with 42 total reviews.,2026-09-11 04:23:34.394000
8483103311,Reader_Community,3.63,Official community discussion thread with 3 total reviews.,2026-09-11 04:23:34.394000
451530462,Reader_Community,3.96,Official community discussion thread with 13 total reviews.,2026-09-11 04:23:34.394000
1556525133,Reader_Community,4.23,Official community discussion thread with 1 total reviews.,2026-09-11 04:23:34.394000
8496525031,Reader_Community,3.57,Official community discussion thread with 1 total reviews.,2026-09-11 04:23:34.394000
887308554,Reader_Community,4.01,Official community discussion thread with 63 total reviews.,2026-09-11 04:23:34.394000
1558749608,Reader_Community,4.09,Official community discussion thread with 12 total reviews.,2026-09-11 04:23:34.394000
618619070,Reader_Community,4.28,Official community discussion thread with 178 total reviews.,2026-09-11 04:23:34.394000
333904915,Reader_Community,4.28,Official community discussion thread with 1 total reviews.,2026-09-11 04:23:34.394000
1565482344,Reader_Community,4.08,Official community discussion thread with 1 total reviews.,2026-09-11 04:23:34.394000
688003478,Reader_Community,4.39,Official community discussion thread with 175 total reviews.,2026-09-11 04:23:34.394000
60823720,Reader_Community,3.91,Official community discussion thread with 282 total reviews.,2026-09-11 04:23:34.394000
61145394,Reader_Community,3.92,Official community discussion thread with 145 total reviews.,2026-09-11 04:23:34.394000
60548282,Reader_Community,4.09,Official community discussion thread with 244 total reviews.,2026-09-11 04:23:34.395000
60502959,Reader_Community,4.03,Official community discussion thread with 397 total reviews.,2026-09-11 04:23:34.395000
60747471,Reader_Community,4.05,Official community discussion thread with 327 total reviews.,2026-09-11 04:23:34.395000
1556526180,Reader_Community,4.03,Official community discussion thread with 905 total reviews.,2026-09-11 04:23:34.395000
006074748X,Reader_Community,4.05,Official community discussion thread with 255 total reviews.,2026-09-11 04:23:34.395000
60093560,Reader_Community,4.05,Official community discussion thread with 302 total reviews.,2026-09-11 04:23:34.395000
374455031,Reader_Community,4.12,Official community discussion thread with 56 total reviews.,2026-09-11 04:23:34.396000
067080682X,Reader_Community,4.14,Official community discussion thread with 5 total reviews.,2026-09-11 04:23:34.396000
373124244,Reader_Community,3.69,Official community discussion thread with 14 total reviews.,2026-09-11 04:23:34.396000
2070362361,Reader_Community,3.9,Official community discussion thread with 75 total reviews.,2026-09-11 04:23:34.396000
446614734,Reader_Community,3.81,Official community discussion thread with 285 total reviews.,2026-09-11 04:23:34.396000
1569708878,Reader_Community,3.73,Official community discussion thread with 14 total reviews.,2026-09-11 04:23:34.396000
143037293,Reader_Community,3.49,Official community discussion thread with 42 total reviews.,2026-09-11 04:23:34.396000
207030602X,Reader_Community,3.98,Official community discussion thread with 50 total reviews.,2026-09-11 04:23:34.396000
8420637017,Reader_Community,4.04,Official community discussion thread with 20 total reviews.,2026-09-11 04:23:34.396000
2070401014,Reader_Community,3.96,Official community discussion thread with 18 total reviews.,2026-09-11 04:23:34.396000
2070733467,Reader_Community,3.65,Official community discussion thread with 20 total reviews.,2026-09-11 04:23:34.397000
1594731403,Reader_Community,3.95,Official community discussion thread with 16 total reviews.,2026-09-11 04:23:34.397000
872200477,Reader_Community,3.87,Official community discussion thread with 24 total reviews.,2026-09-11 04:23:34.397000
810956993,Reader_Community,4.06,Official community discussion thread with 4 total reviews.,2026-09-11 04:23:34.397000
874518253,Reader_Community,3.46,Official community discussion thread with 27 total reviews.,2026-09-11 04:23:34.397000
140440933,Reader_Community,3.73,Official community discussion thread with 15 total reviews.,2026-09-11 04:23:34.397000
486431843,Reader_Community,3.6,Official community discussion thread with 120 total reviews.,2026-09-11 04:23:34.397000
689829922,Reader_Community,3.76,Official community discussion thread with 13 total reviews.,2026-09-11 04:23:34.397000
521431085,Reader_Community,4.16,Official community discussion thread with 8 total reviews.,2026-09-11 04:23:34.397000
192838997,Reader_Community,4.09,Official community discussion thread with 690 total reviews.,2026-09-11 04:23:34.398000
140448039,Reader_Community,4.09,Official community discussion thread with 47 total reviews.,2026-09-11 04:23:34.398000
140443940,Reader_Community,4.09,Official community discussion thread with 25 total reviews.,2026-09-11 04:23:34.398000
875011063,Reader_Community,4.09,Official community discussion thread with 12 total reviews.,2026-09-11 04:23:34.398000
691019053,Reader_Community,4.09,Official community discussion thread with 31 total reviews.,2026-09-11 04:23:34.398000
691019045,Reader_Community,4.38,Official community discussion thread with 3 total reviews.,2026-09-11 04:23:34.398000
465020941,Reader_Community,4.09,Official community discussion thread with 7 total reviews.,2026-09-11 04:23:34.398000
1903517281,Reader_Community,4.09,Official community discussion thread with 5 total reviews.,2026-09-11 04:23:34.398000
471738840,Reader_Community,3.83,Official community discussion thread with 8 total reviews.,2026-09-11 04:23:34.398000
032144146X,Reader_Community,3.87,Official community discussion thread with 8 total reviews.,2026-09-11 04:23:34.398000
013237045X,Reader_Community,3.47,Official community discussion thread with 3 total reviews.,2026-09-11 04:23:34.398000
201498405,Reader_Community,3.85,Official community discussion thread with 11 total reviews.,2026-09-11 04:23:34.399000
534375979,Reader_Community,3.8,Official community discussion thread with 5 total reviews.,2026-09-11 04:23:34.399000
201314525,Reader_Community,4.16,Official community discussion thread with 3 total reviews.,2026-09-11 04:23:34.399000
439411874,Reader_Community,3.86,Official community discussion thread with 31 total reviews.,2026-09-11 04:23:34.399000
886775140,Reader_Community,3.72,Official community discussion thread with 3 total reviews.,2026-09-11 04:23:34.399000
575601973,Reader_Community,3.75,Official community discussion thread with 15 total reviews.,2026-09-11 04:23:34.399000
886774969,Reader_Community,3.71,Official community discussion thread with 4 total reviews.,2026-09-11 04:23:34.399000
553299034,Reader_Community,3.54,Official community discussion thread with 5 total reviews.,2026-09-11 04:23:34.399000
553572660,Reader_Community,3.94,Official community discussion thread with 17 total reviews.,2026-09-11 04:23:34.399000
374175470,Reader_Community,3.27,Official community discussion thread with 14 total reviews.,2026-09-11 04:23:34.399000
915144077,Reader_Community,3.69,Official community discussion thread with 7 total reviews.,2026-09-11 04:23:34.399000
081257236X,Reader_Community,3.9,Official community discussion thread with 63 total reviews.,2026-09-11 04:23:34.400000
60746874,Reader_Community,4.08,Official community discussion thread with 14 total reviews.,2026-09-11 04:23:34.400000
803292457,Reader_Community,3.3,Official community discussion thread with 2 total reviews.,2026-09-11 04:23:34.406000
804111642,Reader_Community,4.01,Official community discussion thread with 10 total reviews.,2026-09-11 04:23:34.406000
60933526,Reader_Community,3.32,Official community discussion thread with 9 total reviews.,2026-09-11 04:23:34.406000
684852225,Reader_Community,3.99,Official community discussion thread with 799 total reviews.,2026-09-11 04:23:34.406000
684831546,Reader_Community,3.59,Official community discussion thread with 456 total reviews.,2026-09-11 04:23:34.406000
20360754,Reader_Community,3.94,Official community discussion thread with 127 total reviews.,2026-09-11 04:23:34.406000
1580175201,Reader_Community,3.64,Official community discussion thread with 25 total reviews.,2026-09-11 04:23:34.406000
743222989,Reader_Community,3.95,Official community discussion thread with 331 total reviews.,2026-09-11 04:23:34.406000
691119422,Reader_Community,4.22,Official community discussion thread with 52 total reviews.,2026-09-11 04:23:34.407000
069102068X,Reader_Community,4.16,Official community discussion thread with 12 total reviews.,2026-09-11 04:23:34.407000
691017778,Reader_Community,4.24,Official community discussion thread with 64 total reviews.,2026-09-11 04:23:34.407000
814204570,Reader_Community,3.92,Official community discussion thread with 2 total reviews.,2026-09-11 04:23:34.407000
226204197,Reader_Community,3.93,Official community discussion thread with 29 total reviews.,2026-09-11 04:23:34.407000
1577660099,Reader_Community,4.08,Official community discussion thread with 11 total reviews.,2026-09-11 04:23:34.407000
820324930,Reader_Community,4.09,Official community discussion thread with 6 total reviews.,2026-09-11 04:23:34.407000
142004103,Reader_Community,4.15,Official community discussion thread with 133 total reviews.,2026-09-11 04:23:34.407000
140286012,Reader_Community,3.92,Official community discussion thread with 25 total reviews.,2026-09-11 04:23:34.407000
520251091,Reader_Community,4.21,Official community discussion thread with 30 total reviews.,2026-09-11 04:23:34.407000
939682044,Reader_Community,4.26,Official community discussion thread with 11 total reviews.,2026-09-11 04:23:34.407000
946061157,Reader_Community,4.1,Official community discussion thread with 2 total reviews.,2026-09-11 04:23:34.407000
1586212214,Reader_Community,3.79,Official community discussion thread with 47 total reviews.,2026-09-11 04:23:34.408000
812968972,Reader_Community,3.81,Official community discussion thread with 2908 total reviews.,2026-09-11 04:23:34.408000
140157514,Reader_Community,4.07,Official community discussion thread with 65 total reviews.,2026-09-11 04:23:34.408000
521316928,Reader_Community,4.54,Official community discussion thread with 78 total reviews.,2026-09-11 04:23:34.408000
679753761,Reader_Community,3.81,Official community discussion thread with 50 total reviews.,2026-09-11 04:23:34.408000
689874146,Reader_Community,3.58,Official community discussion thread with 48 total reviews.,2026-09-11 04:23:34.408000
743250621,Reader_Community,3.76,Official community discussion thread with 2326 total reviews.,2026-09-11 04:23:34.408000
1583225439,Reader_Community,3.87,Official community discussion thread with 173 total reviews.,2026-09-11 04:23:34.408000
1416525513,Reader_Community,3.62,Official community discussion thread with 60 total reviews.,2026-09-11 04:23:34.408000
823408817,Reader_Community,3.75,Official community discussion thread with 4 total reviews.,2026-09-11 04:23:34.408000
1575667649,Reader_Community,3.35,Official community discussion thread with 10 total reviews.,2026-09-11 04:23:34.408000
870611518,Reader_Community,4.5,Official community discussion thread with 1 total reviews.,2026-09-11 04:23:34.409000
1400075718,Reader_Community,4.06,Official community discussion thread with 952 total reviews.,2026-09-11 04:23:34.409000
1423101456,Reader_Community,4.35,Official community discussion thread with 773 total reviews.,2026-09-11 04:23:34.409000
786856866,Reader_Community,4.24,Official community discussion thread with 19806 total reviews.,2026-09-11 04:23:34.409000
786838655,Reader_Community,4.25,Official community discussion thread with 47951 total reviews.,2026-09-11 04:23:34.409000
786282258,Reader_Community,4.25,Official community discussion thread with 34 total reviews.,2026-09-11 04:23:34.409000
043978204X,Reader_Community,3.76,Official community discussion thread with 245 total reviews.,2026-09-11 04:23:34.409000
439709105,Reader_Community,3.88,Official community discussion thread with 9360 total reviews.,2026-09-11 04:23:34.409000
439554004,Reader_Community,3.92,Official community discussion thread with 3132 total reviews.,2026-09-11 04:23:34.409000
439849586,Reader_Community,3.73,Official community discussion thread with 146 total reviews.,2026-09-11 04:23:34.409000
439862698,Reader_Community,3.93,Official community discussion thread with 32 total reviews.,2026-09-11 04:23:34.409000
7126905,Reader_Community,4.07,Official community discussion thread with 349 total reviews.,2026-09-11 04:23:34.410000
451412109,Reader_Community,3.99,Official community discussion thread with 105 total reviews.,2026-09-11 04:23:34.410000
451409639,Reader_Community,4.17,Official community discussion thread with 32 total reviews.,2026-09-11 04:23:34.410000
451412117,Reader_Community,4.08,Official community discussion thread with 38 total reviews.,2026-09-11 04:23:34.410000
451409221,Reader_Community,4.1,Official community discussion thread with 43 total reviews.,2026-09-11 04:23:34.410000
451410548,Reader_Community,4.19,Official community discussion thread with 37 total reviews.,2026-09-11 04:23:34.410000
451411188,Reader_Community,4.19,Official community discussion thread with 27 total reviews.,2026-09-11 04:23:34.410000
312241356,Reader_Community,4.37,Official community discussion thread with 1006 total reviews.,2026-09-11 04:23:34.410000
684827212,Reader_Community,3.96,Official community discussion thread with 5 total reviews.,2026-09-11 04:23:34.410000
2264017694,Reader_Community,3.84,Official community discussion thread with 1 total reviews.,2026-09-11 04:23:34.410000
1400079853,Reader_Community,2.88,Official community discussion thread with 60 total reviews.,2026-09-11 04:23:34.411000
375726217,Reader_Community,3.42,Official community discussion thread with 91 total reviews.,2026-09-11 04:23:34.411000
375706038,Reader_Community,3.67,Official community discussion thread with 192 total reviews.,2026-09-11 04:23:34.411000
618446877,Reader_Community,3.96,Official community discussion thread with 724 total reviews.,2026-09-11 04:23:34.411000
618134247,Reader_Community,3.96,Official community discussion thread with 20 total reviews.,2026-09-11 04:23:34.411000
1841493139,Reader_Community,3.95,Official community discussion thread with 1565 total reviews.,2026-09-11 04:23:34.411000
1841493147,Reader_Community,4.07,Official community discussion thread with 859 total reviews.,2026-09-11 04:23:34.411000
1841493155,Reader_Community,4.15,Official community discussion thread with 998 total reviews.,2026-09-11 04:23:34.411000
732270952,Reader_Community,3.95,Official community discussion thread with 16 total reviews.,2026-09-11 04:23:34.411000
202010996,Reader_Community,3.9,Official community discussion thread with 26 total reviews.,2026-09-11 04:23:34.412000
226733696,Reader_Community,3.64,Official community discussion thread with 3 total reviews.,2026-09-11 04:23:34.412000
472766007,Reader_Community,3.91,Official community discussion thread with 5 total reviews.,2026-09-11 04:23:34.412000
472027212,Reader_Community,3.74,Official community discussion thread with 7 total reviews.,2026-09-11 04:23:34.412000
055357812X,Reader_Community,3.47,Official community discussion thread with 4 total reviews.,2026-09-11 04:23:34.412000
435909614,Reader_Community,3.84,Official community discussion thread with 86 total reviews.,2026-09-11 04:23:34.412000
425167283,Reader_Community,3.86,Official community discussion thread with 398 total reviews.,2026-09-11 04:23:34.412000
312361785,Reader_Community,3.39,Official community discussion thread with 256 total reviews.,2026-09-11 04:23:34.412000
1567922961,Reader_Community,3.8,Official community discussion thread with 155 total reviews.,2026-09-11 04:23:34.412000
1567921574,Reader_Community,3.98,Official community discussion thread with 63 total reviews.,2026-09-11 04:23:34.413000
1567921582,Reader_Community,3.88,Official community discussion thread with 76 total reviews.,2026-09-11 04:23:34.413000
140189866,Reader_Community,4.28,Official community discussion thread with 60 total reviews.,2026-09-11 04:23:34.413000
081121365X,Reader_Community,4.21,Official community discussion thread with 42 total reviews.,2026-09-11 04:23:34.413000
440362059,Reader_Community,4.15,Official community discussion thread with 66 total reviews.,2026-09-11 04:23:34.413000
068802372X,Reader_Community,3.79,Official community discussion thread with 11 total reviews.,2026-09-11 04:23:34.413000
207071523X,Reader_Community,3.8,Official community discussion thread with 28 total reviews.,2026-09-11 04:23:34.413000
9684324162,Reader_Community,3.9,Official community discussion thread with 7 total reviews.,2026-09-11 04:23:34.413000
847640509X,Reader_Community,4.32,Official community discussion thread with 4 total reviews.,2026-09-11 04:23:34.413000
679734503,Reader_Community,4.21,Official community discussion thread with 730 total reviews.,2026-09-11 04:23:34.413000
000717313X,Reader_Community,4.16,Official community discussion thread with 140 total reviews.,2026-09-11 04:23:34.413000
7169922,Reader_Community,4.0,Official community discussion thread with 482 total reviews.,2026-09-11 04:23:34.413000
345440145,Reader_Community,3.69,Official community discussion thread with 132 total reviews.,2026-09-11 04:23:34.413000
816642699,Reader_Community,3.64,Official community discussion thread with 7 total reviews.,2026-09-11 04:23:34.413000
142180041,Reader_Community,3.72,Official community discussion thread with 195 total reviews.,2026-09-11 04:23:34.413000
811209458,Reader_Community,4.05,Official community discussion thread with 37 total reviews.,2026-09-11 04:23:34.413000
1590170318,Reader_Community,3.93,Official community discussion thread with 38 total reviews.,2026-09-11 04:23:34.413000
1564781402,Reader_Community,3.8,Official community discussion thread with 17 total reviews.,2026-09-11 04:23:34.413000
811204839,Reader_Community,3.99,Official community discussion thread with 45 total reviews.,2026-09-11 04:23:34.413000
1564782999,Reader_Community,3.97,Official community discussion thread with 77 total reviews.,2026-09-11 04:23:34.413000
140448071,Reader_Community,3.99,Official community discussion thread with 1221 total reviews.,2026-09-11 04:23:34.413000
486452352,Reader_Community,4.12,Official community discussion thread with 210 total reviews.,2026-09-11 04:23:34.414000
143039075,Reader_Community,4.4,Official community discussion thread with 238 total reviews.,2026-09-11 04:23:34.414000
393321800,Reader_Community,3.92,Official community discussion thread with 28 total reviews.,2026-09-11 04:23:34.414000
300094000,Reader_Community,4.33,Official community discussion thread with 4 total reviews.,2026-09-11 04:23:34.414000
1561633429,Reader_Community,4.04,Official community discussion thread with 2 total reviews.,2026-09-11 04:23:34.414000
670032778,Reader_Community,4.4,Official community discussion thread with 17 total reviews.,2026-09-11 04:23:34.414000
394711831,Reader_Community,4.53,Official community discussion thread with 42 total reviews.,2026-09-11 04:23:34.414000
881031909,Reader_Community,4.14,Official community discussion thread with 3 total reviews.,2026-09-11 04:23:34.414000
1561632899,Reader_Community,3.79,Official community discussion thread with 9 total reviews.,2026-09-11 04:23:34.414000
816632588,Reader_Community,4.22,Official community discussion thread with 1 total reviews.,2026-09-11 04:23:34.414000
140447423,Reader_Community,4.13,Official community discussion thread with 750 total reviews.,2026-09-11 04:23:34.414000
851703933,Reader_Community,3.93,Official community discussion thread with 17 total reviews.,2026-09-11 04:23:34.414000
192839632,Reader_Community,3.96,Official community discussion thread with 101 total reviews.,2026-09-11 04:23:34.414000
1595690557,Reader_Community,3.7,Official community discussion thread with 9 total reviews.,2026-09-11 04:23:34.414000
192836021,Reader_Community,3.99,Official community discussion thread with 342 total reviews.,2026-09-11 04:23:34.414000
1595690484,Reader_Community,3.9,Official community discussion thread with 9 total reviews.,2026-09-11 04:23:34.415000
2070418014,Reader_Community,4.06,Official community discussion thread with 152 total reviews.,2026-09-11 04:23:34.415000
571203159,Reader_Community,4.12,Official community discussion thread with 24 total reviews.,2026-09-11 04:23:34.415000
192822896,Reader_Community,4.01,Official community discussion thread with 52 total reviews.,2026-09-11 04:23:34.415000
140443878,Reader_Community,4.08,Official community discussion thread with 70 total reviews.,2026-09-11 04:23:34.415000
553581996,Reader_Community,3.81,Official community discussion thread with 27 total reviews.,2026-09-11 04:23:34.415000
055358054X,Reader_Community,3.65,Official community discussion thread with 25 total reviews.,2026-09-11 04:23:34.415000
553582003,Reader_Community,3.67,Official community discussion thread with 51 total reviews.,2026-09-11 04:23:34.415000
553588044,Reader_Community,3.74,Official community discussion thread with 566 total reviews.,2026-09-11 04:23:34.415000
019517447X,Reader_Community,4.03,Official community discussion thread with 26 total reviews.,2026-09-11 04:23:34.415000
684800527,Reader_Community,3.85,Official community discussion thread with 106 total reviews.,2026-09-11 04:23:34.415000
142437638,Reader_Community,3.81,Official community discussion thread with 92 total reviews.,2026-09-11 04:23:34.415000
1564783014,Reader_Community,3.4,Official community discussion thread with 2 total reviews.,2026-09-11 04:23:34.415000
184354167X,Reader_Community,3.77,Official community discussion thread with 79 total reviews.,2026-09-11 04:23:34.415000
192836897,Reader_Community,4.14,Official community discussion thread with 26 total reviews.,2026-09-11 04:23:34.415000
140445226,Reader_Community,3.93,Official community discussion thread with 109 total reviews.,2026-09-11 04:23:34.415000
014044369X,Reader_Community,3.94,Official community discussion thread with 121 total reviews.,2026-09-11 04:23:34.415000
140442243,Reader_Community,3.92,Official community discussion thread with 70 total reviews.,2026-09-11 04:23:34.415000
441002536,Reader_Community,3.4,Official community discussion thread with 14 total reviews.,2026-09-11 04:23:34.415000
786943335,Reader_Community,4.05,Official community discussion thread with 99 total reviews.,2026-09-11 04:23:34.416000
786929200,Reader_Community,3.69,Official community discussion thread with 4 total reviews.,2026-09-11 04:23:34.416000
553563696,Reader_Community,4.06,Official community discussion thread with 117 total reviews.,2026-09-11 04:23:34.416000
055357325X,Reader_Community,4.11,Official community discussion thread with 148 total reviews.,2026-09-11 04:23:34.416000
553567713,Reader_Community,4.11,Official community discussion thread with 124 total reviews.,2026-09-11 04:23:34.416000
553290983,Reader_Community,3.99,Official community discussion thread with 219 total reviews.,2026-09-11 04:23:34.416000
500810192,Reader_Community,4.0,Official community discussion thread with 2 total reviews.,2026-09-11 04:23:34.416000
593021754,Reader_Community,3.99,Official community discussion thread with 5 total reviews.,2026-09-11 04:23:34.416000
345397614,Reader_Community,3.57,Official community discussion thread with 7 total reviews.,2026-09-11 04:23:34.416000
60833254,Reader_Community,3.15,Official community discussion thread with 28 total reviews.,2026-09-11 04:23:34.416000
786929502,Reader_Community,3.91,Official community discussion thread with 82 total reviews.,2026-09-11 04:23:34.416000
345397606,Reader_Community,3.57,Official community discussion thread with 6 total reviews.,2026-09-11 04:23:34.416000
786913142,Reader_Community,4.16,Official community discussion thread with 144 total reviews.,2026-09-11 04:23:34.416000
886778875,Reader_Community,3.56,Official community discussion thread with 5 total reviews.,2026-09-11 04:23:34.416000
034542462X,Reader_Community,3.67,Official community discussion thread with 5 total reviews.,2026-09-11 04:23:34.416000
61020575,Reader_Community,3.67,Official community discussion thread with 49 total reviews.,2026-09-11 04:23:34.417000
786927003,Reader_Community,3.82,Official community discussion thread with 2 total reviews.,2026-09-11 04:23:34.417000
786931930,Reader_Community,3.98,Official community discussion thread with 3 total reviews.,2026-09-11 04:23:34.417000
61020591,Reader_Community,3.86,Official community discussion thread with 22 total reviews.,2026-09-11 04:23:34.417000
880384549,Reader_Community,3.74,Official community discussion thread with 39 total reviews.,2026-09-11 04:23:34.417000
786915161,Reader_Community,4.01,Official community discussion thread with 1 total reviews.,2026-09-11 04:23:34.417000
141692499X,Reader_Community,4.24,Official community discussion thread with 1001 total reviews.,2026-09-11 04:23:34.417000
553120441,Reader_Community,4.24,Official community discussion thread with 57 total reviews.,2026-09-11 04:23:34.417000
689860072,Reader_Community,4.28,Official community discussion thread with 586 total reviews.,2026-09-11 04:23:34.417000
689860064,Reader_Community,4.07,Official community discussion thread with 411 total reviews.,2026-09-11 04:23:34.417000
1416541187,Reader_Community,3.84,Official community discussion thread with 112 total reviews.,2026-09-11 04:23:34.417000
743275039,Reader_Community,4.16,Official community discussion thread with 1 total reviews.,2026-09-11 04:23:34.417000
340734019,Reader_Community,3.96,Official community discussion thread with 20 total reviews.,2026-09-11 04:23:34.417000
743260945,Reader_Community,3.93,Official community discussion thread with 58 total reviews.,2026-09-11 04:23:34.418000
743491564,Reader_Community,3.99,Official community discussion thread with 36 total reviews.,2026-09-11 04:23:34.418000
553583298,Reader_Community,3.46,Official community discussion thread with 52 total reviews.,2026-09-11 04:23:34.418000
055358295X,Reader_Community,3.53,Official community discussion thread with 50 total reviews.,2026-09-11 04:23:34.418000
671047507,Reader_Community,3.49,Official community discussion thread with 46 total reviews.,2026-09-11 04:23:34.418000
340818808,Reader_Community,3.6,Official community discussion thread with 5 total reviews.,2026-09-11 04:23:34.418000
671026011,Reader_Community,4.05,Official community discussion thread with 41 total reviews.,2026-09-11 04:23:34.418000
743491599,Reader_Community,3.93,Official community discussion thread with 205 total reviews.,2026-09-11 04:23:34.418000
743437810,Reader_Community,4.1,Official community discussion thread with 584 total reviews.,2026-09-11 04:23:34.418000
451203054,Reader_Community,3.8,Official community discussion thread with 148 total reviews.,2026-09-11 04:23:34.418000
671038443,Reader_Community,4.0,Official community discussion thread with 268 total reviews.,2026-09-11 04:23:34.418000
1561840564,Reader_Community,4.26,Official community discussion thread with 299 total reviews.,2026-09-11 04:23:34.418000
1573441570,Reader_Community,3.97,Official community discussion thread with 6 total reviews.,2026-09-11 04:23:34.419000
823078949,Reader_Community,4.45,Official community discussion thread with 10 total reviews.,2026-09-11 04:23:34.419000
057114456X,Reader_Community,4.14,Official community discussion thread with 803 total reviews.,2026-09-11 04:23:34.419000
60930314,Reader_Community,3.68,Official community discussion thread with 611 total reviews.,2026-09-11 04:23:34.419000
60841869,Reader_Community,3.96,Official community discussion thread with 109 total reviews.,2026-09-11 04:23:34.419000
60093749,Reader_Community,3.96,Official community discussion thread with 165 total reviews.,2026-09-11 04:23:34.419000
1568984952,Reader_Community,4.0,Official community discussion thread with 4 total reviews.,2026-09-11 04:23:34.419000
141013451,Reader_Community,3.63,Official community discussion thread with 24 total reviews.,2026-09-11 04:23:34.419000
451461630,Reader_Community,3.96,Official community discussion thread with 182 total reviews.,2026-09-11 04:23:34.419000
1592220827,Reader_Community,4.2,Official community discussion thread with 7 total reviews.,2026-09-11 04:23:34.419000
586210695,Reader_Community,3.76,Official community discussion thread with 202 total reviews.,2026-09-11 04:23:34.420000
6482074,Reader_Community,4.04,Official community discussion thread with 34 total reviews.,2026-09-11 04:23:34.420000
61054682,Reader_Community,3.89,Official community discussion thread with 4 total reviews.,2026-09-11 04:23:34.420000
61054674,Reader_Community,4.16,Official community discussion thread with 8 total reviews.,2026-09-11 04:23:34.420000
159222024X,Reader_Community,3.82,Official community discussion thread with 46 total reviews.,2026-09-11 04:23:34.420000
7102224,Reader_Community,4.11,Official community discussion thread with 20 total reviews.,2026-09-11 04:23:34.420000
756403588,Reader_Community,3.9,Official community discussion thread with 174 total reviews.,2026-09-11 04:23:34.420000
756402700,Reader_Community,3.73,Official community discussion thread with 14 total reviews.,2026-09-11 04:23:34.420000
756402972,Reader_Community,4.09,Official community discussion thread with 414 total reviews.,2026-09-11 04:23:34.420000
756402980,Reader_Community,4.18,Official community discussion thread with 320 total reviews.,2026-09-11 04:23:34.420000
075640181X,Reader_Community,3.88,Official community discussion thread with 319 total reviews.,2026-09-11 04:23:34.420000
756403596,Reader_Community,3.73,Official community discussion thread with 377 total reviews.,2026-09-11 04:23:34.420000
886777631,Reader_Community,3.91,Official community discussion thread with 717 total reviews.,2026-09-11 04:23:34.420000
886776066,Reader_Community,4.2,Official community discussion thread with 215 total reviews.,2026-09-11 04:23:34.421000
1416546022,Reader_Community,3.21,Official community discussion thread with 1092 total reviews.,2026-09-11 04:23:34.421000
009992840X,Reader_Community,3.49,Official community discussion thread with 98 total reviews.,2026-09-11 04:23:34.421000
679641041,Reader_Community,4.17,Official community discussion thread with 195 total reviews.,2026-09-11 04:23:34.421000
330312561,Reader_Community,4.17,Official community discussion thread with 62 total reviews.,2026-09-11 04:23:34.421000
791075680,Reader_Community,4.09,Official community discussion thread with 10 total reviews.,2026-09-11 04:23:34.421000
671577786,Reader_Community,3.81,Official community discussion thread with 34 total reviews.,2026-09-11 04:23:34.421000
756401135,Reader_Community,4.2,Official community discussion thread with 158 total reviews.,2026-09-11 04:23:34.421000
743436083,Reader_Community,3.95,Official community discussion thread with 14 total reviews.,2026-09-11 04:23:34.421000
671318551,Reader_Community,3.93,Official community discussion thread with 22 total reviews.,2026-09-11 04:23:34.421000
765349116,Reader_Community,3.77,Official community discussion thread with 39 total reviews.,2026-09-11 04:23:34.421000
671878662,Reader_Community,3.9,Official community discussion thread with 29 total reviews.,2026-09-11 04:23:34.421000
756400589,Reader_Community,4.12,Official community discussion thread with 174 total reviews.,2026-09-11 04:23:34.421000
886774268,Reader_Community,4.27,Official community discussion thread with 320 total reviews.,2026-09-11 04:23:34.422000
886774632,Reader_Community,4.25,Official community discussion thread with 249 total reviews.,2026-09-11 04:23:34.422000
886777739,Reader_Community,4.06,Official community discussion thread with 103 total reviews.,2026-09-11 04:23:34.422000
99595818,Reader_Community,4.22,Official community discussion thread with 986 total reviews.,2026-09-11 04:23:34.422000
1932416374,Reader_Community,4.11,Official community discussion thread with 356 total reviews.,2026-09-11 04:23:34.422000
1594481520,Reader_Community,3.7,Official community discussion thread with 553 total reviews.,2026-09-11 04:23:34.422000
60507403,Reader_Community,3.75,Official community discussion thread with 512 total reviews.,2026-09-11 04:23:34.422000
886773520,Reader_Community,4.21,Official community discussion thread with 736 total reviews.,2026-09-11 04:23:34.422000
886774012,Reader_Community,4.21,Official community discussion thread with 278 total reviews.,2026-09-11 04:23:34.422000
810117312,Reader_Community,4.11,Official community discussion thread with 161 total reviews.,2026-09-11 04:23:34.422000
810117304,Reader_Community,3.7,Official community discussion thread with 37 total reviews.,2026-09-11 04:23:34.422000
156306301,Reader_Community,4.12,Official community discussion thread with 166 total reviews.,2026-09-11 04:23:34.422000
810117339,Reader_Community,4.18,Official community discussion thread with 42 total reviews.,2026-09-11 04:23:34.423000
156278065,Reader_Community,3.91,Official community discussion thread with 132 total reviews.,2026-09-11 04:23:34.423000
156881500,Reader_Community,4.1,Official community discussion thread with 71 total reviews.,2026-09-11 04:23:34.423000
20264739,Reader_Community,4.02,Official community discussion thread with 12 total reviews.,2026-09-11 04:23:34.423000
765600048,Reader_Community,3.44,Official community discussion thread with 3 total reviews.,2026-09-11 04:23:34.423000
316010731,Reader_Community,4.02,Official community discussion thread with 516 total reviews.,2026-09-11 04:23:34.423000
743458192,Reader_Community,3.72,Official community discussion thread with 41 total reviews.,2026-09-11 04:23:34.423000
345396707,Reader_Community,3.81,Official community discussion thread with 5 total reviews.,2026-09-11 04:23:34.423000
132382458,Reader_Community,4.0,Official community discussion thread with 1 total reviews.,2026-09-11 04:23:34.423000
006124189X,Reader_Community,4.19,Official community discussion thread with 2580 total reviews.,2026-09-11 04:23:34.423000
940450380,Reader_Community,4.21,Official community discussion thread with 11 total reviews.,2026-09-11 04:23:34.423000
940450720,Reader_Community,4.25,Official community discussion thread with 4 total reviews.,2026-09-11 04:23:34.423000
486202917,Reader_Community,4.07,Official community discussion thread with 25 total reviews.,2026-09-11 04:23:34.423000
1594200904,Reader_Community,3.7,Official community discussion thread with 127 total reviews.,2026-09-11 04:23:34.423000
674705599,Reader_Community,4.18,Official community discussion thread with 1 total reviews.,2026-09-11 04:23:34.423000
1572704209,Reader_Community,4.12,Official community discussion thread with 4 total reviews.,2026-09-11 04:23:34.423000
788789848,Reader_Community,4.53,Official community discussion thread with 171 total reviews.,2026-09-11 04:23:34.423000
261102141,Reader_Community,3.86,Official community discussion thread with 12 total reviews.,2026-09-11 04:23:34.424000
186046095X,Reader_Community,4.29,Official community discussion thread with 526 total reviews.,2026-09-11 04:23:34.424000
8466300651,Reader_Community,4.29,Official community discussion thread with 6 total reviews.,2026-09-11 04:23:34.424000
937832383,Reader_Community,3.81,Official community discussion thread with 4260 total reviews.,2026-09-11 04:23:34.424000
446618470,Reader_Community,3.97,Official community discussion thread with 894 total reviews.,2026-09-11 04:23:34.424000
156013983,Reader_Community,4.31,Official community discussion thread with 215 total reviews.,2026-09-11 04:23:34.424000
843955287,Reader_Community,4.0,Official community discussion thread with 1942 total reviews.,2026-09-11 04:23:34.424000
345472357,Reader_Community,3.86,Official community discussion thread with 865 total reviews.,2026-09-11 04:23:34.424000
61125253,Reader_Community,3.97,Official community discussion thread with 90 total reviews.,2026-09-11 04:23:34.424000
8439720033,Reader_Community,3.81,Official community discussion thread with 2 total reviews.,2026-09-11 04:23:34.424000
786941642,Reader_Community,4.33,Official community discussion thread with 36 total reviews.,2026-09-11 04:23:34.424000
763623296,Reader_Community,4.11,Official community discussion thread with 221 total reviews.,2026-09-11 04:23:34.424000
345481283,Reader_Community,4.05,Official community discussion thread with 4920 total reviews.,2026-09-11 04:23:34.424000
525945563,Reader_Community,4.04,Official community discussion thread with 3247 total reviews.,2026-09-11 04:23:34.424000
380813815,Reader_Community,4.25,Official community discussion thread with 10380 total reviews.,2026-09-11 04:23:34.424000
688172245,Reader_Community,4.09,Official community discussion thread with 26 total reviews.,2026-09-11 04:23:34.424000
142407577,Reader_Community,3.98,Official community discussion thread with 1417 total reviews.,2026-09-11 04:23:34.424000
007325035X,Reader_Community,4.15,Official community discussion thread with 3 total reviews.,2026-09-11 04:23:34.424000
140144188,Reader_Community,4.09,Official community discussion thread with 126 total reviews.,2026-09-11 04:23:34.424000
552152110,Reader_Community,3.71,Official community discussion thread with 85 total reviews.,2026-09-11 04:23:34.424000
743496167,Reader_Community,4.03,Official community discussion thread with 11 total reviews.,2026-09-11 04:23:34.424000
081673691X,Reader_Community,4.23,Official community discussion thread with 4 total reviews.,2026-09-11 04:23:34.424000
571225373,Reader_Community,3.74,Official community discussion thread with 1036 total reviews.,2026-09-11 04:23:34.425000
571225365,Reader_Community,3.76,Official community discussion thread with 1152 total reviews.,2026-09-11 04:23:34.425000
571225403,Reader_Community,3.49,Official community discussion thread with 1673 total reviews.,2026-09-11 04:23:34.425000
679735879,Reader_Community,3.54,Official community discussion thread with 120 total reviews.,2026-09-11 04:23:34.425000
385336101,Reader_Community,3.32,Official community discussion thread with 590 total reviews.,2026-09-11 04:23:34.425000
312150601,Reader_Community,3.96,Official community discussion thread with 2116 total reviews.,2026-09-11 04:23:34.425000
031227999X,Reader_Community,3.45,Official community discussion thread with 482 total reviews.,2026-09-11 04:23:34.425000
1854596012,Reader_Community,3.61,Official community discussion thread with 6 total reviews.,2026-09-11 04:23:34.425000
374530254,Reader_Community,4.16,Official community discussion thread with 63 total reviews.,2026-09-11 04:23:34.425000
2253144908,Reader_Community,3.96,Official community discussion thread with 4 total reviews.,2026-09-11 04:23:34.425000
590430262,Reader_Community,3.76,Official community discussion thread with 16 total reviews.,2026-09-11 04:23:34.425000
087113960X,Reader_Community,3.79,Official community discussion thread with 285 total reviews.,2026-09-11 04:23:34.425000
451195574,Reader_Community,4.05,Official community discussion thread with 76 total reviews.,2026-09-11 04:23:34.425000
425169715,Reader_Community,3.5,Official community discussion thread with 158 total reviews.,2026-09-11 04:23:34.425000
042515954X,Reader_Community,3.7,Official community discussion thread with 110 total reviews.,2026-09-11 04:23:34.425000
1570614598,Reader_Community,4.16,Official community discussion thread with 521 total reviews.,2026-09-11 04:23:34.425000
764937103,Reader_Community,4.23,Official community discussion thread with 103 total reviews.,2026-09-11 04:23:34.426000
140449213,Reader_Community,4.05,Official community discussion thread with 376 total reviews.,2026-09-11 04:23:34.426000
068814392X,Reader_Community,4.32,Official community discussion thread with 9 total reviews.,2026-09-11 04:23:34.426000
849917735,Reader_Community,4.21,Official community discussion thread with 232 total reviews.,2026-09-11 04:23:34.426000
1418505579,Reader_Community,3.92,Official community discussion thread with 4 total reviews.,2026-09-11 04:23:34.426000
143036491,Reader_Community,3.96,Official community discussion thread with 1459 total reviews.,2026-09-11 04:23:34.426000
1596913231,Reader_Community,3.81,Official community discussion thread with 87 total reviews.,2026-09-11 04:23:34.426000
1400031702,Reader_Community,4.1,Official community discussion thread with 15790 total reviews.,2026-09-11 04:23:34.426000
187882323X,Reader_Community,4.39,Official community discussion thread with 25 total reviews.,2026-09-11 04:23:34.426000
521663873,Reader_Community,3.55,Official community discussion thread with 1 total reviews.,2026-09-11 04:23:34.426000
192832433,Reader_Community,3.72,Official community discussion thread with 29 total reviews.,2026-09-11 04:23:34.426000
826514707,Reader_Community,3.14,Official community discussion thread with 1 total reviews.,2026-09-11 04:23:34.426000
596527411,Reader_Community,3.88,Official community discussion thread with 13 total reviews.,2026-09-11 04:23:34.426000
375822976,Reader_Community,4.12,Official community discussion thread with 10 total reviews.,2026-09-11 04:23:34.426000
394800273,Reader_Community,4.15,Official community discussion thread with 88 total reviews.,2026-09-11 04:23:34.426000
375802436,Reader_Community,4.24,Official community discussion thread with 64 total reviews.,2026-09-11 04:23:34.426000
486201120,Reader_Community,3.82,Official community discussion thread with 9 total reviews.,2026-09-11 04:23:34.427000
486445631,Reader_Community,3.87,Official community discussion thread with 2 total reviews.,2026-09-11 04:23:34.427000
1890159190,Reader_Community,3.76,Official community discussion thread with 30 total reviews.,2026-09-11 04:23:34.427000
743281594,Reader_Community,4.34,Official community discussion thread with 88 total reviews.,2026-09-11 04:23:34.427000
1590171039,Reader_Community,3.93,Official community discussion thread with 124 total reviews.,2026-09-11 04:23:34.427000
370006542,Reader_Community,4.17,Official community discussion thread with 17 total reviews.,2026-09-11 04:23:34.427000
345254848,Reader_Community,4.17,Official community discussion thread with 5 total reviews.,2026-09-11 04:23:34.427000
446606235,Reader_Community,3.92,Official community discussion thread with 64 total reviews.,2026-09-11 04:23:34.427000
1421507196,Reader_Community,3.97,Official community discussion thread with 61 total reviews.,2026-09-11 04:23:34.427000
142150720X,Reader_Community,3.99,Official community discussion thread with 11 total reviews.,2026-09-11 04:23:34.427000
1421507218,Reader_Community,3.97,Official community discussion thread with 6 total reviews.,2026-09-11 04:23:34.427000
1421509210,Reader_Community,4.0,Official community discussion thread with 8 total reviews.,2026-09-11 04:23:34.428000
1421509245,Reader_Community,3.98,Official community discussion thread with 5 total reviews.,2026-09-11 04:23:34.428000
1421509229,Reader_Community,4.02,Official community discussion thread with 7 total reviews.,2026-09-11 04:23:34.428000
1421509237,Reader_Community,4.0,Official community discussion thread with 6 total reviews.,2026-09-11 04:23:34.428000
786914297,Reader_Community,4.05,Official community discussion thread with 66 total reviews.,2026-09-11 04:23:34.428000
044667284X,Reader_Community,3.58,Official community discussion thread with 4 total reviews.,2026-09-11 04:23:34.428000
078693669X,Reader_Community,3.89,Official community discussion thread with 4 total reviews.,2026-09-11 04:23:34.428000
61020583,Reader_Community,3.78,Official community discussion thread with 21 total reviews.,2026-09-11 04:23:34.428000
786904917,Reader_Community,4.02,Official community discussion thread with 10 total reviews.,2026-09-11 04:23:34.429000
886778573,Reader_Community,3.39,Official community discussion thread with 6 total reviews.,2026-09-11 04:23:34.429000
786931582,Reader_Community,4.15,Official community discussion thread with 298 total reviews.,2026-09-11 04:23:34.429000
770429912,Reader_Community,3.93,Official community discussion thread with 374 total reviews.,2026-09-11 04:23:34.429000
451217764,Reader_Community,4.01,Official community discussion thread with 107 total reviews.,2026-09-11 04:23:34.429000
1573225789,Reader_Community,4.09,Official community discussion thread with 4663 total reviews.,2026-09-11 04:23:34.429000
226142698,Reader_Community,4.21,Official community discussion thread with 44 total reviews.,2026-09-11 04:23:34.429000
1931615039,Reader_Community,4.11,Official community discussion thread with 1 total reviews.,2026-09-11 04:23:34.429000
688153879,Reader_Community,3.54,Official community discussion thread with 15 total reviews.,2026-09-11 04:23:34.430000
1573228710,Reader_Community,4.11,Official community discussion thread with 81 total reviews.,2026-09-11 04:23:34.430000
1400054036,Reader_Community,4.34,Official community discussion thread with 49 total reviews.,2026-09-11 04:23:34.430000
1401910440,Reader_Community,4.21,Official community discussion thread with 6 total reviews.,2026-09-11 04:23:34.430000
517543052,Reader_Community,4.29,Official community discussion thread with 692 total reviews.,2026-09-11 04:23:34.430000
385084137,Reader_Community,4.24,Official community discussion thread with 30 total reviews.,2026-09-11 04:23:34.430000
553285726,Reader_Community,4.17,Official community discussion thread with 52 total reviews.,2026-09-11 04:23:34.430000
1593976720,Reader_Community,4.16,Official community discussion thread with 4 total reviews.,2026-09-11 04:23:34.430000
940687569,Reader_Community,3.95,Official community discussion thread with 1 total reviews.,2026-09-11 04:23:34.430000
067005934X,Reader_Community,4.46,Official community discussion thread with 8 total reviews.,2026-09-11 04:23:34.430000
014050978X,Reader_Community,4.1,Official community discussion thread with 55 total reviews.,2026-09-11 04:23:34.430000
140502874,Reader_Community,4.13,Official community discussion thread with 104 total reviews.,2026-09-11 04:23:34.430000
140502017,Reader_Community,4.08,Official community discussion thread with 308 total reviews.,2026-09-11 04:23:34.431000
074755904X,Reader_Community,4.03,Official community discussion thread with 44 total reviews.,2026-09-11 04:23:34.431000
395746566,Reader_Community,4.21,Official community discussion thread with 523 total reviews.,2026-09-11 04:23:34.431000
671646192,Reader_Community,3.08,Official community discussion thread with 1 total reviews.,2026-09-11 04:23:34.431000
60765402,Reader_Community,4.06,Official community discussion thread with 69 total reviews.,2026-09-11 04:23:34.431000
61015628,Reader_Community,4.22,Official community discussion thread with 43 total reviews.,2026-09-11 04:23:34.431000
006101561X,Reader_Community,4.25,Official community discussion thread with 22 total reviews.,2026-09-11 04:23:34.431000
802141242,Reader_Community,4.01,Official community discussion thread with 648 total reviews.,2026-09-11 04:23:34.431000
786179953,Reader_Community,4.01,Official community discussion thread with 7 total reviews.,2026-09-11 04:23:34.431000
1844130800,Reader_Community,4.04,Official community discussion thread with 6 total reviews.,2026-09-11 04:23:34.431000
052143971X,Reader_Community,4.05,Official community discussion thread with 80 total reviews.,2026-09-11 04:23:34.431000
60011572,Reader_Community,4.25,Official community discussion thread with 357 total reviews.,2026-09-11 04:23:34.431000
075093400X,Reader_Community,3.57,Official community discussion thread with 8 total reviews.,2026-09-11 04:23:34.431000
316787531,Reader_Community,4.18,Official community discussion thread with 573 total reviews.,2026-09-11 04:23:34.431000
441014348,Reader_Community,4.36,Official community discussion thread with 1053 total reviews.,2026-09-11 04:23:34.431000
60530480,Reader_Community,4.1,Official community discussion thread with 136 total reviews.,2026-09-11 04:23:34.431000
044101268X,Reader_Community,4.12,Official community discussion thread with 3322 total reviews.,2026-09-11 04:23:34.431000
1852423285,Reader_Community,3.92,Official community discussion thread with 15 total reviews.,2026-09-11 04:23:34.431000
670038385,Reader_Community,3.28,Official community discussion thread with 518 total reviews.,2026-09-11 04:23:34.431000
802141684,Reader_Community,3.98,Official community discussion thread with 68 total reviews.,2026-09-11 04:23:34.431000
670034665,Reader_Community,3.33,Official community discussion thread with 656 total reviews.,2026-09-11 04:23:34.431000
618134328,Reader_Community,4.12,Official community discussion thread with 32 total reviews.,2026-09-11 04:23:34.431000
470861711,Reader_Community,4.13,Official community discussion thread with 46 total reviews.,2026-09-11 04:23:34.432000
452267455,Reader_Community,3.98,Official community discussion thread with 196 total reviews.,2026-09-11 04:23:34.432000
446602485,Reader_Community,4.07,Official community discussion thread with 192 total reviews.,2026-09-11 04:23:34.432000
394429826,Reader_Community,3.71,Official community discussion thread with 8 total reviews.,2026-09-11 04:23:34.432000
449218473,Reader_Community,3.81,Official community discussion thread with 133 total reviews.,2026-09-11 04:23:34.432000
439297710,Reader_Community,3.95,Official community discussion thread with 106 total reviews.,2026-09-11 04:23:34.432000
61140538,Reader_Community,3.3,Official community discussion thread with 128 total reviews.,2026-09-11 04:23:34.432000
425212017,Reader_Community,3.76,Official community discussion thread with 314 total reviews.,2026-09-11 04:23:34.432000
1592402739,Reader_Community,3.54,Official community discussion thread with 1560 total reviews.,2026-09-11 04:23:34.433000
345486471,Reader_Community,4.39,Official community discussion thread with 131 total reviews.,2026-09-11 04:23:34.433000
345423879,Reader_Community,4.09,Official community discussion thread with 301 total reviews.,2026-09-11 04:23:34.433000
1596321288,Reader_Community,3.99,Official community discussion thread with 23 total reviews.,2026-09-11 04:23:34.433000
316563560,Reader_Community,3.32,Official community discussion thread with 95 total reviews.,2026-09-11 04:23:34.433000
1591821541,Reader_Community,3.95,Official community discussion thread with 78 total reviews.,2026-09-11 04:23:34.433000
1591821568,Reader_Community,4.07,Official community discussion thread with 20 total reviews.,2026-09-11 04:23:34.433000
159182155X,Reader_Community,4.14,Official community discussion thread with 26 total reviews.,2026-09-11 04:23:34.433000
1591821576,Reader_Community,4.1,Official community discussion thread with 15 total reviews.,2026-09-11 04:23:34.433000
393327655,Reader_Community,3.93,Official community discussion thread with 1480 total reviews.,2026-09-11 04:23:34.433000
038541580X,Reader_Community,3.91,Official community discussion thread with 94 total reviews.,2026-09-11 04:23:34.433000
486226689,Reader_Community,3.65,Official community discussion thread with 10 total reviews.,2026-09-11 04:23:34.433000
1600961509,Reader_Community,3.68,Official community discussion thread with 59 total reviews.,2026-09-11 04:23:34.434000
803273320,Reader_Community,3.78,Official community discussion thread with 1 total reviews.,2026-09-11 04:23:34.434000
767911792,Reader_Community,4.23,Official community discussion thread with 309 total reviews.,2026-09-11 04:23:34.434000
039471699X,Reader_Community,3.66,Official community discussion thread with 5 total reviews.,2026-09-11 04:23:34.434000
1591822203,Reader_Community,4.03,Official community discussion thread with 2 total reviews.,2026-09-11 04:23:34.434000
971357234,Reader_Community,3.56,Official community discussion thread with 129 total reviews.,2026-09-11 04:23:34.434000
842366652,Reader_Community,4.37,Official community discussion thread with 45 total reviews.,2026-09-11 04:23:34.434000
679813462,Reader_Community,4.12,Official community discussion thread with 53 total reviews.,2026-09-11 04:23:34.434000
059514506X,Reader_Community,4.13,Official community discussion thread with 52 total reviews.,2026-09-11 04:23:34.434000
1416543007,Reader_Community,3.4,Official community discussion thread with 1680 total reviews.,2026-09-11 04:23:34.434000
446697389,Reader_Community,3.61,Official community discussion thread with 5 total reviews.,2026-09-11 04:23:34.434000
515110752,Reader_Community,3.79,Official community discussion thread with 16 total reviews.,2026-09-11 04:23:34.434000
465045855,Reader_Community,4.06,Official community discussion thread with 32 total reviews.,2026-09-11 04:23:34.434000
1860467210,Reader_Community,3.8,Official community discussion thread with 180 total reviews.,2026-09-11 04:23:34.434000
1860469019,Reader_Community,3.92,Official community discussion thread with 14 total reviews.,2026-09-11 04:23:34.434000
60765313,Reader_Community,3.82,Official community discussion thread with 286 total reviews.,2026-09-11 04:23:34.435000
743292545,Reader_Community,3.66,Official community discussion thread with 405 total reviews.,2026-09-11 04:23:34.435000
553803719,Reader_Community,4.16,Official community discussion thread with 6561 total reviews.,2026-09-11 04:23:34.435000
553803735,Reader_Community,4.26,Official community discussion thread with 1708 total reviews.,2026-09-11 04:23:34.435000
553803727,Reader_Community,4.22,Official community discussion thread with 2034 total reviews.,2026-09-11 04:23:34.435000
553587579,Reader_Community,4.05,Official community discussion thread with 890 total reviews.,2026-09-11 04:23:34.435000
838526950,Reader_Community,4.12,Official community discussion thread with 1 total reviews.,2026-09-11 04:23:34.435000
076530953X,Reader_Community,3.56,Official community discussion thread with 1068 total reviews.,2026-09-11 04:23:34.435000
765312808,Reader_Community,3.51,Official community discussion thread with 321 total reviews.,2026-09-11 04:23:34.435000
765310457,Reader_Community,3.48,Official community discussion thread with 213 total reviews.,2026-09-11 04:23:34.435000
1568582862,Reader_Community,3.72,Official community discussion thread with 43 total reviews.,2026-09-11 04:23:34.435000
785209824,Reader_Community,3.92,Official community discussion thread with 444 total reviews.,2026-09-11 04:23:34.435000
751370738,Reader_Community,3.76,Official community discussion thread with 4 total reviews.,2026-09-11 04:23:34.435000
451209796,Reader_Community,4.18,Official community discussion thread with 3 total reviews.,2026-09-11 04:23:34.435000
399153055,Reader_Community,3.96,Official community discussion thread with 257 total reviews.,2026-09-11 04:23:34.435000
039915373X,Reader_Community,4.01,Official community discussion thread with 328 total reviews.,2026-09-11 04:23:34.435000
515141402,Reader_Community,4.14,Official community discussion thread with 170 total reviews.,2026-09-11 04:23:34.435000
373771711,Reader_Community,3.89,Official community discussion thread with 7 total reviews.,2026-09-11 04:23:34.435000
446692476,Reader_Community,3.75,Official community discussion thread with 35 total reviews.,2026-09-11 04:23:34.435000
1551668513,Reader_Community,3.45,Official community discussion thread with 23 total reviews.,2026-09-11 04:23:34.435000
515136948,Reader_Community,4.14,Official community discussion thread with 138 total reviews.,2026-09-11 04:23:34.435000
671569023,Reader_Community,4.15,Official community discussion thread with 102 total reviews.,2026-09-11 04:23:34.435000
713912545,Reader_Community,4.25,Official community discussion thread with 1 total reviews.,2026-09-11 04:23:34.435000
963281437,Reader_Community,3.76,Official community discussion thread with 5 total reviews.,2026-09-11 04:23:34.436000
014024350X,Reader_Community,3.97,Official community discussion thread with 17 total reviews.,2026-09-11 04:23:34.436000
99478390,Reader_Community,3.97,Official community discussion thread with 156 total reviews.,2026-09-11 04:23:34.436000
99478447,Reader_Community,3.94,Official community discussion thread with 3002 total reviews.,2026-09-11 04:23:34.436000
143037757,Reader_Community,4.34,Official community discussion thread with 571 total reviews.,2026-09-11 04:23:34.436000
1578068894,Reader_Community,3.82,Official community discussion thread with 3 total reviews.,2026-09-11 04:23:34.436000
830828265,Reader_Community,3.94,Official community discussion thread with 37 total reviews.,2026-09-11 04:23:34.436000
082543632X,Reader_Community,3.86,Official community discussion thread with 3 total reviews.,2026-09-11 04:23:34.436000
143038184,Reader_Community,3.38,Official community discussion thread with 328 total reviews.,2026-09-11 04:23:34.436000
142180009,Reader_Community,3.73,Official community discussion thread with 179 total reviews.,2026-09-11 04:23:34.436000
192100335,Reader_Community,3.67,Official community discussion thread with 3 total reviews.,2026-09-11 04:23:34.436000
674215184,Reader_Community,4.05,Official community discussion thread with 2 total reviews.,2026-09-11 04:23:34.436000
698118758,Reader_Community,4.22,Official community discussion thread with 11 total reviews.,2026-09-11 04:23:34.436000
826414745,Reader_Community,3.92,Official community discussion thread with 9 total reviews.,2026-09-11 04:23:34.436000
679764178,Reader_Community,3.7,Official community discussion thread with 88 total reviews.,2026-09-11 04:23:34.436000
067974827X,Reader_Community,3.73,Official community discussion thread with 101 total reviews.,2026-09-11 04:23:34.436000
679752935,Reader_Community,4.17,Official community discussion thread with 202 total reviews.,2026-09-11 04:23:34.436000
679749063,Reader_Community,3.63,Official community discussion thread with 22 total reviews.,2026-09-11 04:23:34.436000
99389010,Reader_Community,3.66,Official community discussion thread with 113 total reviews.,2026-09-11 04:23:34.436000
99801906,Reader_Community,3.34,Official community discussion thread with 118 total reviews.,2026-09-11 04:23:34.436000
679759255,Reader_Community,3.53,Official community discussion thread with 149 total reviews.,2026-09-11 04:23:34.436000
99422697,Reader_Community,3.63,Official community discussion thread with 437 total reviews.,2026-09-11 04:23:34.436000
375704434,Reader_Community,3.93,Official community discussion thread with 229 total reviews.,2026-09-11 04:23:34.436000
375404937,Reader_Community,3.66,Official community discussion thread with 368 total reviews.,2026-09-11 04:23:34.436000
486426750,Reader_Community,4.0,Official community discussion thread with 1875 total reviews.,2026-09-11 04:23:34.436000
1932664084,Reader_Community,4.17,Official community discussion thread with 3267 total reviews.,2026-09-11 04:23:34.437000
802806414,Reader_Community,3.88,Official community discussion thread with 362 total reviews.,2026-09-11 04:23:34.437000
802449247,Reader_Community,4.26,Official community discussion thread with 136 total reviews.,2026-09-11 04:23:34.437000
394846974,Reader_Community,3.41,Official community discussion thread with 69 total reviews.,2026-09-11 04:23:34.437000
802449263,Reader_Community,4.26,Official community discussion thread with 20 total reviews.,2026-09-11 04:23:34.437000
312313675,Reader_Community,4.1,Official community discussion thread with 10 total reviews.,2026-09-11 04:23:34.437000
60754001,Reader_Community,4.16,Official community discussion thread with 20 total reviews.,2026-09-11 04:23:34.437000
805078428,Reader_Community,4.06,Official community discussion thread with 22 total reviews.,2026-09-11 04:23:34.437000
789308843,Reader_Community,4.29,Official community discussion thread with 38 total reviews.,2026-09-11 04:23:34.437000
155652482X,Reader_Community,4.07,Official community discussion thread with 5 total reviews.,2026-09-11 04:23:34.437000
057120905X,Reader_Community,3.99,Official community discussion thread with 57 total reviews.,2026-09-11 04:23:34.437000
571207995,Reader_Community,3.88,Official community discussion thread with 245 total reviews.,2026-09-11 04:23:34.437000
1560761547,Reader_Community,3.54,Official community discussion thread with 12 total reviews.,2026-09-11 04:23:34.437000
159308269X,Reader_Community,4.05,Official community discussion thread with 14 total reviews.,2026-09-11 04:23:34.437000
691097186,Reader_Community,4.23,Official community discussion thread with 31 total reviews.,2026-09-11 04:23:34.437000
1593080972,Reader_Community,3.94,Official community discussion thread with 33 total reviews.,2026-09-11 04:23:34.437000
460873822,Reader_Community,3.94,Official community discussion thread with 1 total reviews.,2026-09-11 04:23:34.437000
156280135X,Reader_Community,3.74,Official community discussion thread with 1 total reviews.,2026-09-11 04:23:34.437000
034546141X,Reader_Community,4.11,Official community discussion thread with 390 total reviews.,2026-09-11 04:23:34.437000
345464885,Reader_Community,4.11,Official community discussion thread with 59 total reviews.,2026-09-11 04:23:34.437000
345427548,Reader_Community,4.18,Official community discussion thread with 383 total reviews.,2026-09-11 04:23:34.437000
345427513,Reader_Community,4.14,Official community discussion thread with 18 total reviews.,2026-09-11 04:23:34.437000
345434811,Reader_Community,4.24,Official community discussion thread with 314 total reviews.,2026-09-11 04:23:34.437000
465015220,Reader_Community,4.02,Official community discussion thread with 29 total reviews.,2026-09-11 04:23:34.437000
679740589,Reader_Community,4.27,Official community discussion thread with 90 total reviews.,2026-09-11 04:23:34.437000
679765840,Reader_Community,4.21,Official community discussion thread with 52 total reviews.,2026-09-11 04:23:34.437000
60976098,Reader_Community,3.54,Official community discussion thread with 116 total reviews.,2026-09-11 04:23:34.437000
99427869,Reader_Community,4.15,Official community discussion thread with 1906 total reviews.,2026-09-11 04:23:34.437000
385319274,Reader_Community,3.93,Official community discussion thread with 83 total reviews.,2026-09-11 04:23:34.438000
385315287,Reader_Community,3.79,Official community discussion thread with 54 total reviews.,2026-09-11 04:23:34.438000
330304216,Reader_Community,3.79,Official community discussion thread with 44 total reviews.,2026-09-11 04:23:34.438000
449702022,Reader_Community,4.25,Official community discussion thread with 18 total reviews.,2026-09-11 04:23:34.438000
141441127,Reader_Community,3.45,Official community discussion thread with 53 total reviews.,2026-09-11 04:23:34.438000
786407808,Reader_Community,3.82,Official community discussion thread with 1 total reviews.,2026-09-11 04:23:34.438000
141441046,Reader_Community,3.61,Official community discussion thread with 43 total reviews.,2026-09-11 04:23:34.438000
972851720,Reader_Community,3.4,Official community discussion thread with 3 total reviews.,2026-09-11 04:23:34.438000
706425618,Reader_Community,4.14,Official community discussion thread with 3 total reviews.,2026-09-11 04:23:34.438000
517436329,Reader_Community,3.94,Official community discussion thread with 1 total reviews.,2026-09-11 04:23:34.438000
553214322,Reader_Community,3.73,Official community discussion thread with 2443 total reviews.,2026-09-11 04:23:34.438000
195108965,Reader_Community,3.83,Official community discussion thread with 1 total reviews.,2026-09-11 04:23:34.438000
674940520,Reader_Community,4.01,Official community discussion thread with 26 total reviews.,2026-09-11 04:23:34.438000
1931082006,Reader_Community,4.39,Official community discussion thread with 30 total reviews.,2026-09-11 04:23:34.438000
752865331,Reader_Community,3.91,Official community discussion thread with 2997 total reviews.,2026-09-11 04:23:34.438000
972589813,Reader_Community,3.98,Official community discussion thread with 37 total reviews.,2026-09-11 04:23:34.438000
752851802,Reader_Community,3.83,Official community discussion thread with 268 total reviews.,2026-09-11 04:23:34.438000
679722599,Reader_Community,4.18,Official community discussion thread with 83 total reviews.,2026-09-11 04:23:34.438000
752852612,Reader_Community,3.97,Official community discussion thread with 870 total reviews.,2026-09-11 04:23:34.438000
038541627X,Reader_Community,4.36,Official community discussion thread with 115 total reviews.,2026-09-11 04:23:34.438000
2290315524,Reader_Community,3.79,Official community discussion thread with 3 total reviews.,2026-09-11 04:23:34.438000
60923318,Reader_Community,4.01,Official community discussion thread with 34 total reviews.,2026-09-11 04:23:34.438000
689848374,Reader_Community,4.34,Official community discussion thread with 139 total reviews.,2026-09-11 04:23:34.438000
441203981,Reader_Community,3.89,Official community discussion thread with 682 total reviews.,2026-09-11 04:23:34.438000
778320898,Reader_Community,3.98,Official community discussion thread with 66 total reviews.,2026-09-11 04:23:34.438000
226500667,Reader_Community,4.18,Official community discussion thread with 1147 total reviews.,2026-09-11 04:23:34.438000
226500624,Reader_Community,4.08,Official community discussion thread with 386 total reviews.,2026-09-11 04:23:34.438000
807085731,Reader_Community,3.94,Official community discussion thread with 82 total reviews.,2026-09-11 04:23:34.439000
801489784,Reader_Community,3.8,Official community discussion thread with 15 total reviews.,2026-09-11 04:23:34.439000
785263780,Reader_Community,4.09,Official community discussion thread with 104 total reviews.,2026-09-11 04:23:34.439000
224060872,Reader_Community,3.72,Official community discussion thread with 42 total reviews.,2026-09-11 04:23:34.439000
158240612X,Reader_Community,4.29,Official community discussion thread with 841 total reviews.,2026-09-11 04:23:34.439000
1401359345,Reader_Community,3.86,Official community discussion thread with 272 total reviews.,2026-09-11 04:23:34.439000
345486587,Reader_Community,3.93,Official community discussion thread with 301 total reviews.,2026-09-11 04:23:34.439000
446576980,Reader_Community,4.13,Official community discussion thread with 947 total reviews.,2026-09-11 04:23:34.439000
1582404879,Reader_Community,4.3,Official community discussion thread with 1020 total reviews.,2026-09-11 04:23:34.439000
1582406197,Reader_Community,4.35,Official community discussion thread with 1346 total reviews.,2026-09-11 04:23:34.439000
1400095956,Reader_Community,3.67,Official community discussion thread with 1576 total reviews.,2026-09-11 04:23:34.439000
1401917178,Reader_Community,4.11,Official community discussion thread with 14 total reviews.,2026-09-11 04:23:34.439000
349102503,Reader_Community,3.87,Official community discussion thread with 8 total reviews.,2026-09-11 04:23:34.439000
446617458,Reader_Community,3.88,Official community discussion thread with 8 total reviews.,2026-09-11 04:23:34.439000
1563895161,Reader_Community,3.94,Official community discussion thread with 10 total reviews.,2026-09-11 04:23:34.439000
446691402,Reader_Community,3.65,Official community discussion thread with 64 total reviews.,2026-09-11 04:23:34.439000
1565041917,Reader_Community,3.95,Official community discussion thread with 40 total reviews.,2026-09-11 04:23:34.439000
140286373,Reader_Community,3.54,Official community discussion thread with 103 total reviews.,2026-09-11 04:23:34.439000
679722564,Reader_Community,3.77,Official community discussion thread with 322 total reviews.,2026-09-11 04:23:34.439000
1590170784,Reader_Community,3.29,Official community discussion thread with 7 total reviews.,2026-09-11 04:23:34.439000
895260786,Reader_Community,4.13,Official community discussion thread with 362 total reviews.,2026-09-11 04:23:34.439000
60572345,Reader_Community,4.3,Official community discussion thread with 179 total reviews.,2026-09-11 04:23:34.439000
60513063,Reader_Community,4.34,Official community discussion thread with 2567 total reviews.,2026-09-11 04:23:34.439000
60256710,Reader_Community,4.28,Official community discussion thread with 746 total reviews.,2026-09-11 04:23:34.439000
60256575,Reader_Community,4.34,Official community discussion thread with 505 total reviews.,2026-09-11 04:23:34.439000
60256753,Reader_Community,4.15,Official community discussion thread with 307 total reviews.,2026-09-11 04:23:34.439000
66236177,Reader_Community,4.34,Official community discussion thread with 21 total reviews.,2026-09-11 04:23:34.439000
61130478,Reader_Community,4.12,Official community discussion thread with 6 total reviews.,2026-09-11 04:23:34.440000
887782719X,Reader_Community,4.37,Official community discussion thread with 7 total reviews.,2026-09-11 04:23:34.440000
425205517,Reader_Community,4.2,Official community discussion thread with 34 total reviews.,2026-09-11 04:23:34.440000
451206126,Reader_Community,3.83,Official community discussion thread with 19 total reviews.,2026-09-11 04:23:34.440000
399154248,Reader_Community,4.05,Official community discussion thread with 376 total reviews.,2026-09-11 04:23:34.440000
515118362,Reader_Community,3.88,Official community discussion thread with 42 total reviews.,2026-09-11 04:23:34.440000
1597221104,Reader_Community,3.82,Official community discussion thread with 18 total reviews.,2026-09-11 04:23:34.440000
1597221287,Reader_Community,3.88,Official community discussion thread with 5 total reviews.,2026-09-11 04:23:34.440000
312360266,Reader_Community,3.8,Official community discussion thread with 12748 total reviews.,2026-09-11 04:23:34.440000
037380251X,Reader_Community,4.1,Official community discussion thread with 209 total reviews.,2026-09-11 04:23:34.440000
373802471,Reader_Community,4.09,Official community discussion thread with 452 total reviews.,2026-09-11 04:23:34.440000
373802447,Reader_Community,4.11,Official community discussion thread with 294 total reviews.,2026-09-11 04:23:34.440000
425201961,Reader_Community,4.04,Official community discussion thread with 213 total reviews.,2026-09-11 04:23:34.440000
373802420,Reader_Community,4.14,Official community discussion thread with 107 total reviews.,2026-09-11 04:23:34.440000
425208915,Reader_Community,4.14,Official community discussion thread with 248 total reviews.,2026-09-11 04:23:34.440000
425197492,Reader_Community,4.21,Official community discussion thread with 446 total reviews.,2026-09-11 04:23:34.440000
425192792,Reader_Community,3.87,Official community discussion thread with 439 total reviews.,2026-09-11 04:23:34.440000
425211061,Reader_Community,3.73,Official community discussion thread with 96 total reviews.,2026-09-11 04:23:34.440000
373802137,Reader_Community,4.03,Official community discussion thread with 141 total reviews.,2026-09-11 04:23:34.440000
1401210619,Reader_Community,3.32,Official community discussion thread with 52 total reviews.,2026-09-11 04:23:34.440000
312339011,Reader_Community,3.88,Official community discussion thread with 49 total reviews.,2026-09-11 04:23:34.441000
445405562,Reader_Community,3.95,Official community discussion thread with 17 total reviews.,2026-09-11 04:23:34.441000
1560971169,Reader_Community,4.06,Official community discussion thread with 280 total reviews.,2026-09-11 04:23:34.441000
425215288,Reader_Community,4.06,Official community discussion thread with 196 total reviews.,2026-09-11 04:23:34.441000
345443586,Reader_Community,4.04,Official community discussion thread with 421 total reviews.,2026-09-11 04:23:34.441000
425217248,Reader_Community,3.92,Official community discussion thread with 785 total reviews.,2026-09-11 04:23:34.441000
345443608,Reader_Community,4.07,Official community discussion thread with 442 total reviews.,2026-09-11 04:23:34.441000
425207978,Reader_Community,3.82,Official community discussion thread with 52 total reviews.,2026-09-11 04:23:34.441000
515140872,Reader_Community,3.63,Official community discussion thread with 868 total reviews.,2026-09-11 04:23:34.441000
786941227,Reader_Community,3.43,Official community discussion thread with 113 total reviews.,2026-09-11 04:23:34.441000
515136174,Reader_Community,4.54,Official community discussion thread with 36 total reviews.,2026-09-11 04:23:34.441000
1569709068,Reader_Community,4.18,Official community discussion thread with 8 total reviews.,2026-09-11 04:23:34.441000
156970905X,Reader_Community,4.21,Official community discussion thread with 6 total reviews.,2026-09-11 04:23:34.441000
1569709076,Reader_Community,4.07,Official community discussion thread with 31 total reviews.,2026-09-11 04:23:34.441000
679888098,Reader_Community,4.03,Official community discussion thread with 6 total reviews.,2026-09-11 04:23:34.441000
345478169,Reader_Community,4.06,Official community discussion thread with 596 total reviews.,2026-09-11 04:23:34.441000
425205673,Reader_Community,4.11,Official community discussion thread with 959 total reviews.,2026-09-11 04:23:34.441000
515134473,Reader_Community,4.08,Official community discussion thread with 832 total reviews.,2026-09-11 04:23:34.441000
553816322,Reader_Community,4.06,Official community discussion thread with 404 total reviews.,2026-09-11 04:23:34.441000
425209067,Reader_Community,4.13,Official community discussion thread with 946 total reviews.,2026-09-11 04:23:34.441000
515136816,Reader_Community,3.85,Official community discussion thread with 731 total reviews.,2026-09-11 04:23:34.441000
515134457,Reader_Community,4.05,Official community discussion thread with 835 total reviews.,2026-09-11 04:23:34.441000
031235360X,Reader_Community,3.96,Official community discussion thread with 137 total reviews.,2026-09-11 04:23:34.442000
515133876,Reader_Community,3.9,Official community discussion thread with 998 total reviews.,2026-09-11 04:23:34.442000
1421505606,Reader_Community,4.23,Official community discussion thread with 7 total reviews.,2026-09-11 04:23:34.442000
1421505622,Reader_Community,4.24,Official community discussion thread with 4 total reviews.,2026-09-11 04:23:34.442000
1591164494,Reader_Community,4.14,Official community discussion thread with 11 total reviews.,2026-09-11 04:23:34.442000
71391401,Reader_Community,4.35,Official community discussion thread with 4 total reviews.,2026-09-11 04:23:34.442000
60788380,Reader_Community,4.33,Official community discussion thread with 1104 total reviews.,2026-09-11 04:23:34.442000
60788194,Reader_Community,4.29,Official community discussion thread with 1109 total reviews.,2026-09-11 04:23:34.442000
60572973,Reader_Community,4.26,Official community discussion thread with 1602 total reviews.,2026-09-11 04:23:34.442000
006057299X,Reader_Community,4.29,Official community discussion thread with 1213 total reviews.,2026-09-11 04:23:34.442000
60572965,Reader_Community,4.04,Official community discussion thread with 4091 total reviews.,2026-09-11 04:23:34.442000
006085409X,Reader_Community,3.78,Official community discussion thread with 309 total reviews.,2026-09-11 04:23:34.442000
515139750,Reader_Community,3.79,Official community discussion thread with 831 total reviews.,2026-09-11 04:23:34.442000
425201376,Reader_Community,4.12,Official community discussion thread with 962 total reviews.,2026-09-11 04:23:34.442000
425201392,Reader_Community,4.17,Official community discussion thread with 1121 total reviews.,2026-09-11 04:23:34.442000
051513970X,Reader_Community,3.77,Official community discussion thread with 424 total reviews.,2026-09-11 04:23:34.442000
515131091,Reader_Community,4.07,Official community discussion thread with 111 total reviews.,2026-09-11 04:23:34.442000
425197549,Reader_Community,4.02,Official community discussion thread with 4037 total reviews.,2026-09-11 04:23:34.442000
515138150,Reader_Community,3.82,Official community discussion thread with 188 total reviews.,2026-09-11 04:23:34.442000
785127232,Reader_Community,4.17,Official community discussion thread with 250 total reviews.,2026-09-11 04:23:34.442000
140449140,Reader_Community,3.94,Official community discussion thread with 2013 total reviews.,2026-09-11 04:23:34.443000
465069347,Reader_Community,3.94,Official community discussion thread with 125 total reviews.,2026-09-11 04:23:34.443000
872206335,Reader_Community,4.13,Official community discussion thread with 227 total reviews.,2026-09-11 04:23:34.443000
60931361,Reader_Community,3.41,Official community discussion thread with 67 total reviews.,2026-09-11 04:23:34.443000
872207366,Reader_Community,3.94,Official community discussion thread with 41 total reviews.,2026-09-11 04:23:34.443000
226042758,Reader_Community,4.04,Official community discussion thread with 32 total reviews.,2026-09-11 04:23:34.443000
140446168,Reader_Community,4.04,Official community discussion thread with 10 total reviews.,2026-09-11 04:23:34.443000
140449280,Reader_Community,4.08,Official community discussion thread with 111 total reviews.,2026-09-11 04:23:34.443000
1933440171,Reader_Community,4.34,Official community discussion thread with 9 total reviews.,2026-09-11 04:23:34.443000
193344018X,Reader_Community,4.36,Official community discussion thread with 9 total reviews.,2026-09-11 04:23:34.443000
60667419,Reader_Community,4.26,Official community discussion thread with 8 total reviews.,2026-09-11 04:23:34.443000
1933440198,Reader_Community,4.33,Official community discussion thread with 7 total reviews.,2026-09-11 04:23:34.443000
192839659,Reader_Community,4.12,Official community discussion thread with 50 total reviews.,2026-09-11 04:23:34.443000
440228166,Reader_Community,3.87,Official community discussion thread with 508 total reviews.,2026-09-11 04:23:34.443000
044023803X,Reader_Community,4.15,Official community discussion thread with 829 total reviews.,2026-09-11 04:23:34.443000
440228840,Reader_Community,4.04,Official community discussion thread with 390 total reviews.,2026-09-11 04:23:34.443000
440229405,Reader_Community,4.03,Official community discussion thread with 254 total reviews.,2026-09-11 04:23:34.443000
440237971,Reader_Community,4.02,Official community discussion thread with 177 total reviews.,2026-09-11 04:23:34.443000
520024273,Reader_Community,4.37,Official community discussion thread with 29 total reviews.,2026-09-11 04:23:34.443000
1416532358,Reader_Community,3.97,Official community discussion thread with 544 total reviews.,2026-09-11 04:23:34.443000
446618675,Reader_Community,4.04,Official community discussion thread with 523 total reviews.,2026-09-11 04:23:34.443000
055329783X,Reader_Community,3.55,Official community discussion thread with 203 total reviews.,2026-09-11 04:23:34.443000
446600342,Reader_Community,3.97,Official community discussion thread with 230 total reviews.,2026-09-11 04:23:34.443000
553290851,Reader_Community,3.63,Official community discussion thread with 79 total reviews.,2026-09-11 04:23:34.444000
778321584,Reader_Community,3.76,Official community discussion thread with 143 total reviews.,2026-09-11 04:23:34.444000
553576003,Reader_Community,3.62,Official community discussion thread with 74 total reviews.,2026-09-11 04:23:34.444000
077832284X,Reader_Community,3.66,Official community discussion thread with 32 total reviews.,2026-09-11 04:23:34.444000
446616834,Reader_Community,3.64,Official community discussion thread with 90 total reviews.,2026-09-11 04:23:34.444000
446614165,Reader_Community,3.56,Official community discussion thread with 136 total reviews.,2026-09-11 04:23:34.444000
778324311,Reader_Community,3.7,Official community discussion thread with 142 total reviews.,2026-09-11 04:23:34.444000
044661291X,Reader_Community,3.49,Official community discussion thread with 95 total reviews.,2026-09-11 04:23:34.444000
446601853,Reader_Community,3.94,Official community discussion thread with 250 total reviews.,2026-09-11 04:23:34.444000
446604232,Reader_Community,3.97,Official community discussion thread with 342 total reviews.,2026-09-11 04:23:34.444000
553576011,Reader_Community,3.56,Official community discussion thread with 80 total reviews.,2026-09-11 04:23:34.444000
1551666723,Reader_Community,3.62,Official community discussion thread with 56 total reviews.,2026-09-11 04:23:34.445000
553571575,Reader_Community,3.54,Official community discussion thread with 58 total reviews.,2026-09-11 04:23:34.445000
9792234799,Reader_Community,3.44,Official community discussion thread with 49 total reviews.,2026-09-11 04:23:34.445000
553576054,Reader_Community,3.51,Official community discussion thread with 96 total reviews.,2026-09-11 04:23:34.445000
553295004,Reader_Community,4.02,Official community discussion thread with 195 total reviews.,2026-09-11 04:23:34.445000
553804081,Reader_Community,3.45,Official community discussion thread with 80 total reviews.,2026-09-11 04:23:34.445000
446612618,Reader_Community,3.47,Official community discussion thread with 164 total reviews.,2026-09-11 04:23:34.445000
553567683,Reader_Community,3.74,Official community discussion thread with 94 total reviews.,2026-09-11 04:23:34.445000
446603104,Reader_Community,3.56,Official community discussion thread with 116 total reviews.,2026-09-11 04:23:34.445000
446364290,Reader_Community,3.58,Official community discussion thread with 60 total reviews.,2026-09-11 04:23:34.445000
155166531X,Reader_Community,3.78,Official community discussion thread with 75 total reviews.,2026-09-11 04:23:34.445000
446533289,Reader_Community,3.77,Official community discussion thread with 298 total reviews.,2026-09-11 04:23:34.445000
1551666014,Reader_Community,3.71,Official community discussion thread with 69 total reviews.,2026-09-11 04:23:34.445000
446603082,Reader_Community,3.59,Official community discussion thread with 86 total reviews.,2026-09-11 04:23:34.445000
553576070,Reader_Community,3.35,Official community discussion thread with 144 total reviews.,2026-09-11 04:23:34.445000
553571583,Reader_Community,3.54,Official community discussion thread with 6 total reviews.,2026-09-11 04:23:34.446000
077832026X,Reader_Community,3.73,Official community discussion thread with 87 total reviews.,2026-09-11 04:23:34.446000
553562746,Reader_Community,3.62,Official community discussion thread with 63 total reviews.,2026-09-11 04:23:34.446000
515068705,Reader_Community,3.63,Official community discussion thread with 4 total reviews.,2026-09-11 04:23:34.446000
553576062,Reader_Community,3.59,Official community discussion thread with 138 total reviews.,2026-09-11 04:23:34.446000
517077744,Reader_Community,4.21,Official community discussion thread with 5 total reviews.,2026-09-11 04:23:34.446000
1551667932,Reader_Community,3.78,Official community discussion thread with 9 total reviews.,2026-09-11 04:23:34.446000
749932554,Reader_Community,3.92,Official community discussion thread with 478 total reviews.,2026-09-11 04:23:34.446000
743289358,Reader_Community,3.92,Official community discussion thread with 627 total reviews.,2026-09-11 04:23:34.446000
1551660954,Reader_Community,3.66,Official community discussion thread with 2 total reviews.,2026-09-11 04:23:34.446000
385424701,Reader_Community,4.29,Official community discussion thread with 39 total reviews.,2026-09-11 04:23:34.446000
446616818,Reader_Community,3.48,Official community discussion thread with 57 total reviews.,2026-09-11 04:23:34.446000
553569694,Reader_Community,3.45,Official community discussion thread with 11 total reviews.,2026-09-11 04:23:34.446000
1400001048,Reader_Community,3.98,Official community discussion thread with 1 total reviews.,2026-09-11 04:23:34.446000
553218360,Reader_Community,3.62,Official community discussion thread with 1 total reviews.,2026-09-11 04:23:34.446000
8401505534,Reader_Community,3.94,Official community discussion thread with 8 total reviews.,2026-09-11 04:23:34.447000
3442354994,Reader_Community,3.6,Official community discussion thread with 1 total reviews.,2026-09-11 04:23:34.447000
684867486,Reader_Community,4.23,Official community discussion thread with 151 total reviews.,2026-09-11 04:23:34.447000
140447571,Reader_Community,3.55,Official community discussion thread with 2716 total reviews.,2026-09-11 04:23:34.447000
486424650,Reader_Community,3.85,Official community discussion thread with 18 total reviews.,2026-09-11 04:23:34.447000
312157118,Reader_Community,3.55,Official community discussion thread with 5 total reviews.,2026-09-11 04:23:34.447000
1931859256,Reader_Community,3.55,Official community discussion thread with 20 total reviews.,2026-09-11 04:23:34.447000
1599869950,Reader_Community,3.55,Official community discussion thread with 18 total reviews.,2026-09-11 04:23:34.447000
717802418,Reader_Community,3.55,Official community discussion thread with 55 total reviews.,2026-09-11 04:23:34.447000
014303751X,Reader_Community,3.55,Official community discussion thread with 13 total reviews.,2026-09-11 04:23:34.447000
670038164,Reader_Community,3.78,Official community discussion thread with 186 total reviews.,2026-09-11 04:23:34.447000
2264022442,Reader_Community,3.76,Official community discussion thread with 586 total reviews.,2026-09-11 04:23:34.447000
1840466723,Reader_Community,3.58,Official community discussion thread with 9 total reviews.,2026-09-11 04:23:34.447000
041537846X,Reader_Community,3.79,Official community discussion thread with 11 total reviews.,2026-09-11 04:23:34.447000
60520590,Reader_Community,4.11,Official community discussion thread with 16 total reviews.,2026-09-11 04:23:34.447000
786169427,Reader_Community,3.86,Official community discussion thread with 4 total reviews.,2026-09-11 04:23:34.448000
520240782,Reader_Community,3.64,Official community discussion thread with 24 total reviews.,2026-09-11 04:23:34.448000
192835807,Reader_Community,3.76,Official community discussion thread with 54 total reviews.,2026-09-11 04:23:34.448000
1555974325,Reader_Community,3.8,Official community discussion thread with 22 total reviews.,2026-09-11 04:23:34.448000
1581150377,Reader_Community,3.56,Official community discussion thread with 5 total reviews.,2026-09-11 04:23:34.448000
822316412,Reader_Community,3.81,Official community discussion thread with 18 total reviews.,2026-09-11 04:23:34.448000
295979259,Reader_Community,3.72,Official community discussion thread with 22 total reviews.,2026-09-11 04:23:34.448000
465030505,Reader_Community,3.93,Official community discussion thread with 188 total reviews.,2026-09-11 04:23:34.448000
141187395,Reader_Community,4.12,Official community discussion thread with 255 total reviews.,2026-09-11 04:23:34.448000
929587782,Reader_Community,3.76,Official community discussion thread with 197 total reviews.,2026-09-11 04:23:34.448000
1566633222,Reader_Community,4.33,Official community discussion thread with 2 total reviews.,2026-09-11 04:23:34.448000
014005958X,Reader_Community,4.01,Official community discussion thread with 29 total reviews.,2026-09-11 04:23:34.448000
156663394X,Reader_Community,4.29,Official community discussion thread with 2 total reviews.,2026-09-11 04:23:34.448000
1566631270,Reader_Community,3.23,Official community discussion thread with 63 total reviews.,2026-09-11 04:23:34.448000
938497154,Reader_Community,3.77,Official community discussion thread with 3 total reviews.,2026-09-11 04:23:34.448000
679601635,Reader_Community,4.21,Official community discussion thread with 10 total reviews.,2026-09-11 04:23:34.448000
014118454X,Reader_Community,3.92,Official community discussion thread with 23 total reviews.,2026-09-11 04:23:34.449000
375507159,Reader_Community,3.73,Official community discussion thread with 12 total reviews.,2026-09-11 04:23:34.449000
767908201,Reader_Community,3.83,Official community discussion thread with 25 total reviews.,2026-09-11 04:23:34.449000
1590175867,Reader_Community,4.24,Official community discussion thread with 5 total reviews.,2026-09-11 04:23:34.449000
395419182,Reader_Community,4.25,Official community discussion thread with 1 total reviews.,2026-09-11 04:23:34.449000
1400041988,Reader_Community,3.9,Official community discussion thread with 848 total reviews.,2026-09-11 04:23:34.449000
451527887,Reader_Community,4.0,Official community discussion thread with 2558 total reviews.,2026-09-11 04:23:34.449000
034547242X,Reader_Community,4.0,Official community discussion thread with 22 total reviews.,2026-09-11 04:23:34.449000
078686334X,Reader_Community,4.44,Official community discussion thread with 1 total reviews.,2026-09-11 04:23:34.449000
807066818,Reader_Community,3.9,Official community discussion thread with 15 total reviews.,2026-09-11 04:23:34.449000
60652853,Reader_Community,4.32,Official community discussion thread with 27 total reviews.,2026-09-11 04:23:34.449000
898709792,Reader_Community,3.88,Official community discussion thread with 17 total reviews.,2026-09-11 04:23:34.449000
60727632,Reader_Community,4.36,Official community discussion thread with 21 total reviews.,2026-09-11 04:23:34.449000
805420436,Reader_Community,4.19,Official community discussion thread with 134 total reviews.,2026-09-11 04:23:34.449000
006114004X,Reader_Community,4.22,Official community discussion thread with 54 total reviews.,2026-09-11 04:23:34.449000
6280897,Reader_Community,4.14,Official community discussion thread with 1084 total reviews.,2026-09-11 04:23:34.449000
60761539,Reader_Community,4.24,Official community discussion thread with 73 total reviews.,2026-09-11 04:23:34.450000
786174366,Reader_Community,4.32,Official community discussion thread with 6 total reviews.,2026-09-11 04:23:34.450000
826411320,Reader_Community,4.12,Official community discussion thread with 16 total reviews.,2026-09-11 04:23:34.450000
082641897X,Reader_Community,4.07,Official community discussion thread with 20 total reviews.,2026-09-11 04:23:34.450000
4990327500,Reader_Community,1.67,Official community discussion thread with 2 total reviews.,2026-09-11 04:23:34.450000
826477917,Reader_Community,4.02,Official community discussion thread with 36 total reviews.,2026-09-11 04:23:34.450000
872201929,Reader_Community,3.71,Official community discussion thread with 353 total reviews.,2026-09-11 04:23:34.450000
140449337,Reader_Community,4.23,Official community discussion thread with 3206 total reviews.,2026-09-11 04:23:34.450000
140192468,Reader_Community,4.25,Official community discussion thread with 67 total reviews.,2026-09-11 04:23:34.450000
1416540261,Reader_Community,4.04,Official community discussion thread with 161 total reviews.,2026-09-11 04:23:34.450000
330250698,Reader_Community,3.93,Official community discussion thread with 3 total reviews.,2026-09-11 04:23:34.450000
140191917,Reader_Community,4.26,Official community discussion thread with 24 total reviews.,2026-09-11 04:23:34.450000
140191925,Reader_Community,4.0,Official community discussion thread with 33 total reviews.,2026-09-11 04:23:34.450000
394718232,Reader_Community,3.79,Official community discussion thread with 16 total reviews.,2026-09-11 04:23:34.451000
99490684,Reader_Community,4.31,Official community discussion thread with 16 total reviews.,2026-09-11 04:23:34.451000
385722370,Reader_Community,2.86,Official community discussion thread with 490 total reviews.,2026-09-11 04:23:34.451000
385497091,Reader_Community,3.44,Official community discussion thread with 111 total reviews.,2026-09-11 04:23:34.451000
64405710,Reader_Community,3.64,Official community discussion thread with 100 total reviews.,2026-09-11 04:23:34.451000
963625527,Reader_Community,4.25,Official community discussion thread with 22 total reviews.,2026-09-11 04:23:34.451000
1590302087,Reader_Community,3.93,Official community discussion thread with 36 total reviews.,2026-09-11 04:23:34.451000
141183020,Reader_Community,4.52,Official community discussion thread with 17 total reviews.,2026-09-11 04:23:34.451000
679422994,Reader_Community,4.45,Official community discussion thread with 54 total reviews.,2026-09-11 04:23:34.451000
014017897X,Reader_Community,4.16,Official community discussion thread with 72 total reviews.,2026-09-11 04:23:34.451000
1400040213,Reader_Community,4.44,Official community discussion thread with 13 total reviews.,2026-09-11 04:23:34.451000
140446044,Reader_Community,4.24,Official community discussion thread with 290 total reviews.,2026-09-11 04:23:34.451000
143036297,Reader_Community,3.73,Official community discussion thread with 6 total reviews.,2026-09-11 04:23:34.452000
1888996285,Reader_Community,3.96,Official community discussion thread with 3 total reviews.,2026-09-11 04:23:34.452000
374524920,Reader_Community,4.0,Official community discussion thread with 19 total reviews.,2026-09-11 04:23:34.452000
1593072023,Reader_Community,4.37,Official community discussion thread with 63 total reviews.,2026-09-11 04:23:34.452000
1593072597,Reader_Community,4.28,Official community discussion thread with 56 total reviews.,2026-09-11 04:23:34.452000
618446702,Reader_Community,3.78,Official community discussion thread with 353 total reviews.,2026-09-11 04:23:34.452000
618710310,Reader_Community,3.76,Official community discussion thread with 841 total reviews.,2026-09-11 04:23:34.452000
1414302681,Reader_Community,4.32,Official community discussion thread with 2 total reviews.,2026-09-11 04:23:34.452000
1414305818,Reader_Community,4.15,Official community discussion thread with 114 total reviews.,2026-09-11 04:23:34.452000
842360611,Reader_Community,3.98,Official community discussion thread with 177 total reviews.,2026-09-11 04:23:34.452000
399153896,Reader_Community,3.94,Official community discussion thread with 108 total reviews.,2026-09-11 04:23:34.452000
842384111,Reader_Community,4.24,Official community discussion thread with 40 total reviews.,2026-09-11 04:23:34.452000
1569550344,Reader_Community,4.67,Official community discussion thread with 1 total reviews.,2026-09-11 04:23:34.452000
312426119,Reader_Community,4.33,Official community discussion thread with 713 total reviews.,2026-09-11 04:23:34.453000
679721886,Reader_Community,3.73,Official community discussion thread with 1195 total reviews.,2026-09-11 04:23:34.453000
151012261,Reader_Community,3.43,Official community discussion thread with 132 total reviews.,2026-09-11 04:23:34.453000
312939507,Reader_Community,3.81,Official community discussion thread with 143 total reviews.,2026-09-11 04:23:34.453000
975306626,Reader_Community,4.38,Official community discussion thread with 65 total reviews.,2026-09-11 04:23:34.453000
679738568,Reader_Community,4.04,Official community discussion thread with 379 total reviews.,2026-09-11 04:23:34.453000
812474945,Reader_Community,3.97,Official community discussion thread with 5290 total reviews.,2026-09-11 04:23:34.453000
1400080371,Reader_Community,3.77,Official community discussion thread with 157 total reviews.,2026-09-11 04:23:34.453000
1400098041,Reader_Community,3.99,Official community discussion thread with 116 total reviews.,2026-09-11 04:23:34.453000
1400098238,Reader_Community,3.86,Official community discussion thread with 32 total reviews.,2026-09-11 04:23:34.453000
1400098025,Reader_Community,4.06,Official community discussion thread with 152 total reviews.,2026-09-11 04:23:34.453000
325008086,Reader_Community,3.5,Official community discussion thread with 2 total reviews.,2026-09-11 04:23:34.453000
1400071577,Reader_Community,3.61,Official community discussion thread with 53 total reviews.,2026-09-11 04:23:34.453000
316926345,Reader_Community,4.0,Official community discussion thread with 3083 total reviews.,2026-09-11 04:23:34.453000
316917338,Reader_Community,3.76,Official community discussion thread with 132 total reviews.,2026-09-11 04:23:34.454000
316926604,Reader_Community,3.99,Official community discussion thread with 57 total reviews.,2026-09-11 04:23:34.454000
082942122X,Reader_Community,3.6,Official community discussion thread with 82 total reviews.,2026-09-11 04:23:34.454000
60677015,Reader_Community,4.04,Official community discussion thread with 151 total reviews.,2026-09-11 04:23:34.454000
691027498,Reader_Community,4.04,Official community discussion thread with 5 total reviews.,2026-09-11 04:23:34.454000
744004292,Reader_Community,4.04,Official community discussion thread with 5 total reviews.,2026-09-11 04:23:34.454000
014303748X,Reader_Community,4.07,Official community discussion thread with 164 total reviews.,2026-09-11 04:23:34.454000
014303460X,Reader_Community,4.03,Official community discussion thread with 194 total reviews.,2026-09-11 04:23:34.454000
142004456,Reader_Community,4.03,Official community discussion thread with 254 total reviews.,2026-09-11 04:23:34.454000
870700162,Reader_Community,4.22,Official community discussion thread with 4 total reviews.,2026-09-11 04:23:34.454000
743471326,Reader_Community,3.95,Official community discussion thread with 16 total reviews.,2026-09-11 04:23:34.454000
743426916,Reader_Community,3.67,Official community discussion thread with 18 total reviews.,2026-09-11 04:23:34.454000
067104155X,Reader_Community,3.77,Official community discussion thread with 68 total reviews.,2026-09-11 04:23:34.454000
743426924,Reader_Community,3.93,Official community discussion thread with 24 total reviews.,2026-09-11 04:23:34.454000
743471237,Reader_Community,3.86,Official community discussion thread with 31 total reviews.,2026-09-11 04:23:34.454000
1594970009,Reader_Community,3.84,Official community discussion thread with 2 total reviews.,2026-09-11 04:23:34.455000
744001056,Reader_Community,3.81,Official community discussion thread with 4 total reviews.,2026-09-11 04:23:34.455000
8437604826,Reader_Community,3.06,Official community discussion thread with 2 total reviews.,2026-09-11 04:23:34.455000
9580408556,Reader_Community,3.74,Official community discussion thread with 2 total reviews.,2026-09-11 04:23:34.455000
1595322329,Reader_Community,3.46,Official community discussion thread with 9 total reviews.,2026-09-11 04:23:34.455000
1740599241,Reader_Community,4.05,Official community discussion thread with 20 total reviews.,2026-09-11 04:23:34.455000
810992590,Reader_Community,4.11,Official community discussion thread with 32 total reviews.,2026-09-11 04:23:34.455000
1565840399,Reader_Community,4.34,Official community discussion thread with 87 total reviews.,2026-09-11 04:23:34.455000
1933633107,Reader_Community,3.59,Official community discussion thread with 191 total reviews.,2026-09-11 04:23:34.455000
151012113,Reader_Community,3.74,Official community discussion thread with 47 total reviews.,2026-09-11 04:23:34.455000
345477146,Reader_Community,4.33,Official community discussion thread with 132 total reviews.,2026-09-11 04:23:34.455000
802132138,Reader_Community,4.46,Official community discussion thread with 69 total reviews.,2026-09-11 04:23:34.455000
883448246,Reader_Community,4.37,Official community discussion thread with 38 total reviews.,2026-09-11 04:23:34.455000
60955228,Reader_Community,3.79,Official community discussion thread with 837 total reviews.,2026-09-11 04:23:34.455000
521558727,Reader_Community,3.84,Official community discussion thread with 7 total reviews.,2026-09-11 04:23:34.455000
809095041,Reader_Community,3.66,Official community discussion thread with 106 total reviews.,2026-09-11 04:23:34.456000
140196099,Reader_Community,3.48,Official community discussion thread with 26 total reviews.,2026-09-11 04:23:34.456000
330412442,Reader_Community,4.07,Official community discussion thread with 1 total reviews.,2026-09-11 04:23:34.456000
743269837,Reader_Community,4.06,Official community discussion thread with 375 total reviews.,2026-09-11 04:23:34.456000
307237907,Reader_Community,4.05,Official community discussion thread with 205 total reviews.,2026-09-11 04:23:34.456000
521406773,Reader_Community,3.96,Official community discussion thread with 39 total reviews.,2026-09-11 04:23:34.456000
684849690,Reader_Community,3.8,Official community discussion thread with 299 total reviews.,2026-09-11 04:23:34.456000
739427113,Reader_Community,4.06,Official community discussion thread with 105 total reviews.,2026-09-11 04:23:34.456000
553299611,Reader_Community,3.78,Official community discussion thread with 291 total reviews.,2026-09-11 04:23:34.456000
1403356203,Reader_Community,3.58,Official community discussion thread with 5 total reviews.,2026-09-11 04:23:34.456000
670034800,Reader_Community,3.58,Official community discussion thread with 916 total reviews.,2026-09-11 04:23:34.456000
767912241,Reader_Community,3.62,Official community discussion thread with 544 total reviews.,2026-09-11 04:23:34.456000
767912276,Reader_Community,3.63,Official community discussion thread with 445 total reviews.,2026-09-11 04:23:34.456000
767905202,Reader_Community,3.45,Official community discussion thread with 832 total reviews.,2026-09-11 04:23:34.456000
141011513,Reader_Community,3.64,Official community discussion thread with 12 total reviews.,2026-09-11 04:23:34.456000
140295941,Reader_Community,3.63,Official community discussion thread with 30 total reviews.,2026-09-11 04:23:34.457000
767912233,Reader_Community,3.62,Official community discussion thread with 8 total reviews.,2026-09-11 04:23:34.457000
821778064,Reader_Community,3.19,Official community discussion thread with 92 total reviews.,2026-09-11 04:23:34.457000
767907809,Reader_Community,3.72,Official community discussion thread with 31 total reviews.,2026-09-11 04:23:34.457000
2857044828,Reader_Community,4.12,Official community discussion thread with 10 total reviews.,2026-09-11 04:23:34.457000
158005188X,Reader_Community,4.43,Official community discussion thread with 5 total reviews.,2026-09-11 04:23:34.457000
140280499,Reader_Community,4.07,Official community discussion thread with 612 total reviews.,2026-09-11 04:23:34.457000
1400034299,Reader_Community,3.8,Official community discussion thread with 584 total reviews.,2026-09-11 04:23:34.457000
312181108,Reader_Community,4.0,Official community discussion thread with 5954 total reviews.,2026-09-11 04:23:34.457000
878052739,Reader_Community,4.15,Official community discussion thread with 6 total reviews.,2026-09-11 04:23:34.457000
736909524,Reader_Community,3.5,Official community discussion thread with 1 total reviews.,2026-09-11 04:23:34.457000
141430577X,Reader_Community,4.11,Official community discussion thread with 107 total reviews.,2026-09-11 04:23:34.457000
842361936,Reader_Community,4.2,Official community discussion thread with 194 total reviews.,2026-09-11 04:23:34.457000
618427694,Reader_Community,2.0,Official community discussion thread with 1 total reviews.,2026-09-11 04:23:34.457000
192838059,Reader_Community,3.91,Official community discussion thread with 129 total reviews.,2026-09-11 04:23:34.457000
140432671,Reader_Community,3.86,Official community discussion thread with 7 total reviews.,2026-09-11 04:23:34.457000
1840220600,Reader_Community,4.38,Official community discussion thread with 6 total reviews.,2026-09-11 04:23:34.457000
449911721,Reader_Community,3.78,Official community discussion thread with 108 total reviews.,2026-09-11 04:23:34.458000
345477243,Reader_Community,3.52,Official community discussion thread with 1239 total reviews.,2026-09-11 04:23:34.458000
449911802,Reader_Community,3.79,Official community discussion thread with 159 total reviews.,2026-09-11 04:23:34.458000
345485599,Reader_Community,3.66,Official community discussion thread with 1140 total reviews.,2026-09-11 04:23:34.458000
449911896,Reader_Community,3.6,Official community discussion thread with 91 total reviews.,2026-09-11 04:23:34.458000
312333757,Reader_Community,3.39,Official community discussion thread with 90 total reviews.,2026-09-11 04:23:34.458000
1551521911,Reader_Community,3.9,Official community discussion thread with 166 total reviews.,2026-09-11 04:23:34.458000
1400034205,Reader_Community,4.19,Official community discussion thread with 2137 total reviews.,2026-09-11 04:23:34.458000
753821869,Reader_Community,3.79,Official community discussion thread with 4 total reviews.,2026-09-11 04:23:34.458000
1853260215,Reader_Community,3.74,Official community discussion thread with 48 total reviews.,2026-09-11 04:23:34.458000
451529790,Reader_Community,3.37,Official community discussion thread with 8 total reviews.,2026-09-11 04:23:34.458000
563504072,Reader_Community,4.37,Official community discussion thread with 1 total reviews.,2026-09-11 04:23:34.458000
446676489,Reader_Community,4.0,Official community discussion thread with 131 total reviews.,2026-09-11 04:23:34.458000
446675237,Reader_Community,4.07,Official community discussion thread with 58 total reviews.,2026-09-11 04:23:34.459000
688166253,Reader_Community,3.76,Official community discussion thread with 27 total reviews.,2026-09-11 04:23:34.459000
312989385,Reader_Community,3.86,Official community discussion thread with 259 total reviews.,2026-09-11 04:23:34.459000
312990715,Reader_Community,3.98,Official community discussion thread with 80 total reviews.,2026-09-11 04:23:34.459000
312990693,Reader_Community,3.72,Official community discussion thread with 361 total reviews.,2026-09-11 04:23:34.459000
940450828,Reader_Community,4.38,Official community discussion thread with 13 total reviews.,2026-09-11 04:23:34.459000
143037617,Reader_Community,4.01,Official community discussion thread with 2440 total reviews.,2026-09-11 04:23:34.459000
375761144,Reader_Community,4.07,Official community discussion thread with 953 total reviews.,2026-09-11 04:23:34.459000
192806947,Reader_Community,3.96,Official community discussion thread with 20 total reviews.,2026-09-11 04:23:34.459000
141439963,Reader_Community,3.99,Official community discussion thread with 1044 total reviews.,2026-09-11 04:23:34.459000
193108209X,Reader_Community,4.24,Official community discussion thread with 14 total reviews.,2026-09-11 04:23:34.459000
752858491,Reader_Community,4.05,Official community discussion thread with 702 total reviews.,2026-09-11 04:23:34.459000
312982518,Reader_Community,3.8,Official community discussion thread with 252 total reviews.,2026-09-11 04:23:34.459000
553271091,Reader_Community,3.64,Official community discussion thread with 160 total reviews.,2026-09-11 04:23:34.459000
446699071,Reader_Community,4.01,Official community discussion thread with 127 total reviews.,2026-09-11 04:23:34.460000
1593978863,Reader_Community,3.95,Official community discussion thread with 1 total reviews.,2026-09-11 04:23:34.460000
752858637,Reader_Community,3.88,Official community discussion thread with 80 total reviews.,2026-09-11 04:23:34.460000
057121150X,Reader_Community,3.56,Official community discussion thread with 103 total reviews.,2026-09-11 04:23:34.460000
1572705647,Reader_Community,3.75,Official community discussion thread with 368 total reviews.,2026-09-11 04:23:34.460000
451199928,Reader_Community,3.8,Official community discussion thread with 770 total reviews.,2026-09-11 04:23:34.460000
517035804,Reader_Community,4.39,Official community discussion thread with 6 total reviews.,2026-09-11 04:23:34.460000
451199936,Reader_Community,3.7,Official community discussion thread with 15 total reviews.,2026-09-11 04:23:34.460000
451200187,Reader_Community,3.85,Official community discussion thread with 771 total reviews.,2026-09-11 04:23:34.460000
792737369,Reader_Community,3.86,Official community discussion thread with 3 total reviews.,2026-09-11 04:23:34.460000
451201159,Reader_Community,4.05,Official community discussion thread with 55 total reviews.,2026-09-11 04:23:34.460000
6499619,Reader_Community,4.32,Official community discussion thread with 5 total reviews.,2026-09-11 04:23:34.460000
006074104X,Reader_Community,4.06,Official community discussion thread with 619 total reviews.,2026-09-11 04:23:34.460000
515141666,Reader_Community,4.15,Official community discussion thread with 576 total reviews.,2026-09-11 04:23:34.460000
1563054426,Reader_Community,4.25,Official community discussion thread with 480 total reviews.,2026-09-11 04:23:34.461000
006091646X,Reader_Community,4.07,Official community discussion thread with 185 total reviews.,2026-09-11 04:23:34.461000
553525638,Reader_Community,3.94,Official community discussion thread with 3 total reviews.,2026-09-11 04:23:34.461000
99460173,Reader_Community,3.72,Official community discussion thread with 325 total reviews.,2026-09-11 04:23:34.461000
345434803,Reader_Community,3.76,Official community discussion thread with 710 total reviews.,2026-09-11 04:23:34.461000
8466302204,Reader_Community,3.28,Official community discussion thread with 405 total reviews.,2026-09-11 04:23:34.461000
345396936,Reader_Community,3.85,Official community discussion thread with 558 total reviews.,2026-09-11 04:23:34.461000
99471434,Reader_Community,3.86,Official community discussion thread with 661 total reviews.,2026-09-11 04:23:34.461000
99271494,Reader_Community,3.89,Official community discussion thread with 436 total reviews.,2026-09-11 04:23:34.461000
312941463,Reader_Community,3.74,Official community discussion thread with 404 total reviews.,2026-09-11 04:23:34.461000
031287751X,Reader_Community,3.47,Official community discussion thread with 85 total reviews.,2026-09-11 04:23:34.461000
006109398X,Reader_Community,3.33,Official community discussion thread with 189 total reviews.,2026-09-11 04:23:34.461000
312876629,Reader_Community,3.74,Official community discussion thread with 286 total reviews.,2026-09-11 04:23:34.462000
1573456632,Reader_Community,3.87,Official community discussion thread with 133 total reviews.,2026-09-11 04:23:34.462000
425058190,Reader_Community,3.47,Official community discussion thread with 4 total reviews.,2026-09-11 04:23:34.462000
765304740,Reader_Community,3.76,Official community discussion thread with 1989 total reviews.,2026-09-11 04:23:34.462000
765308401,Reader_Community,4.01,Official community discussion thread with 121 total reviews.,2026-09-11 04:23:34.462000
158297103X,Reader_Community,3.9,Official community discussion thread with 264 total reviews.,2026-09-11 04:23:34.463000
60545623,Reader_Community,3.56,Official community discussion thread with 668 total reviews.,2026-09-11 04:23:34.463000
60545615,Reader_Community,4.04,Official community discussion thread with 529 total reviews.,2026-09-11 04:23:34.463000
553575090,Reader_Community,4.05,Official community discussion thread with 289 total reviews.,2026-09-11 04:23:34.463000
736904891,Reader_Community,4.27,Official community discussion thread with 14 total reviews.,2026-09-11 04:23:34.463000
553575104,Reader_Community,4.1,Official community discussion thread with 295 total reviews.,2026-09-11 04:23:34.463000
736904948,Reader_Community,4.15,Official community discussion thread with 1 total reviews.,2026-09-11 04:23:34.463000
736908161,Reader_Community,4.0,Official community discussion thread with 4 total reviews.,2026-09-11 04:23:34.463000
736913823,Reader_Community,4.43,Official community discussion thread with 77 total reviews.,2026-09-11 04:23:34.463000
1400065879,Reader_Community,3.72,Official community discussion thread with 6 total reviews.,2026-09-11 04:23:34.463000
736910190,Reader_Community,4.53,Official community discussion thread with 1 total reviews.,2026-09-11 04:23:34.463000
736911685,Reader_Community,4.69,Official community discussion thread with 1 total reviews.,2026-09-11 04:23:34.464000
786718617,Reader_Community,3.92,Official community discussion thread with 75 total reviews.,2026-09-11 04:23:34.464000
571205216,Reader_Community,4.31,Official community discussion thread with 9 total reviews.,2026-09-11 04:23:34.464000
571201156,Reader_Community,4.2,Official community discussion thread with 63 total reviews.,2026-09-11 04:23:34.464000
60834005,Reader_Community,4.05,Official community discussion thread with 12 total reviews.,2026-09-11 04:23:34.464000
1400054877,Reader_Community,3.55,Official community discussion thread with 77 total reviews.,2026-09-11 04:23:34.464000
758207743,Reader_Community,3.73,Official community discussion thread with 70 total reviews.,2026-09-11 04:23:34.464000
141318309,Reader_Community,3.96,Official community discussion thread with 2552 total reviews.,2026-09-11 04:23:34.464000
451528565,Reader_Community,3.94,Official community discussion thread with 33 total reviews.,2026-09-11 04:23:34.464000
141439653,Reader_Community,3.94,Official community discussion thread with 3811 total reviews.,2026-09-11 04:23:34.464000
019280149X,Reader_Community,3.94,Official community discussion thread with 17 total reviews.,2026-09-11 04:23:34.465000
140620478,Reader_Community,3.94,Official community discussion thread with 42 total reviews.,2026-09-11 04:23:34.465000
393092100,Reader_Community,3.96,Official community discussion thread with 10 total reviews.,2026-09-11 04:23:34.465000
1591024501,Reader_Community,4.35,Official community discussion thread with 144 total reviews.,2026-09-11 04:23:34.465000
380813734,Reader_Community,4.18,Official community discussion thread with 147 total reviews.,2026-09-11 04:23:34.465000
534613039,Reader_Community,3.46,Official community discussion thread with 1 total reviews.,2026-09-11 04:23:34.465000
043974685X,Reader_Community,3.79,Official community discussion thread with 59 total reviews.,2026-09-11 04:23:34.465000
439744660,Reader_Community,3.82,Official community discussion thread with 67 total reviews.,2026-09-11 04:23:34.465000
439746841,Reader_Community,3.83,Official community discussion thread with 82 total reviews.,2026-09-11 04:23:34.465000
439746868,Reader_Community,3.86,Official community discussion thread with 82 total reviews.,2026-09-11 04:23:34.465000
043973861X,Reader_Community,3.84,Official community discussion thread with 319 total reviews.,2026-09-11 04:23:34.465000
618056734,Reader_Community,4.02,Official community discussion thread with 189 total reviews.,2026-09-11 04:23:34.465000
500277591,Reader_Community,4.42,Official community discussion thread with 149 total reviews.,2026-09-11 04:23:34.465000
684839296,Reader_Community,3.91,Official community discussion thread with 293 total reviews.,2026-09-11 04:23:34.465000
451530306,Reader_Community,3.69,Official community discussion thread with 462 total reviews.,2026-09-11 04:23:34.465000
345452887,Reader_Community,4.04,Official community discussion thread with 897 total reviews.,2026-09-11 04:23:34.465000
743487745,Reader_Community,4.07,Official community discussion thread with 67 total reviews.,2026-09-11 04:23:34.466000
764228498,Reader_Community,4.19,Official community discussion thread with 311 total reviews.,2026-09-11 04:23:34.466000
451530179,Reader_Community,4.13,Official community discussion thread with 2201 total reviews.,2026-09-11 04:23:34.466000
688172172,Reader_Community,4.26,Official community discussion thread with 532 total reviews.,2026-09-11 04:23:34.466000
1579652522,Reader_Community,4.18,Official community discussion thread with 23 total reviews.,2026-09-11 04:23:34.466000
195172418,Reader_Community,3.9,Official community discussion thread with 111 total reviews.,2026-09-11 04:23:34.466000
1904920357,Reader_Community,4.15,Official community discussion thread with 29 total reviews.,2026-09-11 04:23:34.466000
446670782,Reader_Community,3.93,Official community discussion thread with 4 total reviews.,2026-09-11 04:23:34.466000
811213765,Reader_Community,4.3,Official community discussion thread with 36 total reviews.,2026-09-11 04:23:34.466000
811200914,Reader_Community,4.32,Official community discussion thread with 23 total reviews.,2026-09-11 04:23:34.466000
807062138,Reader_Community,4.34,Official community discussion thread with 8 total reviews.,2026-09-11 04:23:34.466000
691017387,Reader_Community,4.38,Official community discussion thread with 2 total reviews.,2026-09-11 04:23:34.466000
061861169X,Reader_Community,4.3,Official community discussion thread with 13 total reviews.,2026-09-11 04:23:34.466000
061847790X,Reader_Community,3.62,Official community discussion thread with 7 total reviews.,2026-09-11 04:23:34.466000
425198731,Reader_Community,3.77,Official community discussion thread with 732 total reviews.,2026-09-11 04:23:34.466000
486270610,Reader_Community,4.15,Official community discussion thread with 133 total reviews.,2026-09-11 04:23:34.467000
553150324,Reader_Community,4.01,Official community discussion thread with 16 total reviews.,2026-09-11 04:23:34.467000
1844164039,Reader_Community,3.97,Official community discussion thread with 67 total reviews.,2026-09-11 04:23:34.467000
1593076193,Reader_Community,3.88,Official community discussion thread with 12 total reviews.,2026-09-11 04:23:34.467000
1844164160,Reader_Community,3.77,Official community discussion thread with 37 total reviews.,2026-09-11 04:23:34.467000
141311355,Reader_Community,4.01,Official community discussion thread with 91 total reviews.,2026-09-11 04:23:34.467000
142407917,Reader_Community,4.0,Official community discussion thread with 22 total reviews.,2026-09-11 04:23:34.467000
140382976,Reader_Community,4.03,Official community discussion thread with 32 total reviews.,2026-09-11 04:23:34.467000
375724702,Reader_Community,4.14,Official community discussion thread with 115 total reviews.,2026-09-11 04:23:34.467000
192840746,Reader_Community,3.83,Official community discussion thread with 33 total reviews.,2026-09-11 04:23:34.467000
771014171,Reader_Community,3.93,Official community discussion thread with 26 total reviews.,2026-09-11 04:23:34.467000
143039504,Reader_Community,4.55,Official community discussion thread with 39 total reviews.,2026-09-11 04:23:34.467000
521498678,Reader_Community,4.09,Official community discussion thread with 21 total reviews.,2026-09-11 04:23:34.467000
075821037X,Reader_Community,3.37,Official community discussion thread with 229 total reviews.,2026-09-11 04:23:34.468000
143035169,Reader_Community,3.85,Official community discussion thread with 173 total reviews.,2026-09-11 04:23:34.468000
1840220554,Reader_Community,4.55,Official community discussion thread with 28 total reviews.,2026-09-11 04:23:34.468000
141439688,Reader_Community,4.14,Official community discussion thread with 544 total reviews.,2026-09-11 04:23:34.468000
1565120558,Reader_Community,3.89,Official community discussion thread with 88 total reviews.,2026-09-11 04:23:34.468000
553578170,Reader_Community,3.86,Official community discussion thread with 112 total reviews.,2026-09-11 04:23:34.468000
1590172191,Reader_Community,4.25,Official community discussion thread with 13 total reviews.,2026-09-11 04:23:34.468000
1400092965,Reader_Community,3.83,Official community discussion thread with 17 total reviews.,2026-09-11 04:23:34.468000
047119705X,Reader_Community,4.17,Official community discussion thread with 28 total reviews.,2026-09-11 04:23:34.468000
9681317084,Reader_Community,3.9,Official community discussion thread with 7 total reviews.,2026-09-11 04:23:34.468000
067972205X,Reader_Community,3.78,Official community discussion thread with 44 total reviews.,2026-09-11 04:23:34.468000
9875801445,Reader_Community,4.32,Official community discussion thread with 4 total reviews.,2026-09-11 04:23:34.468000
3150071232,Reader_Community,4.11,Official community discussion thread with 4 total reviews.,2026-09-11 04:23:34.469000
231138768,Reader_Community,4.17,Official community discussion thread with 1 total reviews.,2026-09-11 04:23:34.469000
394704371,Reader_Community,4.05,Official community discussion thread with 132 total reviews.,2026-09-11 04:23:34.469000
671739166,Reader_Community,4.12,Official community discussion thread with 550 total reviews.,2026-09-11 04:23:34.469000
199264791,Reader_Community,4.15,Official community discussion thread with 3 total reviews.,2026-09-11 04:23:34.469000
1405161604,Reader_Community,3.43,Official community discussion thread with 37 total reviews.,2026-09-11 04:23:34.469000
812695739,Reader_Community,3.87,Official community discussion thread with 38 total reviews.,2026-09-11 04:23:34.469000
812694333,Reader_Community,3.47,Official community discussion thread with 135 total reviews.,2026-09-11 04:23:34.469000
764551531,Reader_Community,3.65,Official community discussion thread with 47 total reviews.,2026-09-11 04:23:34.469000
156717204,Reader_Community,3.74,Official community discussion thread with 402 total reviews.,2026-09-11 04:23:34.469000
812694554,Reader_Community,4.48,Official community discussion thread with 78 total reviews.,2026-09-11 04:23:34.469000
534543642,Reader_Community,3.94,Official community discussion thread with 7 total reviews.,2026-09-11 04:23:34.469000
826468950,Reader_Community,4.1,Official community discussion thread with 4 total reviews.,2026-09-11 04:23:34.469000
631186271,Reader_Community,4.04,Official community discussion thread with 7 total reviews.,2026-09-11 04:23:34.469000
812695836,Reader_Community,4.05,Official community discussion thread with 35 total reviews.,2026-09-11 04:23:34.469000
812696115,Reader_Community,3.68,Official community discussion thread with 9 total reviews.,2026-09-11 04:23:34.469000
140447806,Reader_Community,3.98,Official community discussion thread with 373 total reviews.,2026-09-11 04:23:34.469000
019514581X,Reader_Community,4.08,Official community discussion thread with 14 total reviews.,2026-09-11 04:23:34.469000
812696018,Reader_Community,3.7,Official community discussion thread with 18 total reviews.,2026-09-11 04:23:34.469000
226066665,Reader_Community,3.89,Official community discussion thread with 17 total reviews.,2026-09-11 04:23:34.469000
019929609X,Reader_Community,4.11,Official community discussion thread with 44 total reviews.,2026-09-11 04:23:34.469000
691019584,Reader_Community,4.13,Official community discussion thread with 7 total reviews.,2026-09-11 04:23:34.469000
203506413,Reader_Community,3.84,Official community discussion thread with 70 total reviews.,2026-09-11 04:23:34.469000
789430746,Reader_Community,3.92,Official community discussion thread with 8 total reviews.,2026-09-11 04:23:34.469000
465056741,Reader_Community,4.07,Official community discussion thread with 56 total reviews.,2026-09-11 04:23:34.469000
521654084,Reader_Community,4.1,Official community discussion thread with 3 total reviews.,2026-09-11 04:23:34.469000
872204200,Reader_Community,3.71,Official community discussion thread with 326 total reviews.,2026-09-11 04:23:34.469000
872207803,Reader_Community,3.99,Official community discussion thread with 21 total reviews.,2026-09-11 04:23:34.469000
226777103,Reader_Community,4.17,Official community discussion thread with 27 total reviews.,2026-09-11 04:23:34.469000
674013735,Reader_Community,4.19,Official community discussion thread with 42 total reviews.,2026-09-11 04:23:34.469000
803272715,Reader_Community,4.05,Official community discussion thread with 5 total reviews.,2026-09-11 04:23:34.470000
812694090,Reader_Community,3.5,Official community discussion thread with 50 total reviews.,2026-09-11 04:23:34.470000
130422533,Reader_Community,2.75,Official community discussion thread with 1 total reviews.,2026-09-11 04:23:34.470000
184046576X,Reader_Community,3.56,Official community discussion thread with 21 total reviews.,2026-09-11 04:23:34.470000
081269502X,Reader_Community,3.91,Official community discussion thread with 71 total reviews.,2026-09-11 04:23:34.470000
415267633,Reader_Community,3.8,Official community discussion thread with 23 total reviews.,2026-09-11 04:23:34.470000
198752725,Reader_Community,3.98,Official community discussion thread with 20 total reviews.,2026-09-11 04:23:34.470000
812694538,Reader_Community,3.75,Official community discussion thread with 9 total reviews.,2026-09-11 04:23:34.470000
898702623,Reader_Community,4.3,Official community discussion thread with 52 total reviews.,2026-09-11 04:23:34.470000
136626289,Reader_Community,3.68,Official community discussion thread with 11 total reviews.,2026-09-11 04:23:34.470000
140448152,Reader_Community,4.09,Official community discussion thread with 44 total reviews.,2026-09-11 04:23:34.470000
198782748,Reader_Community,4.0,Official community discussion thread with 17 total reviews.,2026-09-11 04:23:34.470000
812695313,Reader_Community,4.06,Official community discussion thread with 85 total reviews.,2026-09-11 04:23:34.470000
415356296,Reader_Community,3.89,Official community discussion thread with 26 total reviews.,2026-09-11 04:23:34.470000
195325923,Reader_Community,4.25,Official community discussion thread with 1 total reviews.,2026-09-11 04:23:34.470000
875428320,Reader_Community,4.1,Official community discussion thread with 28 total reviews.,2026-09-11 04:23:34.470000
031601334X,Reader_Community,3.39,Official community discussion thread with 84 total reviews.,2026-09-11 04:23:34.470000
198752121,Reader_Community,3.89,Official community discussion thread with 3 total reviews.,2026-09-11 04:23:34.470000
451528301,Reader_Community,3.74,Official community discussion thread with 11 total reviews.,2026-09-11 04:23:34.470000
691020167,Reader_Community,4.01,Official community discussion thread with 48 total reviews.,2026-09-11 04:23:34.470000
618251324,Reader_Community,3.87,Official community discussion thread with 2 total reviews.,2026-09-11 04:23:34.470000
60838639,Reader_Community,3.87,Official community discussion thread with 331 total reviews.,2026-09-11 04:23:34.470000
596009410,Reader_Community,3.79,Official community discussion thread with 6 total reviews.,2026-09-11 04:23:34.470000
078511677X,Reader_Community,4.19,Official community discussion thread with 282 total reviews.,2026-09-11 04:23:34.470000
744001404,Reader_Community,4.29,Official community discussion thread with 10 total reviews.,2026-09-11 04:23:34.470000
078512019X,Reader_Community,3.7,Official community discussion thread with 28 total reviews.,2026-09-11 04:23:34.470000
785115315,Reader_Community,4.17,Official community discussion thread with 557 total reviews.,2026-09-11 04:23:34.470000
374131945,Reader_Community,3.8,Official community discussion thread with 40 total reviews.,2026-09-11 04:23:34.470000
785117598,Reader_Community,4.24,Official community discussion thread with 241 total reviews.,2026-09-11 04:23:34.470000
1569319499,Reader_Community,3.96,Official community discussion thread with 68 total reviews.,2026-09-11 04:23:34.470000
1569319502,Reader_Community,4.03,Official community discussion thread with 10 total reviews.,2026-09-11 04:23:34.471000
9861146091,Reader_Community,4.5,Official community discussion thread with 1 total reviews.,2026-09-11 04:23:34.471000
158134449X,Reader_Community,4.46,Official community discussion thread with 19 total reviews.,2026-09-11 04:23:34.471000
1853264172,Reader_Community,4.01,Official community discussion thread with 25 total reviews.,2026-09-11 04:23:34.471000
670000965,Reader_Community,4.03,Official community discussion thread with 8 total reviews.,2026-09-11 04:23:34.471000
141180307,Reader_Community,3.68,Official community discussion thread with 12 total reviews.,2026-09-11 04:23:34.471000
140186573,Reader_Community,4.01,Official community discussion thread with 3 total reviews.,2026-09-11 04:23:34.471000
375753737,Reader_Community,3.63,Official community discussion thread with 1250 total reviews.,2026-09-11 04:23:34.472000
521294304,Reader_Community,3.49,Official community discussion thread with 1 total reviews.,2026-09-11 04:23:34.472000
015603154X,Reader_Community,3.49,Official community discussion thread with 230 total reviews.,2026-09-11 04:23:34.472000
195098315,Reader_Community,4.12,Official community discussion thread with 208 total reviews.,2026-09-11 04:23:34.472000
019512121X,Reader_Community,3.97,Official community discussion thread with 33 total reviews.,2026-09-11 04:23:34.472000
195023668,Reader_Community,4.06,Official community discussion thread with 1 total reviews.,2026-09-11 04:23:34.472000
231121911,Reader_Community,3.38,Official community discussion thread with 10 total reviews.,2026-09-11 04:23:34.472000
449910830,Reader_Community,3.57,Official community discussion thread with 256 total reviews.,2026-09-11 04:23:34.472000
385721870,Reader_Community,3.81,Official community discussion thread with 123 total reviews.,2026-09-11 04:23:34.472000
1400033179,Reader_Community,3.9,Official community discussion thread with 49 total reviews.,2026-09-11 04:23:34.472000
373771665,Reader_Community,4.1,Official community discussion thread with 789 total reviews.,2026-09-11 04:23:34.472000
99474468,Reader_Community,3.88,Official community discussion thread with 458 total reviews.,2026-09-11 04:23:34.472000
99476339,Reader_Community,3.86,Official community discussion thread with 330 total reviews.,2026-09-11 04:23:34.472000
373836082,Reader_Community,4.11,Official community discussion thread with 636 total reviews.,2026-09-11 04:23:34.473000
99474425,Reader_Community,3.68,Official community discussion thread with 861 total reviews.,2026-09-11 04:23:34.473000
99476355,Reader_Community,3.81,Official community discussion thread with 406 total reviews.,2026-09-11 04:23:34.473000
99474395,Reader_Community,4.02,Official community discussion thread with 478 total reviews.,2026-09-11 04:23:34.473000
99474387,Reader_Community,4.04,Official community discussion thread with 460 total reviews.,2026-09-11 04:23:34.473000
373835493,Reader_Community,3.87,Official community discussion thread with 270 total reviews.,2026-09-11 04:23:34.473000
99283220,Reader_Community,3.92,Official community discussion thread with 22 total reviews.,2026-09-11 04:23:34.473000
3548601316,Reader_Community,3.92,Official community discussion thread with 2 total reviews.,2026-09-11 04:23:34.473000
755321367,Reader_Community,3.53,Official community discussion thread with 15 total reviews.,2026-09-11 04:23:34.473000
1933397497,Reader_Community,3.51,Official community discussion thread with 99 total reviews.,2026-09-11 04:23:34.473000
747267197,Reader_Community,3.99,Official community discussion thread with 24 total reviews.,2026-09-11 04:23:34.473000
755321383,Reader_Community,3.42,Official community discussion thread with 11 total reviews.,2026-09-11 04:23:34.473000
1570671044,Reader_Community,4.38,Official community discussion thread with 429 total reviews.,2026-09-11 04:23:34.473000
1570671818,Reader_Community,3.89,Official community discussion thread with 4 total reviews.,2026-09-11 04:23:34.474000
380731223,Reader_Community,3.92,Official community discussion thread with 102 total reviews.,2026-09-11 04:23:34.474000
380731150,Reader_Community,3.87,Official community discussion thread with 109 total reviews.,2026-09-11 04:23:34.474000
380731959,Reader_Community,4.05,Official community discussion thread with 364 total reviews.,2026-09-11 04:23:34.474000
786710659,Reader_Community,3.91,Official community discussion thread with 9 total reviews.,2026-09-11 04:23:34.474000
1933615036,Reader_Community,4.14,Official community discussion thread with 4 total reviews.,2026-09-11 04:23:34.474000
936184922,Reader_Community,4.57,Official community discussion thread with 1 total reviews.,2026-09-11 04:23:34.474000
964017938,Reader_Community,4.53,Official community discussion thread with 1 total reviews.,2026-09-11 04:23:34.474000
6511775,Reader_Community,2.94,Official community discussion thread with 12 total reviews.,2026-09-11 04:23:34.474000
375806156,Reader_Community,3.85,Official community discussion thread with 209 total reviews.,2026-09-11 04:23:34.474000
1421506742,Reader_Community,4.38,Official community discussion thread with 22 total reviews.,2026-09-11 04:23:34.474000
1591164591,Reader_Community,4.09,Official community discussion thread with 13 total reviews.,2026-09-11 04:23:34.474000
486256073,Reader_Community,3.46,Official community discussion thread with 1 total reviews.,2026-09-11 04:23:34.475000
9875661708,Reader_Community,3.7,Official community discussion thread with 2 total reviews.,2026-09-11 04:23:34.475000
373713010,Reader_Community,3.6,Official community discussion thread with 2 total reviews.,2026-09-11 04:23:34.475000
804119430,Reader_Community,3.88,Official community discussion thread with 328 total reviews.,2026-09-11 04:23:34.475000
316182540,Reader_Community,3.96,Official community discussion thread with 6170 total reviews.,2026-09-11 04:23:34.475000
380784912,Reader_Community,3.79,Official community discussion thread with 25 total reviews.,2026-09-11 04:23:34.475000
345476999,Reader_Community,4.02,Official community discussion thread with 1190 total reviews.,2026-09-11 04:23:34.475000
345476980,Reader_Community,4.12,Official community discussion thread with 1157 total reviews.,2026-09-11 04:23:34.475000
037377172X,Reader_Community,3.99,Official community discussion thread with 20 total reviews.,2026-09-11 04:23:34.475000
553815024,Reader_Community,4.13,Official community discussion thread with 1099 total reviews.,2026-09-11 04:23:34.475000
034545894X,Reader_Community,4.17,Official community discussion thread with 1205 total reviews.,2026-09-11 04:23:34.475000
671553046,Reader_Community,3.99,Official community discussion thread with 352 total reviews.,2026-09-11 04:23:34.475000
1400062454,Reader_Community,3.91,Official community discussion thread with 350 total reviews.,2026-09-11 04:23:34.475000
465069908,Reader_Community,3.98,Official community discussion thread with 192 total reviews.,2026-09-11 04:23:34.476000
345346297,Reader_Community,4.18,Official community discussion thread with 475 total reviews.,2026-09-11 04:23:34.476000
1593074069,Reader_Community,3.97,Official community discussion thread with 66 total reviews.,2026-09-11 04:23:34.476000
395877431,Reader_Community,4.03,Official community discussion thread with 64 total reviews.,2026-09-11 04:23:34.476000
743202414,Reader_Community,4.35,Official community discussion thread with 590 total reviews.,2026-09-11 04:23:34.476000
875526020,Reader_Community,4.05,Official community discussion thread with 50 total reviews.,2026-09-11 04:23:34.476000
1595328408,Reader_Community,4.3,Official community discussion thread with 13 total reviews.,2026-09-11 04:23:34.476000
679887431,Reader_Community,3.87,Official community discussion thread with 28 total reviews.,2026-09-11 04:23:34.476000
1595328416,Reader_Community,4.26,Official community discussion thread with 13 total reviews.,2026-09-11 04:23:34.476000
765315084,Reader_Community,3.53,Official community discussion thread with 63 total reviews.,2026-09-11 04:23:34.476000
99493675,Reader_Community,3.78,Official community discussion thread with 17 total reviews.,2026-09-11 04:23:34.476000
1571458689,Reader_Community,3.57,Official community discussion thread with 1 total reviews.,2026-09-11 04:23:34.476000
553285556,Reader_Community,3.36,Official community discussion thread with 5 total reviews.,2026-09-11 04:23:34.476000
2723431029,Reader_Community,4.1,Official community discussion thread with 5 total reviews.,2026-09-11 04:23:34.476000
034549279X,Reader_Community,4.04,Official community discussion thread with 8 total reviews.,2026-09-11 04:23:34.476000
345492803,Reader_Community,4.09,Official community discussion thread with 3 total reviews.,2026-09-11 04:23:34.476000
345492781,Reader_Community,3.92,Official community discussion thread with 37 total reviews.,2026-09-11 04:23:34.476000
345492811,Reader_Community,4.07,Official community discussion thread with 2 total reviews.,2026-09-11 04:23:34.476000
765804719,Reader_Community,4.54,Official community discussion thread with 9 total reviews.,2026-09-11 04:23:34.476000
60723513,Reader_Community,3.79,Official community discussion thread with 1249 total reviews.,2026-09-11 04:23:34.476000
1932442529,Reader_Community,3.81,Official community discussion thread with 8 total reviews.,2026-09-11 04:23:34.476000
142004820,Reader_Community,4.05,Official community discussion thread with 200 total reviews.,2026-09-11 04:23:34.476000
785121943,Reader_Community,3.75,Official community discussion thread with 43 total reviews.,2026-09-11 04:23:34.476000
155652398X,Reader_Community,4.07,Official community discussion thread with 29 total reviews.,2026-09-11 04:23:34.476000
312423799,Reader_Community,4.03,Official community discussion thread with 3112 total reviews.,2026-09-11 04:23:34.476000
936197447,Reader_Community,4.29,Official community discussion thread with 138 total reviews.,2026-09-11 04:23:34.476000
849531178X,Reader_Community,4.08,Official community discussion thread with 5 total reviews.,2026-09-11 04:23:34.476000
743485041,Reader_Community,3.83,Official community discussion thread with 146 total reviews.,2026-09-11 04:23:34.476000
074348505X,Reader_Community,3.8,Official community discussion thread with 89 total reviews.,2026-09-11 04:23:34.476000
141016701,Reader_Community,3.8,Official community discussion thread with 4 total reviews.,2026-09-11 04:23:34.477000
1904271065,Reader_Community,3.8,Official community discussion thread with 21 total reviews.,2026-09-11 04:23:34.477000
8838461139,Reader_Community,3.98,Official community discussion thread with 5 total reviews.,2026-09-11 04:23:34.477000
393979318,Reader_Community,3.83,Official community discussion thread with 11 total reviews.,2026-09-11 04:23:34.477000
714541109,Reader_Community,3.92,Official community discussion thread with 1 total reviews.,2026-09-11 04:23:34.477000
032118274X,Reader_Community,3.85,Official community discussion thread with 2 total reviews.,2026-09-11 04:23:34.477000
451217411,Reader_Community,3.6,Official community discussion thread with 173 total reviews.,2026-09-11 04:23:34.477000
99297701,Reader_Community,3.76,Official community discussion thread with 2120 total reviews.,2026-09-11 04:23:34.477000
434009059,Reader_Community,4.42,Official community discussion thread with 29 total reviews.,2026-09-11 04:23:34.477000
553588257,Reader_Community,3.86,Official community discussion thread with 1527 total reviews.,2026-09-11 04:23:34.477000
425203891,Reader_Community,3.84,Official community discussion thread with 453 total reviews.,2026-09-11 04:23:34.477000
425192032,Reader_Community,4.06,Official community discussion thread with 1644 total reviews.,2026-09-11 04:23:34.477000
553582909,Reader_Community,3.76,Official community discussion thread with 358 total reviews.,2026-09-11 04:23:34.477000
517064871,Reader_Community,4.24,Official community discussion thread with 24 total reviews.,2026-09-11 04:23:34.477000
425136981,Reader_Community,3.78,Official community discussion thread with 167 total reviews.,2026-09-11 04:23:34.477000
425195481,Reader_Community,3.9,Official community discussion thread with 519 total reviews.,2026-09-11 04:23:34.478000
553579754,Reader_Community,4.0,Official community discussion thread with 833 total reviews.,2026-09-11 04:23:34.478000
425147517,Reader_Community,3.95,Official community discussion thread with 239 total reviews.,2026-09-11 04:23:34.478000
425210758,Reader_Community,3.76,Official community discussion thread with 448 total reviews.,2026-09-11 04:23:34.478000
425181103,Reader_Community,3.94,Official community discussion thread with 1047 total reviews.,2026-09-11 04:23:34.478000
553584480,Reader_Community,3.71,Official community discussion thread with 559 total reviews.,2026-09-11 04:23:34.478000
425099334,Reader_Community,3.9,Official community discussion thread with 228 total reviews.,2026-09-11 04:23:34.478000
553582917,Reader_Community,4.04,Official community discussion thread with 2345 total reviews.,2026-09-11 04:23:34.478000
553804812,Reader_Community,3.82,Official community discussion thread with 1317 total reviews.,2026-09-11 04:23:34.478000
425153975,Reader_Community,3.88,Official community discussion thread with 298 total reviews.,2026-09-11 04:23:34.478000
451205421,Reader_Community,3.95,Official community discussion thread with 581 total reviews.,2026-09-11 04:23:34.479000
747236380,Reader_Community,3.83,Official community discussion thread with 209 total reviews.,2026-09-11 04:23:34.479000
425214591,Reader_Community,3.82,Official community discussion thread with 364 total reviews.,2026-09-11 04:23:34.479000
312867573,Reader_Community,3.73,Official community discussion thread with 14 total reviews.,2026-09-11 04:23:34.479000
140007598X,Reader_Community,3.99,Official community discussion thread with 131 total reviews.,2026-09-11 04:23:34.479000
321272501,Reader_Community,4.31,Official community discussion thread with 10 total reviews.,2026-09-11 04:23:34.479000
385722141,Reader_Community,4.38,Official community discussion thread with 62 total reviews.,2026-09-11 04:23:34.479000
385720858,Reader_Community,4.35,Official community discussion thread with 27 total reviews.,2026-09-11 04:23:34.479000
739312642,Reader_Community,4.5,Official community discussion thread with 9 total reviews.,2026-09-11 04:23:34.479000
385339704,Reader_Community,4.0,Official community discussion thread with 1942 total reviews.,2026-09-11 04:23:34.479000
316154970,Reader_Community,4.34,Official community discussion thread with 83 total reviews.,2026-09-11 04:23:34.479000
316734950,Reader_Community,4.12,Official community discussion thread with 1511 total reviews.,2026-09-11 04:23:34.479000
446607274,Reader_Community,4.18,Official community discussion thread with 1309 total reviews.,2026-09-11 04:23:34.480000
316614564,Reader_Community,4.49,Official community discussion thread with 27 total reviews.,2026-09-11 04:23:34.480000
446699551,Reader_Community,4.13,Official community discussion thread with 1282 total reviews.,2026-09-11 04:23:34.480000
446690457,Reader_Community,4.2,Official community discussion thread with 2025 total reviews.,2026-09-11 04:23:34.480000
044661162X,Reader_Community,3.96,Official community discussion thread with 828 total reviews.,2026-09-11 04:23:34.480000
446612731,Reader_Community,4.1,Official community discussion thread with 3198 total reviews.,2026-09-11 04:23:34.480000
1853261408,Reader_Community,3.96,Official community discussion thread with 11 total reviews.,2026-09-11 04:23:34.480000
425213102,Reader_Community,3.83,Official community discussion thread with 537 total reviews.,2026-09-11 04:23:34.480000
393050572,Reader_Community,3.94,Official community discussion thread with 70 total reviews.,2026-09-11 04:23:34.480000
671722875,Reader_Community,4.25,Official community discussion thread with 41 total reviews.,2026-09-11 04:23:34.480000
425196992,Reader_Community,3.87,Official community discussion thread with 367 total reviews.,2026-09-11 04:23:34.480000
375509178,Reader_Community,4.01,Official community discussion thread with 13 total reviews.,2026-09-11 04:23:34.481000
300085060,Reader_Community,4.25,Official community discussion thread with 6 total reviews.,2026-09-11 04:23:34.481000
674637127,Reader_Community,4.3,Official community discussion thread with 25 total reviews.,2026-09-11 04:23:34.481000
553804324,Reader_Community,4.16,Official community discussion thread with 1501 total reviews.,2026-09-11 04:23:34.481000
553584537,Reader_Community,3.96,Official community discussion thread with 1850 total reviews.,2026-09-11 04:23:34.481000
553578685,Reader_Community,4.16,Official community discussion thread with 518 total reviews.,2026-09-11 04:23:34.481000
393320030,Reader_Community,4.11,Official community discussion thread with 204 total reviews.,2026-09-11 04:23:34.481000
679734031,Reader_Community,4.0,Official community discussion thread with 408 total reviews.,2026-09-11 04:23:34.481000
811216373,Reader_Community,3.88,Official community discussion thread with 61 total reviews.,2026-09-11 04:23:34.481000
393312879,Reader_Community,3.82,Official community discussion thread with 8 total reviews.,2026-09-11 04:23:34.481000
1593080646,Reader_Community,4.36,Official community discussion thread with 109 total reviews.,2026-09-11 04:23:34.481000
1883011388,Reader_Community,4.41,Official community discussion thread with 13 total reviews.,2026-09-11 04:23:34.481000
805208739,Reader_Community,4.35,Official community discussion thread with 12 total reviews.,2026-09-11 04:23:34.481000
805208860,Reader_Community,3.95,Official community discussion thread with 37 total reviews.,2026-09-11 04:23:34.481000
1593081804,Reader_Community,4.03,Official community discussion thread with 19 total reviews.,2026-09-11 04:23:34.481000
684194260,Reader_Community,4.03,Official community discussion thread with 6 total reviews.,2026-09-11 04:23:34.481000
671684027,Reader_Community,3.72,Official community discussion thread with 49 total reviews.,2026-09-11 04:23:34.481000
851703682,Reader_Community,3.89,Official community discussion thread with 23 total reviews.,2026-09-11 04:23:34.481000
679772553,Reader_Community,3.87,Official community discussion thread with 18 total reviews.,2026-09-11 04:23:34.481000
679410430,Reader_Community,3.89,Official community discussion thread with 295 total reviews.,2026-09-11 04:23:34.481000
141186186,Reader_Community,4.09,Official community discussion thread with 37 total reviews.,2026-09-11 04:23:34.482000
486431681,Reader_Community,4.05,Official community discussion thread with 1372 total reviews.,2026-09-11 04:23:34.482000
1557131775,Reader_Community,3.74,Official community discussion thread with 7 total reviews.,2026-09-11 04:23:34.482000
285647873,Reader_Community,3.96,Official community discussion thread with 25 total reviews.,2026-09-11 04:23:34.482000
141180676,Reader_Community,3.9,Official community discussion thread with 255 total reviews.,2026-09-11 04:23:34.482000
1931243190,Reader_Community,3.77,Official community discussion thread with 8 total reviews.,2026-09-11 04:23:34.482000
970312555,Reader_Community,3.6,Official community discussion thread with 8 total reviews.,2026-09-11 04:23:34.482000
671519166,Reader_Community,3.76,Official community discussion thread with 2 total reviews.,2026-09-11 04:23:34.482000
762427329,Reader_Community,4.2,Official community discussion thread with 33 total reviews.,2026-09-11 04:23:34.482000
847827372,Reader_Community,4.32,Official community discussion thread with 20 total reviews.,2026-09-11 04:23:34.482000
425165582,Reader_Community,4.18,Official community discussion thread with 491 total reviews.,2026-09-11 04:23:34.482000
60933151,Reader_Community,4.03,Official community discussion thread with 157 total reviews.,2026-09-11 04:23:34.482000
006093316X,Reader_Community,4.05,Official community discussion thread with 518 total reviews.,2026-09-11 04:23:34.482000
60596384,Reader_Community,4.2,Official community discussion thread with 292 total reviews.,2026-09-11 04:23:34.482000
61094153,Reader_Community,4.42,Official community discussion thread with 30 total reviews.,2026-09-11 04:23:34.482000
6482643,Reader_Community,3.75,Official community discussion thread with 106 total reviews.,2026-09-11 04:23:34.482000
743417348,Reader_Community,3.96,Official community discussion thread with 111 total reviews.,2026-09-11 04:23:34.482000
819564524,Reader_Community,4.09,Official community discussion thread with 49 total reviews.,2026-09-11 04:23:34.482000
037575718X,Reader_Community,3.86,Official community discussion thread with 981 total reviews.,2026-09-11 04:23:34.482000
393927873,Reader_Community,3.86,Official community discussion thread with 5 total reviews.,2026-09-11 04:23:34.482000
553527401,Reader_Community,4.0,Official community discussion thread with 23 total reviews.,2026-09-11 04:23:34.482000
671046179,Reader_Community,3.92,Official community discussion thread with 155 total reviews.,2026-09-11 04:23:34.482000
074352005X,Reader_Community,3.69,Official community discussion thread with 140 total reviews.,2026-09-11 04:23:34.482000
8401474728,Reader_Community,3.6,Official community discussion thread with 37 total reviews.,2026-09-11 04:23:34.482000
451821289,Reader_Community,3.64,Official community discussion thread with 33 total reviews.,2026-09-11 04:23:34.482000
425134350,Reader_Community,4.14,Official community discussion thread with 984 total reviews.,2026-09-11 04:23:34.482000
765300354,Reader_Community,3.92,Official community discussion thread with 25 total reviews.,2026-09-11 04:23:34.483000
446390577,Reader_Community,4.17,Official community discussion thread with 28 total reviews.,2026-09-11 04:23:34.483000
451213599,Reader_Community,3.93,Official community discussion thread with 42 total reviews.,2026-09-11 04:23:34.483000
831727527,Reader_Community,3.51,Official community discussion thread with 2678 total reviews.,2026-09-11 04:23:34.483000
743267532,Reader_Community,3.83,Official community discussion thread with 164 total reviews.,2026-09-11 04:23:34.483000
8408042432,Reader_Community,4.13,Official community discussion thread with 1 total reviews.,2026-09-11 04:23:34.483000
8497594290,Reader_Community,4.0,Official community discussion thread with 11 total reviews.,2026-09-11 04:23:34.483000
8427011504,Reader_Community,3.78,Official community discussion thread with 22 total reviews.,2026-09-11 04:23:34.483000
786890436,Reader_Community,3.67,Official community discussion thread with 352 total reviews.,2026-09-11 04:23:34.483000
679740139,Reader_Community,3.7,Official community discussion thread with 21 total reviews.,2026-09-11 04:23:34.483000
394299035,Reader_Community,3.77,Official community discussion thread with 44 total reviews.,2026-09-11 04:23:34.483000
067077605X,Reader_Community,4.07,Official community discussion thread with 72 total reviews.,2026-09-11 04:23:34.483000
609810871,Reader_Community,3.88,Official community discussion thread with 29 total reviews.,2026-09-11 04:23:34.484000
1929068034,Reader_Community,4.17,Official community discussion thread with 13 total reviews.,2026-09-11 04:23:34.484000
517412942,Reader_Community,4.26,Official community discussion thread with 6 total reviews.,2026-09-11 04:23:34.484000
1558614982,Reader_Community,4.07,Official community discussion thread with 107 total reviews.,2026-09-11 04:23:34.484000
3499137305,Reader_Community,3.96,Official community discussion thread with 4 total reviews.,2026-09-11 04:23:34.484000
374500525,Reader_Community,4.16,Official community discussion thread with 4 total reviews.,2026-09-11 04:23:34.484000
812974417,Reader_Community,3.88,Official community discussion thread with 1608 total reviews.,2026-09-11 04:23:34.484000
870540386,Reader_Community,4.44,Official community discussion thread with 20 total reviews.,2026-09-11 04:23:34.484000
345329457,Reader_Community,4.25,Official community discussion thread with 491 total reviews.,2026-09-11 04:23:34.484000
843943998,Reader_Community,4.45,Official community discussion thread with 2 total reviews.,2026-09-11 04:23:34.484000
7127774,Reader_Community,4.44,Official community discussion thread with 5 total reviews.,2026-09-11 04:23:34.484000
679413359,Reader_Community,3.84,Official community discussion thread with 21 total reviews.,2026-09-11 04:23:34.484000
24277800,Reader_Community,3.84,Official community discussion thread with 2 total reviews.,2026-09-11 04:23:34.484000
1904633382,Reader_Community,3.86,Official community discussion thread with 8 total reviews.,2026-09-11 04:23:34.484000
1590171454,Reader_Community,4.04,Official community discussion thread with 57 total reviews.,2026-09-11 04:23:34.485000
753453215,Reader_Community,3.86,Official community discussion thread with 3 total reviews.,2026-09-11 04:23:34.485000
425199320,Reader_Community,3.94,Official community discussion thread with 318 total reviews.,2026-09-11 04:23:34.485000
140440461,Reader_Community,4.02,Official community discussion thread with 33 total reviews.,2026-09-11 04:23:34.485000
192835025,Reader_Community,4.07,Official community discussion thread with 10 total reviews.,2026-09-11 04:23:34.485000
140441050,Reader_Community,3.95,Official community discussion thread with 222 total reviews.,2026-09-11 04:23:34.485000
764804944,Reader_Community,4.49,Official community discussion thread with 2 total reviews.,2026-09-11 04:23:34.485000
140440224,Reader_Community,3.49,Official community discussion thread with 74 total reviews.,2026-09-11 04:23:34.485000
393925870,Reader_Community,3.95,Official community discussion thread with 41 total reviews.,2026-09-11 04:23:34.485000
310249872,Reader_Community,5.0,Official community discussion thread with 1 total reviews.,2026-09-11 04:23:34.485000
1598184547,Reader_Community,3.78,Official community discussion thread with 421 total reviews.,2026-09-11 04:23:34.485000
786714956,Reader_Community,3.63,Official community discussion thread with 4 total reviews.,2026-09-11 04:23:34.485000
553213970,Reader_Community,3.86,Official community discussion thread with 2510 total reviews.,2026-09-11 04:23:34.485000
237526883,Reader_Community,3.76,Official community discussion thread with 32 total reviews.,2026-09-11 04:23:34.485000
812972120,Reader_Community,4.11,Official community discussion thread with 948 total reviews.,2026-09-11 04:23:34.485000
1589630947,Reader_Community,3.64,Official community discussion thread with 40 total reviews.,2026-09-11 04:23:34.485000
1885586426,Reader_Community,4.0,Official community discussion thread with 1 total reviews.,2026-09-11 04:23:34.486000
1410103277,Reader_Community,3.59,Official community discussion thread with 9 total reviews.,2026-09-11 04:23:34.486000
451529774,Reader_Community,3.93,Official community discussion thread with 17 total reviews.,2026-09-11 04:23:34.486000
812968565,Reader_Community,3.93,Official community discussion thread with 35 total reviews.,2026-09-11 04:23:34.486000
812966422,Reader_Community,4.11,Official community discussion thread with 14 total reviews.,2026-09-11 04:23:34.486000
1410102157,Reader_Community,3.99,Official community discussion thread with 39 total reviews.,2026-09-11 04:23:34.486000
307276783,Reader_Community,3.69,Official community discussion thread with 78 total reviews.,2026-09-11 04:23:34.486000
307338460,Reader_Community,3.68,Official community discussion thread with 347 total reviews.,2026-09-11 04:23:34.486000
340824468,Reader_Community,3.54,Official community discussion thread with 16 total reviews.,2026-09-11 04:23:34.487000
155874374X,Reader_Community,3.99,Official community discussion thread with 26 total reviews.,2026-09-11 04:23:34.487000
684856271,Reader_Community,3.7,Official community discussion thread with 22 total reviews.,2026-09-11 04:23:34.487000
684825104,Reader_Community,4.0,Official community discussion thread with 16 total reviews.,2026-09-11 04:23:34.487000
743418727,Reader_Community,3.95,Official community discussion thread with 33 total reviews.,2026-09-11 04:23:34.487000
140085300,Reader_Community,3.56,Official community discussion thread with 55 total reviews.,2026-09-11 04:23:34.487000
140139974,Reader_Community,3.58,Official community discussion thread with 105 total reviews.,2026-09-11 04:23:34.487000
156025114X,Reader_Community,3.86,Official community discussion thread with 10 total reviews.,2026-09-11 04:23:34.487000
670831743,Reader_Community,3.63,Official community discussion thread with 3 total reviews.,2026-09-11 04:23:34.487000
60775858,Reader_Community,4.28,Official community discussion thread with 4975 total reviews.,2026-09-11 04:23:34.487000
61125938,Reader_Community,3.57,Official community discussion thread with 22 total reviews.,2026-09-11 04:23:34.487000
1594862958,Reader_Community,3.71,Official community discussion thread with 305 total reviews.,2026-09-11 04:23:34.487000
743291352,Reader_Community,3.11,Official community discussion thread with 28 total reviews.,2026-09-11 04:23:34.487000
345412818,Reader_Community,3.51,Official community discussion thread with 9 total reviews.,2026-09-11 04:23:34.487000
141314575,Reader_Community,4.09,Official community discussion thread with 258 total reviews.,2026-09-11 04:23:34.487000
896087646,Reader_Community,4.17,Official community discussion thread with 20 total reviews.,2026-09-11 04:23:34.488000
140121195X,Reader_Community,3.43,Official community discussion thread with 12 total reviews.,2026-09-11 04:23:34.488000
895941414,Reader_Community,4.49,Official community discussion thread with 568 total reviews.,2026-09-11 04:23:34.488000
679742581,Reader_Community,3.9,Official community discussion thread with 700 total reviews.,2026-09-11 04:23:34.488000
739322796,Reader_Community,3.63,Official community discussion thread with 21 total reviews.,2026-09-11 04:23:34.488000
806133635,Reader_Community,4.41,Official community discussion thread with 7 total reviews.,2026-09-11 04:23:34.488000
141013958,Reader_Community,3.8,Official community discussion thread with 8 total reviews.,2026-09-11 04:23:34.488000
689036914,Reader_Community,4.02,Official community discussion thread with 30 total reviews.,2026-09-11 04:23:34.488000
1557091625,Reader_Community,3.86,Official community discussion thread with 179 total reviews.,2026-09-11 04:23:34.488000
1557091552,Reader_Community,3.99,Official community discussion thread with 2118 total reviews.,2026-09-11 04:23:34.488000
1557092648,Reader_Community,3.89,Official community discussion thread with 95 total reviews.,2026-09-11 04:23:34.488000
155709263X,Reader_Community,3.89,Official community discussion thread with 89 total reviews.,2026-09-11 04:23:34.488000
1851682341,Reader_Community,4.08,Official community discussion thread with 42 total reviews.,2026-09-11 04:23:34.488000
812975294,Reader_Community,4.01,Official community discussion thread with 914 total reviews.,2026-09-11 04:23:34.488000
712678867,Reader_Community,4.17,Official community discussion thread with 163 total reviews.,2026-09-11 04:23:34.489000
821775898,Reader_Community,4.05,Official community discussion thread with 562 total reviews.,2026-09-11 04:23:34.489000
823084507,Reader_Community,3.67,Official community discussion thread with 36 total reviews.,2026-09-11 04:23:34.489000
1585678139,Reader_Community,3.67,Official community discussion thread with 7 total reviews.,2026-09-11 04:23:34.489000
895872730,Reader_Community,3.71,Official community discussion thread with 1 total reviews.,2026-09-11 04:23:34.489000
037575797X,Reader_Community,3.94,Official community discussion thread with 40 total reviews.,2026-09-11 04:23:34.489000
140436995,Reader_Community,3.96,Official community discussion thread with 30 total reviews.,2026-09-11 04:23:34.489000
743480716,Reader_Community,4.09,Official community discussion thread with 79 total reviews.,2026-09-11 04:23:34.489000
1400049512,Reader_Community,3.95,Official community discussion thread with 70 total reviews.,2026-09-11 04:23:34.489000
60906820,Reader_Community,4.22,Official community discussion thread with 34 total reviews.,2026-09-11 04:23:34.489000
439681367,Reader_Community,3.96,Official community discussion thread with 23 total reviews.,2026-09-11 04:23:34.489000
1569716188,Reader_Community,3.35,Official community discussion thread with 6 total reviews.,2026-09-11 04:23:34.489000
743480724,Reader_Community,3.91,Official community discussion thread with 26 total reviews.,2026-09-11 04:23:34.489000
345483197,Reader_Community,2.89,Official community discussion thread with 100 total reviews.,2026-09-11 04:23:34.489000
375823611,Reader_Community,4.09,Official community discussion thread with 2 total reviews.,2026-09-11 04:23:34.490000
156632772,Reader_Community,3.76,Official community discussion thread with 309 total reviews.,2026-09-11 04:23:34.490000
60925817,Reader_Community,3.86,Official community discussion thread with 56 total reviews.,2026-09-11 04:23:34.490000
225315086X,Reader_Community,4.36,Official community discussion thread with 11 total reviews.,2026-09-11 04:23:34.490000
679434046,Reader_Community,3.04,Official community discussion thread with 31 total reviews.,2026-09-11 04:23:34.490000
521532485,Reader_Community,3.77,Official community discussion thread with 6 total reviews.,2026-09-11 04:23:34.490000
1903436338,Reader_Community,3.77,Official community discussion thread with 43 total reviews.,2026-09-11 04:23:34.490000
521297656,Reader_Community,3.77,Official community discussion thread with 3 total reviews.,2026-09-11 04:23:34.490000
684854759,Reader_Community,3.82,Official community discussion thread with 218 total reviews.,2026-09-11 04:23:34.490000
068484611X,Reader_Community,3.86,Official community discussion thread with 34 total reviews.,2026-09-11 04:23:34.490000
316182745,Reader_Community,3.48,Official community discussion thread with 978 total reviews.,2026-09-11 04:23:34.490000
393978192,Reader_Community,3.81,Official community discussion thread with 30 total reviews.,2026-09-11 04:23:34.490000
786928573,Reader_Community,3.65,Official community discussion thread with 16 total reviews.,2026-09-11 04:23:34.490000
1559362103,Reader_Community,3.56,Official community discussion thread with 76 total reviews.,2026-09-11 04:23:34.491000
1903436605,Reader_Community,3.94,Official community discussion thread with 76 total reviews.,2026-09-11 04:23:34.491000
1586634046,Reader_Community,3.96,Official community discussion thread with 2 total reviews.,2026-09-11 04:23:34.491000
521532477,Reader_Community,3.94,Official community discussion thread with 10 total reviews.,2026-09-11 04:23:34.491000
2266075187,Reader_Community,3.92,Official community discussion thread with 2 total reviews.,2026-09-11 04:23:34.491000
2869595948,Reader_Community,4.24,Official community discussion thread with 1 total reviews.,2026-09-11 04:23:34.491000
822007355,Reader_Community,3.76,Official community discussion thread with 4 total reviews.,2026-09-11 04:23:34.491000
140444300,Reader_Community,4.17,Official community discussion thread with 459 total reviews.,2026-09-11 04:23:34.491000
691102570,Reader_Community,3.94,Official community discussion thread with 24 total reviews.,2026-09-11 04:23:34.491000
313324522,Reader_Community,4.01,Official community discussion thread with 9 total reviews.,2026-09-11 04:23:34.491000
300101058,Reader_Community,4.02,Official community discussion thread with 58 total reviews.,2026-09-11 04:23:34.491000
521532523,Reader_Community,4.02,Official community discussion thread with 13 total reviews.,2026-09-11 04:23:34.491000
019832149X,Reader_Community,3.74,Official community discussion thread with 18 total reviews.,2026-09-11 04:23:34.491000
1580495788,Reader_Community,3.74,Official community discussion thread with 20 total reviews.,2026-09-11 04:23:34.491000
521532531,Reader_Community,3.74,Official community discussion thread with 10 total reviews.,2026-09-11 04:23:34.491000
764585746,Reader_Community,3.74,Official community discussion thread with 3 total reviews.,2026-09-11 04:23:34.491000
1586633589,Reader_Community,3.91,Official community discussion thread with 8 total reviews.,2026-09-11 04:23:34.491000
1903436915,Reader_Community,3.74,Official community discussion thread with 13 total reviews.,2026-09-11 04:23:34.491000
679767398,Reader_Community,3.87,Official community discussion thread with 457 total reviews.,2026-09-11 04:23:34.492000
465007805,Reader_Community,4.1,Official community discussion thread with 63 total reviews.,2026-09-11 04:23:34.492000
553157272,Reader_Community,3.46,Official community discussion thread with 6 total reviews.,2026-09-11 04:23:34.492000
91906814,Reader_Community,4.19,Official community discussion thread with 104 total reviews.,2026-09-11 04:23:34.492000
749307846,Reader_Community,4.19,Official community discussion thread with 21 total reviews.,2026-09-11 04:23:34.492000
743272773,Reader_Community,3.96,Official community discussion thread with 44 total reviews.,2026-09-11 04:23:34.492000
393324869,Reader_Community,4.03,Official community discussion thread with 484 total reviews.,2026-09-11 04:23:34.492000
938045555,Reader_Community,4.0,Official community discussion thread with 63 total reviews.,2026-09-11 04:23:34.492000
385334303,Reader_Community,3.95,Official community discussion thread with 325 total reviews.,2026-09-11 04:23:34.492000
1932361278,Reader_Community,3.38,Official community discussion thread with 53 total reviews.,2026-09-11 04:23:34.492000
60899220,Reader_Community,4.07,Official community discussion thread with 9427 total reviews.,2026-09-11 04:23:34.492000
231138709,Reader_Community,4.09,Official community discussion thread with 48 total reviews.,2026-09-11 04:23:34.492000
785263713,Reader_Community,3.92,Official community discussion thread with 692 total reviews.,2026-09-11 04:23:34.492000
681403225,Reader_Community,4.58,Official community discussion thread with 34 total reviews.,2026-09-11 04:23:34.492000
155704676X,Reader_Community,3.9,Official community discussion thread with 18 total reviews.,2026-09-11 04:23:34.492000
708823602,Reader_Community,4.35,Official community discussion thread with 24 total reviews.,2026-09-11 04:23:34.492000
767921968,Reader_Community,4.02,Official community discussion thread with 670 total reviews.,2026-09-11 04:23:34.492000
349117624,Reader_Community,3.66,Official community discussion thread with 921 total reviews.,2026-09-11 04:23:34.492000
679721819,Reader_Community,4.17,Official community discussion thread with 559 total reviews.,2026-09-11 04:23:34.492000
312422733,Reader_Community,3.91,Official community discussion thread with 66 total reviews.,2026-09-11 04:23:34.492000
193336856X,Reader_Community,3.92,Official community discussion thread with 32 total reviews.,2026-09-11 04:23:34.492000
810114682,Reader_Community,4.17,Official community discussion thread with 22 total reviews.,2026-09-11 04:23:34.492000
1400033721,Reader_Community,4.18,Official community discussion thread with 452 total reviews.,2026-09-11 04:23:34.492000
758210183,Reader_Community,3.85,Official community discussion thread with 531 total reviews.,2026-09-11 04:23:34.492000
758202954,Reader_Community,3.91,Official community discussion thread with 532 total reviews.,2026-09-11 04:23:34.492000
758201559,Reader_Community,3.92,Official community discussion thread with 554 total reviews.,2026-09-11 04:23:34.492000
1575667215,Reader_Community,3.85,Official community discussion thread with 881 total reviews.,2026-09-11 04:23:34.492000
758215045,Reader_Community,3.87,Official community discussion thread with 637 total reviews.,2026-09-11 04:23:34.493000
006056668X,Reader_Community,3.75,Official community discussion thread with 1953 total reviews.,2026-09-11 04:23:34.493000
758206828,Reader_Community,3.75,Official community discussion thread with 691 total reviews.,2026-09-11 04:23:34.493000
758213506,Reader_Community,3.71,Official community discussion thread with 1971 total reviews.,2026-09-11 04:23:34.493000
1575667223,Reader_Community,3.87,Official community discussion thread with 694 total reviews.,2026-09-11 04:23:34.493000
082724231X,Reader_Community,3.77,Official community discussion thread with 21 total reviews.,2026-09-11 04:23:34.493000
60799900,Reader_Community,4.06,Official community discussion thread with 28 total reviews.,2026-09-11 04:23:34.493000
71359168,Reader_Community,4.04,Official community discussion thread with 9 total reviews.,2026-09-11 04:23:34.493000
887306667,Reader_Community,4.05,Official community discussion thread with 462 total reviews.,2026-09-11 04:23:34.493000
452267641,Reader_Community,3.82,Official community discussion thread with 5 total reviews.,2026-09-11 04:23:34.493000
60590297,Reader_Community,3.83,Official community discussion thread with 2416 total reviews.,2026-09-11 04:23:34.493000
60735414,Reader_Community,3.94,Official community discussion thread with 1868 total reviews.,2026-09-11 04:23:34.493000
60735449,Reader_Community,3.8,Official community discussion thread with 1247 total reviews.,2026-09-11 04:23:34.493000
60590270,Reader_Community,4.07,Official community discussion thread with 5477 total reviews.,2026-09-11 04:23:34.493000
60735422,Reader_Community,3.83,Official community discussion thread with 1353 total reviews.,2026-09-11 04:23:34.493000
60735457,Reader_Community,3.87,Official community discussion thread with 1203 total reviews.,2026-09-11 04:23:34.493000
140140824,Reader_Community,3.94,Official community discussion thread with 1 total reviews.,2026-09-11 04:23:34.493000
039306106X,Reader_Community,4.37,Official community discussion thread with 71 total reviews.,2026-09-11 04:23:34.493000
961472820,Reader_Community,4.08,Official community discussion thread with 30 total reviews.,2026-09-11 04:23:34.493000
1401207553,Reader_Community,3.92,Official community discussion thread with 95 total reviews.,2026-09-11 04:23:34.493000
393328600,Reader_Community,3.74,Official community discussion thread with 134 total reviews.,2026-09-11 04:23:34.493000
1569719608,Reader_Community,4.31,Official community discussion thread with 2 total reviews.,2026-09-11 04:23:34.493000
345461533,Reader_Community,4.33,Official community discussion thread with 83 total reviews.,2026-09-11 04:23:34.493000
159307543X,Reader_Community,3.31,Official community discussion thread with 16 total reviews.,2026-09-11 04:23:34.493000
1568821816,Reader_Community,4.45,Official community discussion thread with 39 total reviews.,2026-09-11 04:23:34.493000
141187069,Reader_Community,4.22,Official community discussion thread with 74 total reviews.,2026-09-11 04:23:34.494000
1568821867,Reader_Community,3.71,Official community discussion thread with 1 total reviews.,2026-09-11 04:23:34.494000
1568821808,Reader_Community,3.63,Official community discussion thread with 2 total reviews.,2026-09-11 04:23:34.494000
1568821441,Reader_Community,3.92,Official community discussion thread with 1 total reviews.,2026-09-11 04:23:34.494000
1568821484,Reader_Community,4.45,Official community discussion thread with 1 total reviews.,2026-09-11 04:23:34.494000
1568821743,Reader_Community,3.9,Official community discussion thread with 2 total reviews.,2026-09-11 04:23:34.494000
1568821174,Reader_Community,3.67,Official community discussion thread with 4 total reviews.,2026-09-11 04:23:34.494000
076072850X,Reader_Community,3.88,Official community discussion thread with 3087 total reviews.,2026-09-11 04:23:34.494000
312199430,Reader_Community,3.88,Official community discussion thread with 7615 total reviews.,2026-09-11 04:23:34.494000
143038826,Reader_Community,3.83,Official community discussion thread with 232 total reviews.,2026-09-11 04:23:34.494000
205313426,Reader_Community,4.19,Official community discussion thread with 2526 total reviews.,2026-09-11 04:23:34.494000
014062063X,Reader_Community,3.99,Official community discussion thread with 120 total reviews.,2026-09-11 04:23:34.494000
1416520384,Reader_Community,3.59,Official community discussion thread with 238 total reviews.,2026-09-11 04:23:34.494000
321399536,Reader_Community,3.79,Official community discussion thread with 28 total reviews.,2026-09-11 04:23:34.494000
486295680,Reader_Community,4.02,Official community discussion thread with 40 total reviews.,2026-09-11 04:23:34.495000
130977691,Reader_Community,3.9,Official community discussion thread with 6 total reviews.,2026-09-11 04:23:34.495000
688001297,Reader_Community,3.95,Official community discussion thread with 43 total reviews.,2026-09-11 04:23:34.495000
1887368795,Reader_Community,4.32,Official community discussion thread with 11 total reviews.,2026-09-11 04:23:34.495000
312878273,Reader_Community,4.09,Official community discussion thread with 272 total reviews.,2026-09-11 04:23:34.495000
765311712,Reader_Community,3.25,Official community discussion thread with 60 total reviews.,2026-09-11 04:23:34.495000
727860992,Reader_Community,3.79,Official community discussion thread with 1488 total reviews.,2026-09-11 04:23:34.495000
765311402,Reader_Community,3.69,Official community discussion thread with 14 total reviews.,2026-09-11 04:23:34.495000
765308371,Reader_Community,3.48,Official community discussion thread with 44 total reviews.,2026-09-11 04:23:34.495000
312878265,Reader_Community,4.04,Official community discussion thread with 71 total reviews.,2026-09-11 04:23:34.495000
765308703,Reader_Community,3.95,Official community discussion thread with 830 total reviews.,2026-09-11 04:23:34.495000
1887368884,Reader_Community,4.02,Official community discussion thread with 3 total reviews.,2026-09-11 04:23:34.495000
375724931,Reader_Community,3.77,Official community discussion thread with 168 total reviews.,2026-09-11 04:23:34.495000
1581950063,Reader_Community,3.88,Official community discussion thread with 28 total reviews.,2026-09-11 04:23:34.495000
375702067,Reader_Community,3.81,Official community discussion thread with 26 total reviews.,2026-09-11 04:23:34.495000
99422174,Reader_Community,3.77,Official community discussion thread with 9 total reviews.,2026-09-11 04:23:34.495000
99428164,Reader_Community,3.71,Official community discussion thread with 122 total reviews.,2026-09-11 04:23:34.495000
140389660,Reader_Community,3.91,Official community discussion thread with 1630 total reviews.,2026-09-11 04:23:34.496000
765344726,Reader_Community,3.13,Official community discussion thread with 288 total reviews.,2026-09-11 04:23:34.496000
6751156,Reader_Community,4.45,Official community discussion thread with 31 total reviews.,2026-09-11 04:23:34.496000
613996984,Reader_Community,4.37,Official community discussion thread with 1 total reviews.,2026-09-11 04:23:34.496000
155652532X,Reader_Community,4.19,Official community discussion thread with 1637 total reviews.,2026-09-11 04:23:34.496000
689718764,Reader_Community,4.03,Official community discussion thread with 19 total reviews.,2026-09-11 04:23:34.496000
618313664,Reader_Community,3.24,Official community discussion thread with 16 total reviews.,2026-09-11 04:23:34.496000
152057080,Reader_Community,3.72,Official community discussion thread with 104 total reviews.,2026-09-11 04:23:34.496000
316693251,Reader_Community,4.04,Official community discussion thread with 79 total reviews.,2026-09-11 04:23:34.496000
446613363,Reader_Community,4.07,Official community discussion thread with 1674 total reviews.,2026-09-11 04:23:34.496000
70488207,Reader_Community,3.86,Official community discussion thread with 28 total reviews.,2026-09-11 04:23:34.497000
778322998,Reader_Community,3.5,Official community discussion thread with 208 total reviews.,2026-09-11 04:23:34.497000
316155608,Reader_Community,4.15,Official community discussion thread with 2270 total reviews.,2026-09-11 04:23:34.497000
613608704,Reader_Community,4.08,Official community discussion thread with 4 total reviews.,2026-09-11 04:23:34.497000
312304463,Reader_Community,3.95,Official community discussion thread with 63 total reviews.,2026-09-11 04:23:34.497000
375714332,Reader_Community,3.92,Official community discussion thread with 26 total reviews.,2026-09-11 04:23:34.497000
312424930,Reader_Community,3.94,Official community discussion thread with 287 total reviews.,2026-09-11 04:23:34.497000
037550804X,Reader_Community,3.92,Official community discussion thread with 9 total reviews.,2026-09-11 04:23:34.497000
9706519246,Reader_Community,3.76,Official community discussion thread with 18 total reviews.,2026-09-11 04:23:34.497000
1584793821,Reader_Community,3.67,Official community discussion thread with 1 total reviews.,2026-09-11 04:23:34.497000
385338694,Reader_Community,3.83,Official community discussion thread with 6613 total reviews.,2026-09-11 04:23:34.497000
373250746,Reader_Community,3.63,Official community discussion thread with 185 total reviews.,2026-09-11 04:23:34.497000
440241901,Reader_Community,3.84,Official community discussion thread with 9326 total reviews.,2026-09-11 04:23:34.497000
312932812,Reader_Community,3.78,Official community discussion thread with 445 total reviews.,2026-09-11 04:23:34.497000
312932804,Reader_Community,3.94,Official community discussion thread with 918 total reviews.,2026-09-11 04:23:34.497000
312932782,Reader_Community,3.92,Official community discussion thread with 665 total reviews.,2026-09-11 04:23:34.497000
037377138X,Reader_Community,3.8,Official community discussion thread with 872 total reviews.,2026-09-11 04:23:34.498000
1551668653,Reader_Community,3.71,Official community discussion thread with 596 total reviews.,2026-09-11 04:23:34.498000
155166951X,Reader_Community,3.64,Official community discussion thread with 243 total reviews.,2026-09-11 04:23:34.498000
373772513,Reader_Community,3.77,Official community discussion thread with 697 total reviews.,2026-09-11 04:23:34.498000
031294098X,Reader_Community,3.48,Official community discussion thread with 233 total reviews.,2026-09-11 04:23:34.498000
9500426544,Reader_Community,3.92,Official community discussion thread with 1 total reviews.,2026-09-11 04:23:34.498000
3442448964,Reader_Community,3.94,Official community discussion thread with 1 total reviews.,2026-09-11 04:23:34.498000
1933771178,Reader_Community,3.55,Official community discussion thread with 140 total reviews.,2026-09-11 04:23:34.498000
60096683,Reader_Community,3.54,Official community discussion thread with 105 total reviews.,2026-09-11 04:23:34.498000
722539010,Reader_Community,3.89,Official community discussion thread with 2 total reviews.,2026-09-11 04:23:34.498000
60988258,Reader_Community,3.53,Official community discussion thread with 207 total reviews.,2026-09-11 04:23:34.498000
034911899X,Reader_Community,3.68,Official community discussion thread with 3 total reviews.,2026-09-11 04:23:34.499000
1573227161,Reader_Community,4.03,Official community discussion thread with 599 total reviews.,2026-09-11 04:23:34.499000
446358584,Reader_Community,3.85,Official community discussion thread with 154 total reviews.,2026-09-11 04:23:34.499000
446679097,Reader_Community,4.19,Official community discussion thread with 1008 total reviews.,2026-09-11 04:23:34.499000
446674826,Reader_Community,4.17,Official community discussion thread with 275 total reviews.,2026-09-11 04:23:34.499000
446679089,Reader_Community,4.03,Official community discussion thread with 1662 total reviews.,2026-09-11 04:23:34.499000
751531243,Reader_Community,3.67,Official community discussion thread with 6 total reviews.,2026-09-11 04:23:34.499000
446611913,Reader_Community,4.02,Official community discussion thread with 702 total reviews.,2026-09-11 04:23:34.499000
3548253814,Reader_Community,3.85,Official community discussion thread with 1 total reviews.,2026-09-11 04:23:34.499000
751531200,Reader_Community,3.85,Official community discussion thread with 1 total reviews.,2026-09-11 04:23:34.499000
375701478,Reader_Community,4.1,Official community discussion thread with 224 total reviews.,2026-09-11 04:23:34.499000
1852428082,Reader_Community,4.17,Official community discussion thread with 252 total reviews.,2026-09-11 04:23:34.499000
756403162,Reader_Community,4.14,Official community discussion thread with 139 total reviews.,2026-09-11 04:23:34.500000
451404750,Reader_Community,3.87,Official community discussion thread with 106 total reviews.,2026-09-11 04:23:34.500000
743411471,Reader_Community,3.44,Official community discussion thread with 3 total reviews.,2026-09-11 04:23:34.500000
1842991248,Reader_Community,3.39,Official community discussion thread with 6 total reviews.,2026-09-11 04:23:34.500000
152956026,Reader_Community,3.7,Official community discussion thread with 80 total reviews.,2026-09-11 04:23:34.500000
977880435,Reader_Community,4.47,Official community discussion thread with 11 total reviews.,2026-09-11 04:23:34.500000
1930699891,Reader_Community,3.77,Official community discussion thread with 7 total reviews.,2026-09-11 04:23:34.500000
714531162,Reader_Community,3.25,Official community discussion thread with 3 total reviews.,2026-09-11 04:23:34.500000
521220238,Reader_Community,4.36,Official community discussion thread with 2 total reviews.,2026-09-11 04:23:34.500000
752864777,Reader_Community,3.9,Official community discussion thread with 6 total reviews.,2026-09-11 04:23:34.500000
810936844,Reader_Community,4.0,Official community discussion thread with 2 total reviews.,2026-09-11 04:23:34.500000
679767304,Reader_Community,4.28,Official community discussion thread with 135 total reviews.,2026-09-11 04:23:34.500000
879239484,Reader_Community,4.33,Official community discussion thread with 45 total reviews.,2026-09-11 04:23:34.500000
1400030773,Reader_Community,4.16,Official community discussion thread with 74 total reviews.,2026-09-11 04:23:34.501000
375509321,Reader_Community,3.69,Official community discussion thread with 1578 total reviews.,2026-09-11 04:23:34.501000
262693194,Reader_Community,3.21,Official community discussion thread with 1 total reviews.,2026-09-11 04:23:34.501000
316014532,Reader_Community,3.66,Official community discussion thread with 1558 total reviews.,2026-09-11 04:23:34.501000
618485228,Reader_Community,3.99,Official community discussion thread with 10160 total reviews.,2026-09-11 04:23:34.501000
787976288,Reader_Community,3.59,Official community discussion thread with 4 total reviews.,2026-09-11 04:23:34.501000
609801406,Reader_Community,3.96,Official community discussion thread with 84 total reviews.,2026-09-11 04:23:34.501000
393311392,Reader_Community,4.09,Official community discussion thread with 17 total reviews.,2026-09-11 04:23:34.501000
674891996,Reader_Community,3.92,Official community discussion thread with 19 total reviews.,2026-09-11 04:23:34.501000
1400051533,Reader_Community,3.63,Official community discussion thread with 29 total reviews.,2026-09-11 04:23:34.501000
393308197,Reader_Community,4.11,Official community discussion thread with 75 total reviews.,2026-09-11 04:23:34.501000
039330857X,Reader_Community,4.15,Official community discussion thread with 55 total reviews.,2026-09-11 04:23:34.501000
393311031,Reader_Community,4.1,Official community discussion thread with 43 total reviews.,2026-09-11 04:23:34.501000
393064980,Reader_Community,4.25,Official community discussion thread with 29 total reviews.,2026-09-11 04:23:34.501000
684846314,Reader_Community,4.16,Official community discussion thread with 112 total reviews.,2026-09-11 04:23:34.502000
99456451,Reader_Community,3.99,Official community discussion thread with 242 total reviews.,2026-09-11 04:23:34.502000
688033555,Reader_Community,4.12,Official community discussion thread with 1 total reviews.,2026-09-11 04:23:34.502000
743286987,Reader_Community,3.93,Official community discussion thread with 28 total reviews.,2026-09-11 04:23:34.502000
525945075,Reader_Community,3.95,Official community discussion thread with 3 total reviews.,2026-09-11 04:23:34.502000
618436634,Reader_Community,3.91,Official community discussion thread with 33 total reviews.,2026-09-11 04:23:34.502000
393326713,Reader_Community,3.6,Official community discussion thread with 229 total reviews.,2026-09-11 04:23:34.502000
743266862,Reader_Community,2.4,Official community discussion thread with 577 total reviews.,2026-09-11 04:23:34.502000
486450066,Reader_Community,3.98,Official community discussion thread with 14 total reviews.,2026-09-11 04:23:34.502000
1400041279,Reader_Community,4.15,Official community discussion thread with 34 total reviews.,2026-09-11 04:23:34.502000
231054750,Reader_Community,4.14,Official community discussion thread with 1 total reviews.,2026-09-11 04:23:34.502000
131730363,Reader_Community,3.8,Official community discussion thread with 1 total reviews.,2026-09-11 04:23:34.502000
486449823,Reader_Community,4.25,Official community discussion thread with 1 total reviews.,2026-09-11 04:23:34.502000
763626295,Reader_Community,4.09,Official community discussion thread with 19 total reviews.,2026-09-11 04:23:34.502000
1857151992,Reader_Community,4.06,Official community discussion thread with 3 total reviews.,2026-09-11 04:23:34.503000
517266555,Reader_Community,4.09,Official community discussion thread with 824 total reviews.,2026-09-11 04:23:34.503000
689877994,Reader_Community,4.39,Official community discussion thread with 37 total reviews.,2026-09-11 04:23:34.503000
521598222,Reader_Community,4.07,Official community discussion thread with 3 total reviews.,2026-09-11 04:23:34.503000
198321473,Reader_Community,4.07,Official community discussion thread with 5 total reviews.,2026-09-11 04:23:34.503000
393974995,Reader_Community,4.11,Official community discussion thread with 680 total reviews.,2026-09-11 04:23:34.503000
300119941,Reader_Community,4.11,Official community discussion thread with 23 total reviews.,2026-09-11 04:23:34.503000
375759344,Reader_Community,4.21,Official community discussion thread with 74 total reviews.,2026-09-11 04:23:34.503000
670032565,Reader_Community,4.24,Official community discussion thread with 3382 total reviews.,2026-09-11 04:23:34.503000
224036408,Reader_Community,3.72,Official community discussion thread with 7 total reviews.,2026-09-11 04:23:34.503000
689807015,Reader_Community,3.49,Official community discussion thread with 9 total reviews.,2026-09-11 04:23:34.503000
689851901,Reader_Community,3.47,Official community discussion thread with 21 total reviews.,2026-09-11 04:23:34.503000
745635326,Reader_Community,3.93,Official community discussion thread with 6 total reviews.,2026-09-11 04:23:34.503000
631198199,Reader_Community,4.0,Official community discussion thread with 2 total reviews.,2026-09-11 04:23:34.504000
1853754153,Reader_Community,3.88,Official community discussion thread with 8 total reviews.,2026-09-11 04:23:34.504000
312997833,Reader_Community,3.72,Official community discussion thread with 5 total reviews.,2026-09-11 04:23:34.504000
312970749,Reader_Community,3.35,Official community discussion thread with 4 total reviews.,2026-09-11 04:23:34.504000
131935070,Reader_Community,3.85,Official community discussion thread with 3 total reviews.,2026-09-11 04:23:34.504000
1931414165,Reader_Community,4.44,Official community discussion thread with 6 total reviews.,2026-09-11 04:23:34.504000
805069372,Reader_Community,3.88,Official community discussion thread with 47 total reviews.,2026-09-11 04:23:34.504000
140192077,Reader_Community,4.19,Official community discussion thread with 12 total reviews.,2026-09-11 04:23:34.504000
892811455,Reader_Community,4.28,Official community discussion thread with 16 total reviews.,2026-09-11 04:23:34.504000
140193359,Reader_Community,4.19,Official community discussion thread with 7 total reviews.,2026-09-11 04:23:34.504000
312151225,Reader_Community,4.19,Official community discussion thread with 3 total reviews.,2026-09-11 04:23:34.505000
1593074743,Reader_Community,3.87,Official community discussion thread with 23 total reviews.,2026-09-11 04:23:34.505000
762104201,Reader_Community,4.23,Official community discussion thread with 37 total reviews.,2026-09-11 04:23:34.505000
762100737,Reader_Community,4.58,Official community discussion thread with 3 total reviews.,2026-09-11 04:23:34.505000
60936193,Reader_Community,3.72,Official community discussion thread with 126 total reviews.,2026-09-11 04:23:34.505000
078684907X,Reader_Community,4.03,Official community discussion thread with 4284 total reviews.,2026-09-11 04:23:34.505000
1416918086,Reader_Community,3.55,Official community discussion thread with 360 total reviews.,2026-09-11 04:23:34.505000
743292642,Reader_Community,3.85,Official community discussion thread with 672 total reviews.,2026-09-11 04:23:34.505000
805072454,Reader_Community,4.08,Official community discussion thread with 5609 total reviews.,2026-09-11 04:23:34.505000
812539370,Reader_Community,4.31,Official community discussion thread with 93 total reviews.,2026-09-11 04:23:34.506000
61131245,Reader_Community,4.06,Official community discussion thread with 327 total reviews.,2026-09-11 04:23:34.506000
006447268X,Reader_Community,4.21,Official community discussion thread with 391 total reviews.,2026-09-11 04:23:34.506000
64473546,Reader_Community,3.66,Official community discussion thread with 123 total reviews.,2026-09-11 04:23:34.506000
307265781,Reader_Community,3.61,Official community discussion thread with 1016 total reviews.,2026-09-11 04:23:34.506000
1902602684,Reader_Community,3.97,Official community discussion thread with 82 total reviews.,2026-09-11 04:23:34.506000
99498588,Reader_Community,3.64,Official community discussion thread with 59 total reviews.,2026-09-11 04:23:34.506000
99498634,Reader_Community,3.6,Official community discussion thread with 53 total reviews.,2026-09-11 04:23:34.506000
440122090,Reader_Community,3.8,Official community discussion thread with 455 total reviews.,2026-09-11 04:23:34.506000
99498669,Reader_Community,3.91,Official community discussion thread with 290 total reviews.,2026-09-11 04:23:34.506000
385335105,Reader_Community,3.53,Official community discussion thread with 30 total reviews.,2026-09-11 04:23:34.506000
752876872,Reader_Community,3.93,Official community discussion thread with 670 total reviews.,2026-09-11 04:23:34.506000
752876813,Reader_Community,3.91,Official community discussion thread with 386 total reviews.,2026-09-11 04:23:34.506000
394863658,Reader_Community,3.81,Official community discussion thread with 4 total reviews.,2026-09-11 04:23:34.506000
786222727,Reader_Community,4.47,Official community discussion thread with 13 total reviews.,2026-09-11 04:23:34.506000
679890548,Reader_Community,4.06,Official community discussion thread with 12 total reviews.,2026-09-11 04:23:34.506000
375813683,Reader_Community,3.99,Official community discussion thread with 70 total reviews.,2026-09-11 04:23:34.506000
375826882,Reader_Community,4.12,Official community discussion thread with 2 total reviews.,2026-09-11 04:23:34.506000
300116187,Reader_Community,4.55,Official community discussion thread with 6 total reviews.,2026-09-11 04:23:34.507000
034548357X,Reader_Community,4.0,Official community discussion thread with 25 total reviews.,2026-09-11 04:23:34.507000
156032597,Reader_Community,3.5,Official community discussion thread with 37 total reviews.,2026-09-11 04:23:34.507000
671024817,Reader_Community,3.71,Official community discussion thread with 40 total reviews.,2026-09-11 04:23:34.507000
1421500914,Reader_Community,4.41,Official community discussion thread with 40 total reviews.,2026-09-11 04:23:34.507000
1421500906,Reader_Community,4.41,Official community discussion thread with 86 total reviews.,2026-09-11 04:23:34.507000
1585100374,Reader_Community,3.97,Official community discussion thread with 3 total reviews.,2026-09-11 04:23:34.507000
226307654,Reader_Community,4.14,Official community discussion thread with 6 total reviews.,2026-09-11 04:23:34.507000
375701168,Reader_Community,4.08,Official community discussion thread with 314 total reviews.,2026-09-11 04:23:34.507000
872207293,Reader_Community,3.8,Official community discussion thread with 8 total reviews.,2026-09-11 04:23:34.507000
679409963,Reader_Community,4.08,Official community discussion thread with 14 total reviews.,2026-09-11 04:23:34.507000
679761640,Reader_Community,4.03,Official community discussion thread with 441 total reviews.,2026-09-11 04:23:34.507000
446520594,Reader_Community,4.16,Official community discussion thread with 1914 total reviews.,2026-09-11 04:23:34.507000
679760229,Reader_Community,3.65,Official community discussion thread with 90 total reviews.,2026-09-11 04:23:34.507000
375724745,Reader_Community,3.69,Official community discussion thread with 272 total reviews.,2026-09-11 04:23:34.507000
679761071,Reader_Community,3.85,Official community discussion thread with 86 total reviews.,2026-09-11 04:23:34.507000
4770016050,Reader_Community,3.8,Official community discussion thread with 74 total reviews.,2026-09-11 04:23:34.507000
679757910,Reader_Community,3.67,Official community discussion thread with 14 total reviews.,2026-09-11 04:23:34.507000
918172020,Reader_Community,4.09,Official community discussion thread with 480 total reviews.,2026-09-11 04:23:34.508000
2070401677,Reader_Community,3.8,Official community discussion thread with 2 total reviews.,2026-09-11 04:23:34.508000
552152978,Reader_Community,4.29,Official community discussion thread with 1758 total reviews.,2026-09-11 04:23:34.508000
60890312,Reader_Community,4.24,Official community discussion thread with 1230 total reviews.,2026-09-11 04:23:34.508000
552133256,Reader_Community,3.49,Official community discussion thread with 265 total reviews.,2026-09-11 04:23:34.508000
60094931,Reader_Community,4.07,Official community discussion thread with 191 total reviews.,2026-09-11 04:23:34.508000
60855924,Reader_Community,4.0,Official community discussion thread with 4478 total reviews.,2026-09-11 04:23:34.508000
413771164,Reader_Community,4.27,Official community discussion thread with 880 total reviews.,2026-09-11 04:23:34.508000
055255264X,Reader_Community,4.3,Official community discussion thread with 1294 total reviews.,2026-09-11 04:23:34.508000
60507772,Reader_Community,4.17,Official community discussion thread with 517 total reviews.,2026-09-11 04:23:34.508000
61020664,Reader_Community,4.13,Official community discussion thread with 1911 total reviews.,2026-09-11 04:23:34.508000
552146080,Reader_Community,4.06,Official community discussion thread with 19 total reviews.,2026-09-11 04:23:34.509000
61020702,Reader_Community,3.97,Official community discussion thread with 2031 total reviews.,2026-09-11 04:23:34.509000
60855908,Reader_Community,4.03,Official community discussion thread with 2261 total reviews.,2026-09-11 04:23:34.509000
413772195,Reader_Community,4.15,Official community discussion thread with 176 total reviews.,2026-09-11 04:23:34.509000
552146730,Reader_Community,4.0,Official community discussion thread with 143 total reviews.,2026-09-11 04:23:34.509000
552152943,Reader_Community,3.94,Official community discussion thread with 817 total reviews.,2026-09-11 04:23:34.509000
91898242,Reader_Community,3.94,Official community discussion thread with 95 total reviews.,2026-09-11 04:23:34.509000
552152951,Reader_Community,4.28,Official community discussion thread with 1445 total reviews.,2026-09-11 04:23:34.509000
60541873,Reader_Community,3.72,Official community discussion thread with 317 total reviews.,2026-09-11 04:23:34.509000
1857237250,Reader_Community,3.99,Official community discussion thread with 19 total reviews.,2026-09-11 04:23:34.509000
038560937X,Reader_Community,4.11,Official community discussion thread with 294 total reviews.,2026-09-11 04:23:34.509000
055215315X,Reader_Community,4.17,Official community discussion thread with 814 total reviews.,2026-09-11 04:23:34.509000
613572173,Reader_Community,4.33,Official community discussion thread with 2 total reviews.,2026-09-11 04:23:34.509000
552154288,Reader_Community,4.23,Official community discussion thread with 1373 total reviews.,2026-09-11 04:23:34.509000
006001234X,Reader_Community,4.05,Official community discussion thread with 952 total reviews.,2026-09-11 04:23:34.509000
739403451,Reader_Community,4.21,Official community discussion thread with 24 total reviews.,2026-09-11 04:23:34.509000
60013133,Reader_Community,4.38,Official community discussion thread with 114 total reviews.,2026-09-11 04:23:34.509000
057506885X,Reader_Community,4.17,Official community discussion thread with 83 total reviews.,2026-09-11 04:23:34.509000
61051586,Reader_Community,4.14,Official community discussion thread with 746 total reviews.,2026-09-11 04:23:34.510000
60094966,Reader_Community,3.92,Official community discussion thread with 176 total reviews.,2026-09-11 04:23:34.510000
785110593,Reader_Community,3.97,Official community discussion thread with 17 total reviews.,2026-09-11 04:23:34.510000
071484330X,Reader_Community,4.72,Official community discussion thread with 6 total reviews.,2026-09-11 04:23:34.510000
312291450,Reader_Community,4.0,Official community discussion thread with 731 total reviews.,2026-09-11 04:23:34.510000
080652569X,Reader_Community,4.0,Official community discussion thread with 117 total reviews.,2026-09-11 04:23:34.510000
425110427,Reader_Community,4.07,Official community discussion thread with 131 total reviews.,2026-09-11 04:23:34.510000
451454073,Reader_Community,3.52,Official community discussion thread with 8 total reviews.,2026-09-11 04:23:34.510000
399153691,Reader_Community,3.91,Official community discussion thread with 332 total reviews.,2026-09-11 04:23:34.510000
1590525086,Reader_Community,4.13,Official community discussion thread with 290 total reviews.,2026-09-11 04:23:34.510000
142402249,Reader_Community,3.97,Official community discussion thread with 489 total reviews.,2026-09-11 04:23:34.510000
425188930,Reader_Community,3.82,Official community discussion thread with 350 total reviews.,2026-09-11 04:23:34.510000
047004604X,Reader_Community,3.82,Official community discussion thread with 8 total reviews.,2026-09-11 04:23:34.510000
691008531,Reader_Community,3.99,Official community discussion thread with 7 total reviews.,2026-09-11 04:23:34.510000
670820555,Reader_Community,3.73,Official community discussion thread with 22 total reviews.,2026-09-11 04:23:34.510000
312320191,Reader_Community,4.14,Official community discussion thread with 25 total reviews.,2026-09-11 04:23:34.510000
812564758,Reader_Community,3.61,Official community discussion thread with 11 total reviews.,2026-09-11 04:23:34.510000
345296915,Reader_Community,4.14,Official community discussion thread with 7 total reviews.,2026-09-11 04:23:34.510000
275942694,Reader_Community,4.2,Official community discussion thread with 11 total reviews.,2026-09-11 04:23:34.510000
1574889230,Reader_Community,4.42,Official community discussion thread with 161 total reviews.,2026-09-11 04:23:34.511000
1580801420,Reader_Community,3.77,Official community discussion thread with 76 total reviews.,2026-09-11 04:23:34.511000
465070590,Reader_Community,4.19,Official community discussion thread with 10 total reviews.,2026-09-11 04:23:34.511000
037380248X,Reader_Community,3.91,Official community discussion thread with 12 total reviews.,2026-09-11 04:23:34.511000
786938218,Reader_Community,3.65,Official community discussion thread with 21 total reviews.,2026-09-11 04:23:34.511000
590444255,Reader_Community,4.3,Official community discussion thread with 92 total reviews.,2026-09-11 04:23:34.511000
804104557,Reader_Community,2.62,Official community discussion thread with 1 total reviews.,2026-09-11 04:23:34.511000
515100536,Reader_Community,4.25,Official community discussion thread with 33 total reviews.,2026-09-11 04:23:34.511000
034546639X,Reader_Community,4.03,Official community discussion thread with 650 total reviews.,2026-09-11 04:23:34.511000
60922559,Reader_Community,3.47,Official community discussion thread with 16 total reviews.,2026-09-11 04:23:34.511000
752858629,Reader_Community,3.62,Official community discussion thread with 1 total reviews.,2026-09-11 04:23:34.511000
751504351,Reader_Community,4.02,Official community discussion thread with 2 total reviews.,2026-09-11 04:23:34.511000
1561796778,Reader_Community,3.36,Official community discussion thread with 4 total reviews.,2026-09-11 04:23:34.511000
1563050757,Reader_Community,4.23,Official community discussion thread with 28 total reviews.,2026-09-11 04:23:34.511000
1933110333,Reader_Community,4.21,Official community discussion thread with 26 total reviews.,2026-09-11 04:23:34.511000
373771835,Reader_Community,4.04,Official community discussion thread with 3 total reviews.,2026-09-11 04:23:34.511000
373117191,Reader_Community,2.61,Official community discussion thread with 5 total reviews.,2026-09-11 04:23:34.512000
451180410,Reader_Community,4.0,Official community discussion thread with 59 total reviews.,2026-09-11 04:23:34.512000
330307606,Reader_Community,3.75,Official community discussion thread with 80 total reviews.,2026-09-11 04:23:34.512000
1575662450,Reader_Community,3.6,Official community discussion thread with 9 total reviews.,2026-09-11 04:23:34.512000
068487122X,Reader_Community,4.49,Official community discussion thread with 63 total reviews.,2026-09-11 04:23:34.512000
684807548,Reader_Community,4.03,Official community discussion thread with 30 total reviews.,2026-09-11 04:23:34.512000
671728202,Reader_Community,3.92,Official community discussion thread with 89 total reviews.,2026-09-11 04:23:34.512000
553282808,Reader_Community,3.84,Official community discussion thread with 68 total reviews.,2026-09-11 04:23:34.512000
1600100295,Reader_Community,4.23,Official community discussion thread with 67 total reviews.,2026-09-11 04:23:34.512000
000617695X,Reader_Community,4.05,Official community discussion thread with 17 total reviews.,2026-09-11 04:23:34.512000
821746219,Reader_Community,2.77,Official community discussion thread with 3 total reviews.,2026-09-11 04:23:34.512000
765305119,Reader_Community,4.25,Official community discussion thread with 2671 total reviews.,2026-09-11 04:23:34.512000
440421217,Reader_Community,4.1,Official community discussion thread with 1535 total reviews.,2026-09-11 04:23:34.512000
1402728115,Reader_Community,4.2,Official community discussion thread with 15 total reviews.,2026-09-11 04:23:34.512000
446617679,Reader_Community,3.98,Official community discussion thread with 77 total reviews.,2026-09-11 04:23:34.512000
786939184,Reader_Community,3.76,Official community discussion thread with 7 total reviews.,2026-09-11 04:23:34.512000
1416912274,Reader_Community,3.86,Official community discussion thread with 917 total reviews.,2026-09-11 04:23:34.512000
449908402,Reader_Community,4.27,Official community discussion thread with 16 total reviews.,2026-09-11 04:23:34.512000
1857236076,Reader_Community,3.97,Official community discussion thread with 3 total reviews.,2026-09-11 04:23:34.512000
1416502041,Reader_Community,4.27,Official community discussion thread with 4 total reviews.,2026-09-11 04:23:34.512000
345335287,Reader_Community,3.77,Official community discussion thread with 14 total reviews.,2026-09-11 04:23:34.512000
034543949X,Reader_Community,3.79,Official community discussion thread with 9 total reviews.,2026-09-11 04:23:34.512000
99409968,Reader_Community,3.57,Official community discussion thread with 455 total reviews.,2026-09-11 04:23:34.512000
2914370318,Reader_Community,3.45,Official community discussion thread with 2 total reviews.,2026-09-11 04:23:34.512000
3442352436,Reader_Community,3.57,Official community discussion thread with 4 total reviews.,2026-09-11 04:23:34.512000
1852521414,Reader_Community,3.95,Official community discussion thread with 11 total reviews.,2026-09-11 04:23:34.513000
1857230752,Reader_Community,3.99,Official community discussion thread with 256 total reviews.,2026-09-11 04:23:34.513000
1402736959,Reader_Community,4.12,Official community discussion thread with 31 total reviews.,2026-09-11 04:23:34.513000
7104847,Reader_Community,3.78,Official community discussion thread with 7 total reviews.,2026-09-11 04:23:34.513000
140120242X,Reader_Community,3.67,Official community discussion thread with 12 total reviews.,2026-09-11 04:23:34.513000
1401211984,Reader_Community,3.9,Official community discussion thread with 27 total reviews.,2026-09-11 04:23:34.513000
954734300,Reader_Community,3.79,Official community discussion thread with 32 total reviews.,2026-09-11 04:23:34.513000
310217601,Reader_Community,4.36,Official community discussion thread with 73 total reviews.,2026-09-11 04:23:34.513000
1416513418,Reader_Community,3.96,Official community discussion thread with 6 total reviews.,2026-09-11 04:23:34.513000
671521101,Reader_Community,3.96,Official community discussion thread with 34 total reviews.,2026-09-11 04:23:34.513000
1419954482,Reader_Community,3.63,Official community discussion thread with 8 total reviews.,2026-09-11 04:23:34.513000
939631903,Reader_Community,4.03,Official community discussion thread with 3 total reviews.,2026-09-11 04:23:34.514000
553096060,Reader_Community,3.63,Official community discussion thread with 44 total reviews.,2026-09-11 04:23:34.514000
395044995,Reader_Community,3.73,Official community discussion thread with 81 total reviews.,2026-09-11 04:23:34.514000
553563386,Reader_Community,4.04,Official community discussion thread with 91 total reviews.,2026-09-11 04:23:34.514000
019516895X,Reader_Community,4.35,Official community discussion thread with 992 total reviews.,2026-09-11 04:23:34.514000
345422910,Reader_Community,4.19,Official community discussion thread with 24 total reviews.,2026-09-11 04:23:34.514000
345381114,Reader_Community,4.22,Official community discussion thread with 11 total reviews.,2026-09-11 04:23:34.514000
201408252,Reader_Community,4.21,Official community discussion thread with 18 total reviews.,2026-09-11 04:23:34.514000
805390472,Reader_Community,4.62,Official community discussion thread with 2 total reviews.,2026-09-11 04:23:34.514000
345461584,Reader_Community,3.88,Official community discussion thread with 28 total reviews.,2026-09-11 04:23:34.514000
345495810,Reader_Community,3.46,Official community discussion thread with 4 total reviews.,2026-09-11 04:23:34.514000
345406443,Reader_Community,3.94,Official community discussion thread with 36 total reviews.,2026-09-11 04:23:34.514000
2290011150,Reader_Community,4.09,Official community discussion thread with 309 total reviews.,2026-09-11 04:23:34.514000
345468392,Reader_Community,3.95,Official community discussion thread with 47 total reviews.,2026-09-11 04:23:34.515000
345323904,Reader_Community,3.94,Official community discussion thread with 28 total reviews.,2026-09-11 04:23:34.515000
727845640,Reader_Community,4.03,Official community discussion thread with 29 total reviews.,2026-09-11 04:23:34.515000
441248837,Reader_Community,3.92,Official community discussion thread with 1 total reviews.,2026-09-11 04:23:34.515000
345443004,Reader_Community,3.51,Official community discussion thread with 100 total reviews.,2026-09-11 04:23:34.515000
446362379,Reader_Community,3.62,Official community discussion thread with 8 total reviews.,2026-09-11 04:23:34.515000
60518510,Reader_Community,3.96,Official community discussion thread with 13 total reviews.,2026-09-11 04:23:34.515000
044100847X,Reader_Community,3.33,Official community discussion thread with 23 total reviews.,2026-09-11 04:23:34.515000
446352640,Reader_Community,3.55,Official community discussion thread with 10 total reviews.,2026-09-11 04:23:34.515000
345418611,Reader_Community,3.82,Official community discussion thread with 21 total reviews.,2026-09-11 04:23:34.515000
143039849,Reader_Community,4.13,Official community discussion thread with 239 total reviews.,2026-09-11 04:23:34.515000
007141858X,Reader_Community,3.78,Official community discussion thread with 739 total reviews.,2026-09-11 04:23:34.516000
439895561,Reader_Community,3.85,Official community discussion thread with 1 total reviews.,2026-09-11 04:23:34.516000
679783202,Reader_Community,3.38,Official community discussion thread with 40 total reviews.,2026-09-11 04:23:34.516000
451526473,Reader_Community,3.35,Official community discussion thread with 29 total reviews.,2026-09-11 04:23:34.516000
1402726635,Reader_Community,3.86,Official community discussion thread with 7 total reviews.,2026-09-11 04:23:34.516000
765348446,Reader_Community,4.27,Official community discussion thread with 6 total reviews.,2026-09-11 04:23:34.516000
812513754,Reader_Community,4.13,Official community discussion thread with 1962 total reviews.,2026-09-11 04:23:34.516000
1841491837,Reader_Community,3.82,Official community discussion thread with 48 total reviews.,2026-09-11 04:23:34.516000
764587269,Reader_Community,3.79,Official community discussion thread with 3 total reviews.,2026-09-11 04:23:34.516000
785116346,Reader_Community,3.62,Official community discussion thread with 7 total reviews.,2026-09-11 04:23:34.516000
074325578X,Reader_Community,3.79,Official community discussion thread with 6 total reviews.,2026-09-11 04:23:34.516000
1419542249,Reader_Community,3.79,Official community discussion thread with 3 total reviews.,2026-09-11 04:23:34.516000
553576372,Reader_Community,3.56,Official community discussion thread with 24 total reviews.,2026-09-11 04:23:34.516000
452269687,Reader_Community,3.79,Official community discussion thread with 6 total reviews.,2026-09-11 04:23:34.516000
452273374,Reader_Community,4.1,Official community discussion thread with 48 total reviews.,2026-09-11 04:23:34.517000
076660828X,Reader_Community,3.79,Official community discussion thread with 4 total reviews.,2026-09-11 04:23:34.517000
684850621,Reader_Community,3.72,Official community discussion thread with 39 total reviews.,2026-09-11 04:23:34.517000
879100362,Reader_Community,4.41,Official community discussion thread with 239 total reviews.,2026-09-11 04:23:34.517000
671470728,Reader_Community,4.07,Official community discussion thread with 1 total reviews.,2026-09-11 04:23:34.517000
895873311,Reader_Community,3.94,Official community discussion thread with 13 total reviews.,2026-09-11 04:23:34.517000
373793189,Reader_Community,3.69,Official community discussion thread with 46 total reviews.,2026-09-11 04:23:34.517000
373793243,Reader_Community,3.73,Official community discussion thread with 35 total reviews.,2026-09-11 04:23:34.517000
670034576,Reader_Community,4.3,Official community discussion thread with 383 total reviews.,2026-09-11 04:23:34.517000
1400052211,Reader_Community,3.85,Official community discussion thread with 95 total reviews.,2026-09-11 04:23:34.517000
760328242,Reader_Community,3.93,Official community discussion thread with 57 total reviews.,2026-09-11 04:23:34.517000
1569803102,Reader_Community,3.97,Official community discussion thread with 35 total reviews.,2026-09-11 04:23:34.517000
61094234,Reader_Community,3.89,Official community discussion thread with 274 total reviews.,2026-09-11 04:23:34.517000
425039293,Reader_Community,3.56,Official community discussion thread with 7 total reviews.,2026-09-11 04:23:34.517000
393703274,Reader_Community,4.27,Official community discussion thread with 45 total reviews.,2026-09-11 04:23:34.518000
842356290,Reader_Community,4.43,Official community discussion thread with 388 total reviews.,2026-09-11 04:23:34.518000
440236630,Reader_Community,4.08,Official community discussion thread with 360 total reviews.,2026-09-11 04:23:34.518000
820321753,Reader_Community,4.11,Official community discussion thread with 61 total reviews.,2026-09-11 04:23:34.518000
689854595,Reader_Community,3.65,Official community discussion thread with 62 total reviews.,2026-09-11 04:23:34.518000
671892673,Reader_Community,3.62,Official community discussion thread with 103 total reviews.,2026-09-11 04:23:34.518000
451211448,Reader_Community,4.03,Official community discussion thread with 148 total reviews.,2026-09-11 04:23:34.518000
385496052,Reader_Community,3.89,Official community discussion thread with 153 total reviews.,2026-09-11 04:23:34.518000
373078544,Reader_Community,4.25,Official community discussion thread with 15 total reviews.,2026-09-11 04:23:34.518000
1416530746,Reader_Community,3.95,Official community discussion thread with 252 total reviews.,2026-09-11 04:23:34.518000
553581856,Reader_Community,3.89,Official community discussion thread with 201 total reviews.,2026-09-11 04:23:34.518000
756622387,Reader_Community,4.33,Official community discussion thread with 40 total reviews.,2026-09-11 04:23:34.518000
756630525,Reader_Community,4.33,Official community discussion thread with 17 total reviews.,2026-09-11 04:23:34.518000
756614198,Reader_Community,4.31,Official community discussion thread with 9 total reviews.,2026-09-11 04:23:34.518000
761554912,Reader_Community,4.62,Official community discussion thread with 2 total reviews.,2026-09-11 04:23:34.519000
034547760X,Reader_Community,4.18,Official community discussion thread with 11 total reviews.,2026-09-11 04:23:34.519000
345449010,Reader_Community,4.3,Official community discussion thread with 11 total reviews.,2026-09-11 04:23:34.519000
345463056,Reader_Community,3.49,Official community discussion thread with 55 total reviews.,2026-09-11 04:23:34.519000
1593077092,Reader_Community,3.79,Official community discussion thread with 7 total reviews.,2026-09-11 04:23:34.519000
345477383,Reader_Community,3.99,Official community discussion thread with 280 total reviews.,2026-09-11 04:23:34.519000
810959364,Reader_Community,4.13,Official community discussion thread with 10 total reviews.,2026-09-11 04:23:34.519000
1569719624,Reader_Community,3.85,Official community discussion thread with 38 total reviews.,2026-09-11 04:23:34.519000
345494768,Reader_Community,4.53,Official community discussion thread with 95 total reviews.,2026-09-11 04:23:34.519000
345449037,Reader_Community,4.08,Official community discussion thread with 7 total reviews.,2026-09-11 04:23:34.519000
811828034,Reader_Community,3.86,Official community discussion thread with 15 total reviews.,2026-09-11 04:23:34.519000
075662343X,Reader_Community,4.05,Official community discussion thread with 11 total reviews.,2026-09-11 04:23:34.519000
1593076274,Reader_Community,3.68,Official community discussion thread with 10 total reviews.,2026-09-11 04:23:34.520000
345449029,Reader_Community,4.12,Official community discussion thread with 7 total reviews.,2026-09-11 04:23:34.520000
1593076401,Reader_Community,4.07,Official community discussion thread with 100 total reviews.,2026-09-11 04:23:34.520000
811848833,Reader_Community,4.5,Official community discussion thread with 2 total reviews.,2026-09-11 04:23:34.520000
1593075537,Reader_Community,4.11,Official community discussion thread with 25 total reviews.,2026-09-11 04:23:34.520000
811821846,Reader_Community,3.93,Official community discussion thread with 57 total reviews.,2026-09-11 04:23:34.520000
345449002,Reader_Community,3.98,Official community discussion thread with 3 total reviews.,2026-09-11 04:23:34.520000
345475828,Reader_Community,4.25,Official community discussion thread with 138 total reviews.,2026-09-11 04:23:34.520000
1569716196,Reader_Community,3.89,Official community discussion thread with 36 total reviews.,2026-09-11 04:23:34.520000
439681308,Reader_Community,3.14,Official community discussion thread with 1 total reviews.,2026-09-11 04:23:34.520000
1593073526,Reader_Community,4.04,Official community discussion thread with 18 total reviews.,2026-09-11 04:23:34.520000
1593074824,Reader_Community,4.1,Official community discussion thread with 20 total reviews.,2026-09-11 04:23:34.520000
99410389,Reader_Community,3.95,Official community discussion thread with 108 total reviews.,2026-09-11 04:23:34.520000
756611288,Reader_Community,4.16,Official community discussion thread with 18 total reviews.,2026-09-11 04:23:34.520000
811828697,Reader_Community,4.42,Official community discussion thread with 27 total reviews.,2026-09-11 04:23:34.521000
861714970,Reader_Community,4.03,Official community discussion thread with 37 total reviews.,2026-09-11 04:23:34.521000
1593077114,Reader_Community,3.94,Official community discussion thread with 23 total reviews.,2026-09-11 04:23:34.521000
1569719640,Reader_Community,3.82,Official community discussion thread with 32 total reviews.,2026-09-11 04:23:34.521000
345428838,Reader_Community,4.14,Official community discussion thread with 671 total reviews.,2026-09-11 04:23:34.521000
756611296,Reader_Community,4.21,Official community discussion thread with 4 total reviews.,2026-09-11 04:23:34.521000
1593075677,Reader_Community,3.78,Official community discussion thread with 10 total reviews.,2026-09-11 04:23:34.521000
1593074662,Reader_Community,3.51,Official community discussion thread with 9 total reviews.,2026-09-11 04:23:34.521000
345463099,Reader_Community,3.88,Official community discussion thread with 116 total reviews.,2026-09-11 04:23:34.521000
1401302335,Reader_Community,4.04,Official community discussion thread with 78 total reviews.,2026-09-11 04:23:34.521000
933121261,Reader_Community,4.53,Official community discussion thread with 8 total reviews.,2026-09-11 04:23:34.522000
803283857,Reader_Community,4.13,Official community discussion thread with 447 total reviews.,2026-09-11 04:23:34.522000
1416509089,Reader_Community,3.9,Official community discussion thread with 64 total reviews.,2026-09-11 04:23:34.522000
1416509380,Reader_Community,3.76,Official community discussion thread with 35 total reviews.,2026-09-11 04:23:34.522000
373612117,Reader_Community,3.64,Official community discussion thread with 2 total reviews.,2026-09-11 04:23:34.522000
60727535,Reader_Community,4.07,Official community discussion thread with 566 total reviews.,2026-09-11 04:23:34.522000
306813688,Reader_Community,3.79,Official community discussion thread with 25 total reviews.,2026-09-11 04:23:34.522000
141652729X,Reader_Community,3.62,Official community discussion thread with 56 total reviews.,2026-09-11 04:23:34.522000
1596432942,Reader_Community,3.87,Official community discussion thread with 179 total reviews.,2026-09-11 04:23:34.522000
1577314034,Reader_Community,4.43,Official community discussion thread with 17 total reviews.,2026-09-11 04:23:34.522000
1577312090,Reader_Community,4.22,Official community discussion thread with 49 total reviews.,2026-09-11 04:23:34.522000
385418868,Reader_Community,4.29,Official community discussion thread with 1451 total reviews.,2026-09-11 04:23:34.522000
316013315,Reader_Community,4.15,Official community discussion thread with 417 total reviews.,2026-09-11 04:23:34.522000
1592402690,Reader_Community,4.25,Official community discussion thread with 255 total reviews.,2026-09-11 04:23:34.522000
810959119,Reader_Community,4.18,Official community discussion thread with 12 total reviews.,2026-09-11 04:23:34.522000
60844094,Reader_Community,4.18,Official community discussion thread with 10 total reviews.,2026-09-11 04:23:34.523000
743235657,Reader_Community,4.03,Official community discussion thread with 137 total reviews.,2026-09-11 04:23:34.523000
157912058X,Reader_Community,4.26,Official community discussion thread with 34 total reviews.,2026-09-11 04:23:34.523000
1843537206,Reader_Community,3.91,Official community discussion thread with 4 total reviews.,2026-09-11 04:23:34.523000
451207351,Reader_Community,4.08,Official community discussion thread with 110 total reviews.,2026-09-11 04:23:34.523000
067401636X,Reader_Community,3.88,Official community discussion thread with 6 total reviews.,2026-09-11 04:23:34.523000
385315171,Reader_Community,4.16,Official community discussion thread with 46 total reviews.,2026-09-11 04:23:34.523000
618251456,Reader_Community,3.53,Official community discussion thread with 12 total reviews.,2026-09-11 04:23:34.523000
62736981,Reader_Community,4.18,Official community discussion thread with 100 total reviews.,2026-09-11 04:23:34.523000
393328864,Reader_Community,4.1,Official community discussion thread with 5 total reviews.,2026-09-11 04:23:34.523000
28621301,Reader_Community,3.73,Official community discussion thread with 2 total reviews.,2026-09-11 04:23:34.523000
380796988,Reader_Community,3.83,Official community discussion thread with 12 total reviews.,2026-09-11 04:23:34.523000
140165304,Reader_Community,4.03,Official community discussion thread with 17 total reviews.,2026-09-11 04:23:34.524000
375709223,Reader_Community,4.11,Official community discussion thread with 422 total reviews.,2026-09-11 04:23:34.524000
684854465,Reader_Community,4.13,Official community discussion thread with 171 total reviews.,2026-09-11 04:23:34.524000
1567313981,Reader_Community,4.11,Official community discussion thread with 1 total reviews.,2026-09-11 04:23:34.524000
451218043,Reader_Community,4.35,Official community discussion thread with 5325 total reviews.,2026-09-11 04:23:34.524000
553525026,Reader_Community,4.19,Official community discussion thread with 4 total reviews.,2026-09-11 04:23:34.525000
375753109,Reader_Community,4.35,Official community discussion thread with 66 total reviews.,2026-09-11 04:23:34.526000
701137681,Reader_Community,4.14,Official community discussion thread with 1 total reviews.,2026-09-11 04:23:34.526000
471272426,Reader_Community,4.02,Official community discussion thread with 11 total reviews.,2026-09-11 04:23:34.526000
393322963,Reader_Community,3.56,Official community discussion thread with 19 total reviews.,2026-09-11 04:23:34.526000
1573928917,Reader_Community,3.88,Official community discussion thread with 4 total reviews.,2026-09-11 04:23:34.526000
471133124,Reader_Community,3.91,Official community discussion thread with 3 total reviews.,2026-09-11 04:23:34.526000
934380236,Reader_Community,3.93,Official community discussion thread with 24 total reviews.,2026-09-11 04:23:34.526000
439405572,Reader_Community,3.9,Official community discussion thread with 1232 total reviews.,2026-09-11 04:23:34.526000
439405580,Reader_Community,4.0,Official community discussion thread with 404 total reviews.,2026-09-11 04:23:34.526000
439405599,Reader_Community,4.07,Official community discussion thread with 278 total reviews.,2026-09-11 04:23:34.526000
142403229,Reader_Community,3.77,Official community discussion thread with 57 total reviews.,2026-09-11 04:23:34.526000
312878605,Reader_Community,4.29,Official community discussion thread with 138 total reviews.,2026-09-11 04:23:34.526000
345452518,Reader_Community,3.83,Official community discussion thread with 154 total reviews.,2026-09-11 04:23:34.527000
646418424,Reader_Community,2.86,Official community discussion thread with 244 total reviews.,2026-09-11 04:23:34.527000
486297160,Reader_Community,3.52,Official community discussion thread with 7 total reviews.,2026-09-11 04:23:34.527000
1852424478,Reader_Community,3.71,Official community discussion thread with 26 total reviews.,2026-09-11 04:23:34.527000
1852426748,Reader_Community,3.69,Official community discussion thread with 24 total reviews.,2026-09-11 04:23:34.527000
1852424494,Reader_Community,3.65,Official community discussion thread with 40 total reviews.,2026-09-11 04:23:34.527000
067103443X,Reader_Community,3.89,Official community discussion thread with 17 total reviews.,2026-09-11 04:23:34.527000
671691325,Reader_Community,3.75,Official community discussion thread with 12 total reviews.,2026-09-11 04:23:34.527000
803273592,Reader_Community,3.43,Official community discussion thread with 1 total reviews.,2026-09-11 04:23:34.527000
1593072287,Reader_Community,4.18,Official community discussion thread with 302 total reviews.,2026-09-11 04:23:34.527000
1845760182,Reader_Community,4.18,Official community discussion thread with 3 total reviews.,2026-09-11 04:23:34.527000
1421513943,Reader_Community,3.97,Official community discussion thread with 3 total reviews.,2026-09-11 04:23:34.527000
61140503,Reader_Community,3.79,Official community discussion thread with 21 total reviews.,2026-09-11 04:23:34.527000
373764197,Reader_Community,4.12,Official community discussion thread with 1 total reviews.,2026-09-11 04:23:34.527000
006000181X,Reader_Community,3.66,Official community discussion thread with 11 total reviews.,2026-09-11 04:23:34.528000
373483376,Reader_Community,4.2,Official community discussion thread with 2 total reviews.,2026-09-11 04:23:34.528000
1401204104,Reader_Community,4.47,Official community discussion thread with 2 total reviews.,2026-09-11 04:23:34.528000
1563898411,Reader_Community,4.2,Official community discussion thread with 1 total reviews.,2026-09-11 04:23:34.528000
1401212484,Reader_Community,3.47,Official community discussion thread with 11 total reviews.,2026-09-11 04:23:34.528000
1427802114,Reader_Community,4.23,Official community discussion thread with 1 total reviews.,2026-09-11 04:23:34.528000
24181900,Reader_Community,4.19,Official community discussion thread with 16 total reviews.,2026-09-11 04:23:34.528000
1416509372,Reader_Community,4.13,Official community discussion thread with 1424 total reviews.,2026-09-11 04:23:34.528000
1587155877,Reader_Community,3.71,Official community discussion thread with 17 total reviews.,2026-09-11 04:23:34.528000
074329243X,Reader_Community,3.56,Official community discussion thread with 73 total reviews.,2026-09-11 04:23:34.528000
743272099,Reader_Community,3.56,Official community discussion thread with 14 total reviews.,2026-09-11 04:23:34.528000
1558321829,Reader_Community,3.91,Official community discussion thread with 10 total reviews.,2026-09-11 04:23:34.528000
689846177,Reader_Community,4.03,Official community discussion thread with 57 total reviews.,2026-09-11 04:23:34.528000
6550436,Reader_Community,3.99,Official community discussion thread with 49 total reviews.,2026-09-11 04:23:34.528000
7170408,Reader_Community,3.92,Official community discussion thread with 11 total reviews.,2026-09-11 04:23:34.528000
1597770760,Reader_Community,3.99,Official community discussion thread with 49 total reviews.,2026-09-11 04:23:34.529000
1582433453,Reader_Community,3.77,Official community discussion thread with 76 total reviews.,2026-09-11 04:23:34.529000
571214266,Reader_Community,3.89,Official community discussion thread with 3 total reviews.,2026-09-11 04:23:34.529000
571225551,Reader_Community,4.07,Official community discussion thread with 23 total reviews.,2026-09-11 04:23:34.529000
312172257,Reader_Community,3.83,Official community discussion thread with 7 total reviews.,2026-09-11 04:23:34.529000
618074511,Reader_Community,3.68,Official community discussion thread with 144 total reviews.,2026-09-11 04:23:34.529000
140238131,Reader_Community,3.33,Official community discussion thread with 81 total reviews.,2026-09-11 04:23:34.529000
618056807,Reader_Community,3.47,Official community discussion thread with 49 total reviews.,2026-09-11 04:23:34.529000
1578067596,Reader_Community,4.26,Official community discussion thread with 7 total reviews.,2026-09-11 04:23:34.529000
1842931857,Reader_Community,4.08,Official community discussion thread with 15 total reviews.,2026-09-11 04:23:34.529000
394718135,Reader_Community,3.91,Official community discussion thread with 7 total reviews.,2026-09-11 04:23:34.529000
856684988,Reader_Community,4.2,Official community discussion thread with 2 total reviews.,2026-09-11 04:23:34.529000
044652641X,Reader_Community,3.64,Official community discussion thread with 3 total reviews.,2026-09-11 04:23:34.529000
1400095298,Reader_Community,3.48,Official community discussion thread with 42 total reviews.,2026-09-11 04:23:34.529000
037570471X,Reader_Community,3.59,Official community discussion thread with 50 total reviews.,2026-09-11 04:23:34.529000
1400095301,Reader_Community,3.53,Official community discussion thread with 39 total reviews.,2026-09-11 04:23:34.529000
037572737X,Reader_Community,4.21,Official community discussion thread with 639 total reviews.,2026-09-11 04:23:34.529000
61014095,Reader_Community,3.69,Official community discussion thread with 5 total reviews.,2026-09-11 04:23:34.529000
684802031,Reader_Community,4.1,Official community discussion thread with 350 total reviews.,2026-09-11 04:23:34.529000
743269519,Reader_Community,4.1,Official community discussion thread with 7024 total reviews.,2026-09-11 04:23:34.529000
074329730X,Reader_Community,3.99,Official community discussion thread with 528 total reviews.,2026-09-11 04:23:34.529000
1594481946,Reader_Community,3.5,Official community discussion thread with 463 total reviews.,2026-09-11 04:23:34.530000
1594489254,Reader_Community,3.9,Official community discussion thread with 2855 total reviews.,2026-09-11 04:23:34.530000
151327734,Reader_Community,3.96,Official community discussion thread with 17 total reviews.,2026-09-11 04:23:34.530000
786702273,Reader_Community,3.16,Official community discussion thread with 13 total reviews.,2026-09-11 04:23:34.530000
140396792X,Reader_Community,4.0,Official community discussion thread with 5 total reviews.,2026-09-11 04:23:34.530000
1555600387,Reader_Community,3.89,Official community discussion thread with 6 total reviews.,2026-09-11 04:23:34.530000
756404320,Reader_Community,3.89,Official community discussion thread with 208 total reviews.,2026-09-11 04:23:34.530000
756400430,Reader_Community,3.88,Official community discussion thread with 132 total reviews.,2026-09-11 04:23:34.530000
756403146,Reader_Community,3.93,Official community discussion thread with 487 total reviews.,2026-09-11 04:23:34.530000
756403189,Reader_Community,4.17,Official community discussion thread with 7 total reviews.,2026-09-11 04:23:34.530000
886774446,Reader_Community,4.05,Official community discussion thread with 95 total reviews.,2026-09-11 04:23:34.530000
886777992,Reader_Community,4.04,Official community discussion thread with 197 total reviews.,2026-09-11 04:23:34.530000
60511133,Reader_Community,3.78,Official community discussion thread with 63 total reviews.,2026-09-11 04:23:34.530000
373772521,Reader_Community,3.8,Official community discussion thread with 45 total reviews.,2026-09-11 04:23:34.530000
1551669048,Reader_Community,3.91,Official community discussion thread with 28 total reviews.,2026-09-11 04:23:34.530000
380763397,Reader_Community,3.92,Official community discussion thread with 79 total reviews.,2026-09-11 04:23:34.530000
60511109,Reader_Community,3.65,Official community discussion thread with 48 total reviews.,2026-09-11 04:23:34.530000
373771258,Reader_Community,3.99,Official community discussion thread with 65 total reviews.,2026-09-11 04:23:34.530000
747253749,Reader_Community,4.48,Official community discussion thread with 8 total reviews.,2026-09-11 04:23:34.530000
618339558,Reader_Community,3.69,Official community discussion thread with 18 total reviews.,2026-09-11 04:23:34.530000
553586076,Reader_Community,4.23,Official community discussion thread with 70 total reviews.,2026-09-11 04:23:34.530000
1556526008,Reader_Community,3.87,Official community discussion thread with 158 total reviews.,2026-09-11 04:23:34.530000
155652644X,Reader_Community,4.09,Official community discussion thread with 326 total reviews.,2026-09-11 04:23:34.531000
449236412,Reader_Community,3.89,Official community discussion thread with 26 total reviews.,2026-09-11 04:23:34.531000
805072837,Reader_Community,3.55,Official community discussion thread with 11 total reviews.,2026-09-11 04:23:34.531000
520239326,Reader_Community,3.73,Official community discussion thread with 6 total reviews.,2026-09-11 04:23:34.531000
553372122,Reader_Community,3.73,Official community discussion thread with 42 total reviews.,2026-09-11 04:23:34.531000
231124929,Reader_Community,3.59,Official community discussion thread with 1 total reviews.,2026-09-11 04:23:34.531000
520040244,Reader_Community,3.73,Official community discussion thread with 1 total reviews.,2026-09-11 04:23:34.531000
142300195,Reader_Community,3.54,Official community discussion thread with 12 total reviews.,2026-09-11 04:23:34.531000
451139690,Reader_Community,4.02,Official community discussion thread with 22 total reviews.,2026-09-11 04:23:34.531000
143039911,Reader_Community,4.31,Official community discussion thread with 20 total reviews.,2026-09-11 04:23:34.531000
006083093X,Reader_Community,4.26,Official community discussion thread with 13 total reviews.,2026-09-11 04:23:34.531000
1931082723,Reader_Community,4.34,Official community discussion thread with 174 total reviews.,2026-09-11 04:23:34.531000
60957905,Reader_Community,4.19,Official community discussion thread with 137 total reviews.,2026-09-11 04:23:34.531000
345350804,Reader_Community,4.31,Official community discussion thread with 545 total reviews.,2026-09-11 04:23:34.531000
345331052,Reader_Community,4.12,Official community discussion thread with 65 total reviews.,2026-09-11 04:23:34.531000
345384229,Reader_Community,4.3,Official community discussion thread with 93 total reviews.,2026-09-11 04:23:34.531000
1589943074,Reader_Community,4.05,Official community discussion thread with 9 total reviews.,2026-09-11 04:23:34.531000
345384210,Reader_Community,4.23,Official community discussion thread with 160 total reviews.,2026-09-11 04:23:34.531000
152054510,Reader_Community,3.47,Official community discussion thread with 166 total reviews.,2026-09-11 04:23:34.531000
152050868,Reader_Community,3.87,Official community discussion thread with 195 total reviews.,2026-09-11 04:23:34.531000
152054472,Reader_Community,3.79,Official community discussion thread with 119 total reviews.,2026-09-11 04:23:34.531000
152051163,Reader_Community,3.76,Official community discussion thread with 77 total reviews.,2026-09-11 04:23:34.531000
1588467988,Reader_Community,4.2,Official community discussion thread with 1 total reviews.,2026-09-11 04:23:34.531000
373870280,Reader_Community,3.78,Official community discussion thread with 1 total reviews.,2026-09-11 04:23:34.532000
486287769,Reader_Community,3.96,Official community discussion thread with 35 total reviews.,2026-09-11 04:23:34.532000
1551114127,Reader_Community,2.63,Official community discussion thread with 18 total reviews.,2026-09-11 04:23:34.532000
761417125,Reader_Community,4.0,Official community discussion thread with 2 total reviews.,2026-09-11 04:23:34.532000
068483183X,Reader_Community,4.02,Official community discussion thread with 199 total reviews.,2026-09-11 04:23:34.532000
195135792,Reader_Community,4.4,Official community discussion thread with 3 total reviews.,2026-09-11 04:23:34.532000
425127265,Reader_Community,4.01,Official community discussion thread with 4 total reviews.,2026-09-11 04:23:34.532000
70456712,Reader_Community,3.52,Official community discussion thread with 25 total reviews.,2026-09-11 04:23:34.532000
1932051295,Reader_Community,3.0,Official community discussion thread with 1 total reviews.,2026-09-11 04:23:34.532000
039330700X,Reader_Community,4.12,Official community discussion thread with 179 total reviews.,2026-09-11 04:23:34.532000
195101286,Reader_Community,3.67,Official community discussion thread with 2 total reviews.,2026-09-11 04:23:34.532000
1584655801,Reader_Community,5.0,Official community discussion thread with 1 total reviews.,2026-09-11 04:23:34.532000
870541854,Reader_Community,3.31,Official community discussion thread with 3 total reviews.,2026-09-11 04:23:34.532000
1568820402,Reader_Community,3.75,Official community discussion thread with 6 total reviews.,2026-09-11 04:23:34.532000
312257376,Reader_Community,4.02,Official community discussion thread with 36 total reviews.,2026-09-11 04:23:34.532000
451529944,Reader_Community,4.02,Official community discussion thread with 50 total reviews.,2026-09-11 04:23:34.532000
074348777X,Reader_Community,4.02,Official community discussion thread with 7 total reviews.,2026-09-11 04:23:34.533000
940450798,Reader_Community,4.35,Official community discussion thread with 36 total reviews.,2026-09-11 04:23:34.533000
345478231,Reader_Community,4.01,Official community discussion thread with 93 total reviews.,2026-09-11 04:23:34.533000
8483105020,Reader_Community,4.17,Official community discussion thread with 35 total reviews.,2026-09-11 04:23:34.533000
142000191,Reader_Community,4.09,Official community discussion thread with 8 total reviews.,2026-09-11 04:23:34.533000
140157182,Reader_Community,3.79,Official community discussion thread with 12 total reviews.,2026-09-11 04:23:34.533000
778323560,Reader_Community,3.81,Official community discussion thread with 246 total reviews.,2026-09-11 04:23:34.533000
451408691,Reader_Community,3.81,Official community discussion thread with 93 total reviews.,2026-09-11 04:23:34.533000
778324788,Reader_Community,3.94,Official community discussion thread with 197 total reviews.,2026-09-11 04:23:34.533000
778322734,Reader_Community,3.74,Official community discussion thread with 87 total reviews.,2026-09-11 04:23:34.533000
1551665719,Reader_Community,3.63,Official community discussion thread with 38 total reviews.,2026-09-11 04:23:34.533000
380776049,Reader_Community,3.82,Official community discussion thread with 95 total reviews.,2026-09-11 04:23:34.533000
451192524,Reader_Community,3.68,Official community discussion thread with 67 total reviews.,2026-09-11 04:23:34.533000
082176053X,Reader_Community,3.64,Official community discussion thread with 17 total reviews.,2026-09-11 04:23:34.533000
140383190,Reader_Community,3.8,Official community discussion thread with 92 total reviews.,2026-09-11 04:23:34.533000
142300845,Reader_Community,3.61,Official community discussion thread with 2 total reviews.,2026-09-11 04:23:34.533000
1416520392,Reader_Community,3.8,Official community discussion thread with 82 total reviews.,2026-09-11 04:23:34.533000
618196250,Reader_Community,3.92,Official community discussion thread with 61 total reviews.,2026-09-11 04:23:34.533000
395971284,Reader_Community,4.13,Official community discussion thread with 145 total reviews.,2026-09-11 04:23:34.533000
6754899,Reader_Community,4.26,Official community discussion thread with 11 total reviews.,2026-09-11 04:23:34.533000
618070230,Reader_Community,4.04,Official community discussion thread with 44 total reviews.,2026-09-11 04:23:34.533000
395971853,Reader_Community,4.13,Official community discussion thread with 96 total reviews.,2026-09-11 04:23:34.533000
812538838,Reader_Community,3.71,Official community discussion thread with 11 total reviews.,2026-09-11 04:23:34.533000
836246217,Reader_Community,4.12,Official community discussion thread with 2 total reviews.,2026-09-11 04:23:34.533000
60081716,Reader_Community,4.37,Official community discussion thread with 50 total reviews.,2026-09-11 04:23:34.533000
824521234,Reader_Community,3.6,Official community discussion thread with 1 total reviews.,2026-09-11 04:23:34.533000
787982377,Reader_Community,3.67,Official community discussion thread with 12 total reviews.,2026-09-11 04:23:34.533000
887511120,Reader_Community,3.4,Official community discussion thread with 3 total reviews.,2026-09-11 04:23:34.534000
1563892472,Reader_Community,4.04,Official community discussion thread with 6 total reviews.,2026-09-11 04:23:34.534000
1592851614,Reader_Community,4.44,Official community discussion thread with 41 total reviews.,2026-09-11 04:23:34.534000
198601735,Reader_Community,4.2,Official community discussion thread with 2 total reviews.,2026-09-11 04:23:34.534000
521638763,Reader_Community,3.9,Official community discussion thread with 10 total reviews.,2026-09-11 04:23:34.534000
521398339,Reader_Community,3.88,Official community discussion thread with 3 total reviews.,2026-09-11 04:23:34.534000
1594480672,Reader_Community,3.32,Official community discussion thread with 65 total reviews.,2026-09-11 04:23:34.534000
1565044045,Reader_Community,3.45,Official community discussion thread with 2 total reviews.,2026-09-11 04:23:34.534000
786845031,Reader_Community,5.0,Official community discussion thread with 1 total reviews.,2026-09-11 04:23:34.534000
415247969,Reader_Community,3.9,Official community discussion thread with 1 total reviews.,2026-09-11 04:23:34.534000
805069569,Reader_Community,3.73,Official community discussion thread with 82 total reviews.,2026-09-11 04:23:34.534000
1568821786,Reader_Community,3.79,Official community discussion thread with 1 total reviews.,2026-09-11 04:23:34.534000
64440958,Reader_Community,3.74,Official community discussion thread with 31 total reviews.,2026-09-11 04:23:34.534000
60225351,Reader_Community,3.61,Official community discussion thread with 1 total reviews.,2026-09-11 04:23:34.534000
64440575,Reader_Community,3.82,Official community discussion thread with 23 total reviews.,2026-09-11 04:23:34.534000
64441768,Reader_Community,3.65,Official community discussion thread with 15 total reviews.,2026-09-11 04:23:34.534000
805427775,Reader_Community,3.44,Official community discussion thread with 9 total reviews.,2026-09-11 04:23:34.534000
092900549X,Reader_Community,3.43,Official community discussion thread with 1 total reviews.,2026-09-11 04:23:34.534000
689716044,Reader_Community,3.79,Official community discussion thread with 147 total reviews.,2026-09-11 04:23:34.534000
976234963,Reader_Community,4.43,Official community discussion thread with 30 total reviews.,2026-09-11 04:23:34.534000
701179791,Reader_Community,3.95,Official community discussion thread with 264 total reviews.,2026-09-11 04:23:34.534000
701176814,Reader_Community,3.92,Official community discussion thread with 10 total reviews.,2026-09-11 04:23:34.534000
1567921892,Reader_Community,3.71,Official community discussion thread with 3061 total reviews.,2026-09-11 04:23:34.534000
99462109,Reader_Community,3.92,Official community discussion thread with 347 total reviews.,2026-09-11 04:23:34.534000
1585678767,Reader_Community,3.82,Official community discussion thread with 819 total reviews.,2026-09-11 04:23:34.534000
4757506201,Reader_Community,4.5,Official community discussion thread with 10 total reviews.,2026-09-11 04:23:34.535000
4757508557,Reader_Community,4.55,Official community discussion thread with 2 total reviews.,2026-09-11 04:23:34.535000
4757509669,Reader_Community,4.56,Official community discussion thread with 1 total reviews.,2026-09-11 04:23:34.535000
4757507917,Reader_Community,4.56,Official community discussion thread with 2 total reviews.,2026-09-11 04:23:34.535000
4757512309,Reader_Community,4.57,Official community discussion thread with 1 total reviews.,2026-09-11 04:23:34.535000
140128468,Reader_Community,4.21,Official community discussion thread with 17 total reviews.,2026-09-11 04:23:34.535000
1596440783,Reader_Community,4.32,Official community discussion thread with 1 total reviews.,2026-09-11 04:23:34.535000
1933372133,Reader_Community,3.93,Official community discussion thread with 1619 total reviews.,2026-09-11 04:23:34.535000
99284294,Reader_Community,3.73,Official community discussion thread with 17 total reviews.,2026-09-11 04:23:34.535000
9781903254,Reader_Community,4.45,Official community discussion thread with 6 total reviews.,2026-09-11 04:23:34.535000
1840681128,Reader_Community,3.88,Official community discussion thread with 2 total reviews.,2026-09-11 04:23:34.535000
1560257016,Reader_Community,4.21,Official community discussion thread with 3 total reviews.,2026-09-11 04:23:34.535000
60593202,Reader_Community,3.79,Official community discussion thread with 45 total reviews.,2026-09-11 04:23:34.535000
380818205,Reader_Community,3.9,Official community discussion thread with 67 total reviews.,2026-09-11 04:23:34.535000
60593199,Reader_Community,3.87,Official community discussion thread with 58 total reviews.,2026-09-11 04:23:34.535000
60001445,Reader_Community,3.66,Official community discussion thread with 47 total reviews.,2026-09-11 04:23:34.535000
60001453,Reader_Community,3.85,Official community discussion thread with 61 total reviews.,2026-09-11 04:23:34.535000
60517611,Reader_Community,3.77,Official community discussion thread with 60 total reviews.,2026-09-11 04:23:34.535000
767904613,Reader_Community,3.99,Official community discussion thread with 48 total reviews.,2026-09-11 04:23:34.535000
231102437,Reader_Community,4.05,Official community discussion thread with 1 total reviews.,2026-09-11 04:23:34.535000
051722285X,Reader_Community,4.15,Official community discussion thread with 2230 total reviews.,2026-09-11 04:23:34.535000
821718258,Reader_Community,3.85,Official community discussion thread with 14 total reviews.,2026-09-11 04:23:34.535000
99601117,Reader_Community,3.48,Official community discussion thread with 8 total reviews.,2026-09-11 04:23:34.535000
520231511,Reader_Community,3.42,Official community discussion thread with 1 total reviews.,2026-09-11 04:23:34.535000
753812932,Reader_Community,3.88,Official community discussion thread with 33 total reviews.,2026-09-11 04:23:34.535000
1406955817,Reader_Community,3.72,Official community discussion thread with 36 total reviews.,2026-09-11 04:23:34.535000
553273868,Reader_Community,3.66,Official community discussion thread with 20 total reviews.,2026-09-11 04:23:34.535000
553763245,Reader_Community,3.63,Official community discussion thread with 42 total reviews.,2026-09-11 04:23:34.535000
763625892,Reader_Community,4.37,Official community discussion thread with 8035 total reviews.,2026-09-11 04:23:34.535000
763618985,Reader_Community,3.82,Official community discussion thread with 2279 total reviews.,2026-09-11 04:23:34.536000
763623326,Reader_Community,4.15,Official community discussion thread with 332 total reviews.,2026-09-11 04:23:34.536000
763625299,Reader_Community,4.04,Official community discussion thread with 8457 total reviews.,2026-09-11 04:23:34.536000
763622702,Reader_Community,4.05,Official community discussion thread with 831 total reviews.,2026-09-11 04:23:34.536000
763630144,Reader_Community,4.16,Official community discussion thread with 202 total reviews.,2026-09-11 04:23:34.536000
140620273,Reader_Community,3.79,Official community discussion thread with 32 total reviews.,2026-09-11 04:23:34.536000
1857331648,Reader_Community,3.29,Official community discussion thread with 1 total reviews.,2026-09-11 04:23:34.536000
521476763,Reader_Community,4.36,Official community discussion thread with 2 total reviews.,2026-09-11 04:23:34.536000
765345706,Reader_Community,3.96,Official community discussion thread with 69 total reviews.,2026-09-11 04:23:34.536000
765357666,Reader_Community,3.94,Official community discussion thread with 271 total reviews.,2026-09-11 04:23:34.536000
618439099,Reader_Community,3.8,Official community discussion thread with 118 total reviews.,2026-09-11 04:23:34.536000
1891830600,Reader_Community,3.76,Official community discussion thread with 400 total reviews.,2026-09-11 04:23:34.536000
1593070691,Reader_Community,3.52,Official community discussion thread with 1 total reviews.,2026-09-11 04:23:34.536000
375714766,Reader_Community,3.8,Official community discussion thread with 468 total reviews.,2026-09-11 04:23:34.536000
2840558599,Reader_Community,3.8,Official community discussion thread with 1 total reviews.,2026-09-11 04:23:34.536000
520206398,Reader_Community,4.31,Official community discussion thread with 4 total reviews.,2026-09-11 04:23:34.536000
1857024699,Reader_Community,4.02,Official community discussion thread with 92 total reviews.,2026-09-11 04:23:34.536000
865473013,Reader_Community,3.72,Official community discussion thread with 33 total reviews.,2026-09-11 04:23:34.536000
425214435,Reader_Community,4.18,Official community discussion thread with 519 total reviews.,2026-09-11 04:23:34.536000
60084537,Reader_Community,4.05,Official community discussion thread with 23 total reviews.,2026-09-11 04:23:34.536000
425204308,Reader_Community,4.18,Official community discussion thread with 453 total reviews.,2026-09-11 04:23:34.536000
425205819,Reader_Community,4.11,Official community discussion thread with 1738 total reviews.,2026-09-11 04:23:34.536000
743484193,Reader_Community,4.22,Official community discussion thread with 416 total reviews.,2026-09-11 04:23:34.536000
425141233,Reader_Community,4.26,Official community discussion thread with 503 total reviews.,2026-09-11 04:23:34.536000
758212380,Reader_Community,4.2,Official community discussion thread with 8 total reviews.,2026-09-11 04:23:34.536000
1844675734,Reader_Community,3.8,Official community discussion thread with 11 total reviews.,2026-09-11 04:23:34.536000
761956921,Reader_Community,4.11,Official community discussion thread with 28 total reviews.,2026-09-11 04:23:34.536000
231121008,Reader_Community,3.84,Official community discussion thread with 7 total reviews.,2026-09-11 04:23:34.536000
8497934326,Reader_Community,3.98,Official community discussion thread with 13 total reviews.,2026-09-11 04:23:34.536000
425213617,Reader_Community,3.96,Official community discussion thread with 1141 total reviews.,2026-09-11 04:23:34.537000
60002050,Reader_Community,4.06,Official community discussion thread with 133 total reviews.,2026-09-11 04:23:34.537000
312352360,Reader_Community,4.41,Official community discussion thread with 36 total reviews.,2026-09-11 04:23:34.537000
1419953966,Reader_Community,4.21,Official community discussion thread with 27 total reviews.,2026-09-11 04:23:34.537000
821780573,Reader_Community,3.9,Official community discussion thread with 33 total reviews.,2026-09-11 04:23:34.537000
786809604,Reader_Community,3.66,Official community discussion thread with 432 total reviews.,2026-09-11 04:23:34.537000
64408744,Reader_Community,3.54,Official community discussion thread with 22 total reviews.,2026-09-11 04:23:34.537000
64405958,Reader_Community,3.6,Official community discussion thread with 30 total reviews.,2026-09-11 04:23:34.537000
60546573,Reader_Community,3.74,Official community discussion thread with 5 total reviews.,2026-09-11 04:23:34.537000
3423242302,Reader_Community,3.53,Official community discussion thread with 1 total reviews.,2026-09-11 04:23:34.537000
312346069,Reader_Community,4.36,Official community discussion thread with 505 total reviews.,2026-09-11 04:23:34.537000
764136313,Reader_Community,3.91,Official community discussion thread with 34 total reviews.,2026-09-11 04:23:34.537000
618084746,Reader_Community,3.98,Official community discussion thread with 4685 total reviews.,2026-09-11 04:23:34.537000
141185228,Reader_Community,3.98,Official community discussion thread with 169 total reviews.,2026-09-11 04:23:34.537000
1857152743,Reader_Community,3.79,Official community discussion thread with 90 total reviews.,2026-09-11 04:23:34.537000
1400042062,Reader_Community,3.79,Official community discussion thread with 15 total reviews.,2026-09-11 04:23:34.537000
684804425,Reader_Community,3.56,Official community discussion thread with 100 total reviews.,2026-09-11 04:23:34.537000
140435190,Reader_Community,3.61,Official community discussion thread with 10 total reviews.,2026-09-11 04:23:34.537000
674673778,Reader_Community,4.24,Official community discussion thread with 241 total reviews.,2026-09-11 04:23:34.537000
786812915,Reader_Community,3.95,Official community discussion thread with 98 total reviews.,2026-09-11 04:23:34.537000
61120065,Reader_Community,3.91,Official community discussion thread with 9536 total reviews.,2026-09-11 04:23:34.537000
310259665,Reader_Community,4.17,Official community discussion thread with 68 total reviews.,2026-09-11 04:23:34.537000
20518609,Reader_Community,4.26,Official community discussion thread with 12 total reviews.,2026-09-11 04:23:34.537000
312315732,Reader_Community,3.62,Official community discussion thread with 1968 total reviews.,2026-09-11 04:23:34.537000
316890669,Reader_Community,3.23,Official community discussion thread with 23 total reviews.,2026-09-11 04:23:34.537000
142001740,Reader_Community,4.05,Official community discussion thread with 26279 total reviews.,2026-09-11 04:23:34.537000
1841952885,Reader_Community,4.0,Official community discussion thread with 195 total reviews.,2026-09-11 04:23:34.537000
553011804,Reader_Community,4.14,Official community discussion thread with 2 total reviews.,2026-09-11 04:23:34.537000
316911488,Reader_Community,3.52,Official community discussion thread with 648 total reviews.,2026-09-11 04:23:34.537000
330375466,Reader_Community,3.95,Official community discussion thread with 96 total reviews.,2026-09-11 04:23:34.538000
1550546007,Reader_Community,3.72,Official community discussion thread with 48 total reviews.,2026-09-11 04:23:34.538000
006052510X,Reader_Community,3.79,Official community discussion thread with 182 total reviews.,2026-09-11 04:23:34.538000
851513344,Reader_Community,4.24,Official community discussion thread with 17 total reviews.,2026-09-11 04:23:34.538000
316013307,Reader_Community,3.09,Official community discussion thread with 40 total reviews.,2026-09-11 04:23:34.538000
521002931,Reader_Community,4.1,Official community discussion thread with 23 total reviews.,2026-09-11 04:23:34.538000
743484878,Reader_Community,3.88,Official community discussion thread with 832 total reviews.,2026-09-11 04:23:34.538000
872861902,Reader_Community,4.11,Official community discussion thread with 55 total reviews.,2026-09-11 04:23:34.538000
809015560,Reader_Community,3.84,Official community discussion thread with 11 total reviews.,2026-09-11 04:23:34.538000
1400031184,Reader_Community,3.64,Official community discussion thread with 131 total reviews.,2026-09-11 04:23:34.538000
440169127,Reader_Community,3.84,Official community discussion thread with 47 total reviews.,2026-09-11 04:23:34.538000
192803468,Reader_Community,3.61,Official community discussion thread with 18 total reviews.,2026-09-11 04:23:34.538000
425151042,Reader_Community,3.57,Official community discussion thread with 29 total reviews.,2026-09-11 04:23:34.538000
812565886,Reader_Community,4.14,Official community discussion thread with 61 total reviews.,2026-09-11 04:23:34.538000
515133086,Reader_Community,3.7,Official community discussion thread with 60 total reviews.,2026-09-11 04:23:34.538000
192804782,Reader_Community,4.07,Official community discussion thread with 249 total reviews.,2026-09-11 04:23:34.538000
140434259,Reader_Community,4.07,Official community discussion thread with 39 total reviews.,2026-09-11 04:23:34.538000
159308336X,Reader_Community,4.07,Official community discussion thread with 86 total reviews.,2026-09-11 04:23:34.538000
1593080492,Reader_Community,4.07,Official community discussion thread with 67 total reviews.,2026-09-11 04:23:34.538000
316831115,Reader_Community,4.13,Official community discussion thread with 212 total reviews.,2026-09-11 04:23:34.538000
688140718,Reader_Community,3.82,Official community discussion thread with 82 total reviews.,2026-09-11 04:23:34.538000
967469783,Reader_Community,4.28,Official community discussion thread with 72 total reviews.,2026-09-11 04:23:34.538000
345910907,Reader_Community,4.08,Official community discussion thread with 26 total reviews.,2026-09-11 04:23:34.538000
1400076501,Reader_Community,3.68,Official community discussion thread with 167 total reviews.,2026-09-11 04:23:34.538000
786848693,Reader_Community,4.36,Official community discussion thread with 12 total reviews.,2026-09-11 04:23:34.538000
439573882,Reader_Community,4.04,Official community discussion thread with 13 total reviews.,2026-09-11 04:23:34.538000
670913529,Reader_Community,4.04,Official community discussion thread with 6 total reviews.,2026-09-11 04:23:34.538000
156898619X,Reader_Community,4.22,Official community discussion thread with 8 total reviews.,2026-09-11 04:23:34.539000
440238404,Reader_Community,3.82,Official community discussion thread with 107 total reviews.,2026-09-11 04:23:34.539000
312980388,Reader_Community,4.04,Official community discussion thread with 272 total reviews.,2026-09-11 04:23:34.539000
743252217,Reader_Community,4.11,Official community discussion thread with 131 total reviews.,2026-09-11 04:23:34.539000
679406832,Reader_Community,4.17,Official community discussion thread with 187 total reviews.,2026-09-11 04:23:34.539000
184046268X,Reader_Community,3.63,Official community discussion thread with 10 total reviews.,2026-09-11 04:23:34.539000
878510370,Reader_Community,4.37,Official community discussion thread with 35 total reviews.,2026-09-11 04:23:34.539000
192840312,Reader_Community,3.67,Official community discussion thread with 495 total reviews.,2026-09-11 04:23:34.539000
1553100662,Reader_Community,4.0,Official community discussion thread with 1 total reviews.,2026-09-11 04:23:34.539000
813025931,Reader_Community,4.09,Official community discussion thread with 40 total reviews.,2026-09-11 04:23:34.539000
689863128,Reader_Community,4.07,Official community discussion thread with 13 total reviews.,2026-09-11 04:23:34.545000
380813866,Reader_Community,3.68,Official community discussion thread with 28 total reviews.,2026-09-11 04:23:34.545000
674006720,Reader_Community,3.51,Official community discussion thread with 3 total reviews.,2026-09-11 04:23:34.545000
684182602,Reader_Community,3.82,Official community discussion thread with 9 total reviews.,2026-09-11 04:23:34.545000
068981836X,Reader_Community,3.86,Official community discussion thread with 16 total reviews.,2026-09-11 04:23:34.545000
689856741,Reader_Community,3.86,Official community discussion thread with 157 total reviews.,2026-09-11 04:23:34.546000
1587887738,Reader_Community,3.81,Official community discussion thread with 1 total reviews.,2026-09-11 04:23:34.546000
451527038,Reader_Community,3.82,Official community discussion thread with 12 total reviews.,2026-09-11 04:23:34.546000
8497930053,Reader_Community,3.99,Official community discussion thread with 64 total reviews.,2026-09-11 04:23:34.546000
60556501,Reader_Community,4.25,Official community discussion thread with 64 total reviews.,2026-09-11 04:23:34.546000
60765488,Reader_Community,4.21,Official community discussion thread with 70 total reviews.,2026-09-11 04:23:34.546000
60845244,Reader_Community,4.21,Official community discussion thread with 7 total reviews.,2026-09-11 04:23:34.546000
425216020,Reader_Community,3.86,Official community discussion thread with 30 total reviews.,2026-09-11 04:23:34.546000
822008254,Reader_Community,4.14,Official community discussion thread with 2 total reviews.,2026-09-11 04:23:34.546000
155111223X,Reader_Community,4.02,Official community discussion thread with 8 total reviews.,2026-09-11 04:23:34.546000
051703705X,Reader_Community,4.3,Official community discussion thread with 5 total reviews.,2026-09-11 04:23:34.546000
517229277,Reader_Community,4.35,Official community discussion thread with 15 total reviews.,2026-09-11 04:23:34.546000
395657830,Reader_Community,3.87,Official community discussion thread with 76 total reviews.,2026-09-11 04:23:34.546000
60882603,Reader_Community,4.17,Official community discussion thread with 2 total reviews.,2026-09-11 04:23:34.546000
330398040,Reader_Community,4.07,Official community discussion thread with 422 total reviews.,2026-09-11 04:23:34.546000
743437578,Reader_Community,3.68,Official community discussion thread with 20 total reviews.,2026-09-11 04:23:34.546000
689849737,Reader_Community,3.62,Official community discussion thread with 51 total reviews.,2026-09-11 04:23:34.546000
425193829,Reader_Community,4.01,Official community discussion thread with 538 total reviews.,2026-09-11 04:23:34.546000
425193799,Reader_Community,4.1,Official community discussion thread with 2156 total reviews.,2026-09-11 04:23:34.546000
033039780X,Reader_Community,3.62,Official community discussion thread with 2952 total reviews.,2026-09-11 04:23:34.546000
425206548,Reader_Community,3.36,Official community discussion thread with 750 total reviews.,2026-09-11 04:23:34.546000
1416531041,Reader_Community,3.47,Official community discussion thread with 323 total reviews.,2026-09-11 04:23:34.546000
385734077,Reader_Community,4.26,Official community discussion thread with 64 total reviews.,2026-09-11 04:23:34.546000
939666502,Reader_Community,3.96,Official community discussion thread with 2 total reviews.,2026-09-11 04:23:34.546000
385086164,Reader_Community,3.87,Official community discussion thread with 208 total reviews.,2026-09-11 04:23:34.547000
1400076587,Reader_Community,3.74,Official community discussion thread with 25 total reviews.,2026-09-11 04:23:34.547000
385014805,Reader_Community,3.81,Official community discussion thread with 300 total reviews.,2026-09-11 04:23:34.547000
385733208,Reader_Community,3.41,Official community discussion thread with 485 total reviews.,2026-09-11 04:23:34.547000
1583224718,Reader_Community,3.95,Official community discussion thread with 33 total reviews.,2026-09-11 04:23:34.547000
1853993239,Reader_Community,3.67,Official community discussion thread with 1 total reviews.,2026-09-11 04:23:34.547000
486406547,Reader_Community,3.76,Official community discussion thread with 25 total reviews.,2026-09-11 04:23:34.547000
976072610,Reader_Community,4.12,Official community discussion thread with 31 total reviews.,2026-09-11 04:23:34.547000
760768951,Reader_Community,3.99,Official community discussion thread with 8 total reviews.,2026-09-11 04:23:34.547000
1565849426,Reader_Community,4.17,Official community discussion thread with 73 total reviews.,2026-09-11 04:23:34.547000
60518650,Reader_Community,4.21,Official community discussion thread with 376 total reviews.,2026-09-11 04:23:34.547000
517053578,Reader_Community,4.22,Official community discussion thread with 1 total reviews.,2026-09-11 04:23:34.547000
60977493,Reader_Community,3.94,Official community discussion thread with 722 total reviews.,2026-09-11 04:23:34.548000
3492238696,Reader_Community,3.64,Official community discussion thread with 15 total reviews.,2026-09-11 04:23:34.548000
60925779,Reader_Community,3.98,Official community discussion thread with 15 total reviews.,2026-09-11 04:23:34.548000
670030791,Reader_Community,3.83,Official community discussion thread with 91 total reviews.,2026-09-11 04:23:34.548000
689118449,Reader_Community,4.19,Official community discussion thread with 1 total reviews.,2026-09-11 04:23:34.548000
60987464,Reader_Community,3.89,Official community discussion thread with 1141 total reviews.,2026-09-11 04:23:34.548000
859653722,Reader_Community,3.86,Official community discussion thread with 9 total reviews.,2026-09-11 04:23:34.548000
312181337,Reader_Community,3.36,Official community discussion thread with 5 total reviews.,2026-09-11 04:23:34.548000
521317509,Reader_Community,4.35,Official community discussion thread with 1 total reviews.,2026-09-11 04:23:34.548000
674824261,Reader_Community,4.2,Official community discussion thread with 54 total reviews.,2026-09-11 04:23:34.548000
674268636,Reader_Community,3.92,Official community discussion thread with 49 total reviews.,2026-09-11 04:23:34.548000
691037795,Reader_Community,3.8,Official community discussion thread with 17 total reviews.,2026-09-11 04:23:34.548000
439517370,Reader_Community,4.12,Official community discussion thread with 6 total reviews.,2026-09-11 04:23:34.549000
1591840562,Reader_Community,3.87,Official community discussion thread with 402 total reviews.,2026-09-11 04:23:34.549000
451401964,Reader_Community,3.78,Official community discussion thread with 11 total reviews.,2026-09-11 04:23:34.549000
553561529,Reader_Community,3.69,Official community discussion thread with 18 total reviews.,2026-09-11 04:23:34.549000
449239691,Reader_Community,3.0,Official community discussion thread with 1 total reviews.,2026-09-11 04:23:34.549000
736850910,Reader_Community,4.33,Official community discussion thread with 1 total reviews.,2026-09-11 04:23:34.549000
590442090,Reader_Community,4.16,Official community discussion thread with 38 total reviews.,2026-09-11 04:23:34.549000
439023319,Reader_Community,3.8,Official community discussion thread with 14 total reviews.,2026-09-11 04:23:34.549000
752857932,Reader_Community,3.9,Official community discussion thread with 75 total reviews.,2026-09-11 04:23:34.549000
743463080,Reader_Community,3.92,Official community discussion thread with 40 total reviews.,2026-09-11 04:23:34.549000
156032783,Reader_Community,3.86,Official community discussion thread with 85 total reviews.,2026-09-11 04:23:34.549000
671025708,Reader_Community,3.69,Official community discussion thread with 57 total reviews.,2026-09-11 04:23:34.549000
1931047170,Reader_Community,4.6,Official community discussion thread with 3 total reviews.,2026-09-11 04:23:34.550000
471705225,Reader_Community,3.93,Official community discussion thread with 3 total reviews.,2026-09-11 04:23:34.550000
310272661,Reader_Community,3.59,Official community discussion thread with 15 total reviews.,2026-09-11 04:23:34.550000
393321630,Reader_Community,3.8,Official community discussion thread with 6 total reviews.,2026-09-11 04:23:34.550000
1590526864,Reader_Community,3.67,Official community discussion thread with 27 total reviews.,2026-09-11 04:23:34.550000
767905105,Reader_Community,4.09,Official community discussion thread with 51 total reviews.,2026-09-11 04:23:34.550000
471758183,Reader_Community,3.91,Official community discussion thread with 60 total reviews.,2026-09-11 04:23:34.550000
679730613,Reader_Community,3.94,Official community discussion thread with 44 total reviews.,2026-09-11 04:23:34.550000
60519134,Reader_Community,3.99,Official community discussion thread with 1049 total reviews.,2026-09-11 04:23:34.550000
1568363567,Reader_Community,3.76,Official community discussion thread with 29 total reviews.,2026-09-11 04:23:34.550000
340766166,Reader_Community,4.39,Official community discussion thread with 299 total reviews.,2026-09-11 04:23:34.550000
870679945,Reader_Community,4.32,Official community discussion thread with 104 total reviews.,2026-09-11 04:23:34.550000
870678817,Reader_Community,4.2,Official community discussion thread with 21 total reviews.,2026-09-11 04:23:34.551000
60916516,Reader_Community,3.99,Official community discussion thread with 82 total reviews.,2026-09-11 04:23:34.551000
60921714,Reader_Community,4.25,Official community discussion thread with 45 total reviews.,2026-09-11 04:23:34.551000
252008073,Reader_Community,4.1,Official community discussion thread with 9 total reviews.,2026-09-11 04:23:34.551000
1595325557,Reader_Community,3.88,Official community discussion thread with 85 total reviews.,2026-09-11 04:23:34.551000
822331136,Reader_Community,3.83,Official community discussion thread with 2 total reviews.,2026-09-11 04:23:34.551000
226675769,Reader_Community,4.0,Official community discussion thread with 1 total reviews.,2026-09-11 04:23:34.551000
1400034620,Reader_Community,3.96,Official community discussion thread with 107 total reviews.,2026-09-11 04:23:34.551000
674802802,Reader_Community,3.91,Official community discussion thread with 13 total reviews.,2026-09-11 04:23:34.551000
674514718,Reader_Community,3.61,Official community discussion thread with 6 total reviews.,2026-09-11 04:23:34.551000
571172954,Reader_Community,4.07,Official community discussion thread with 7 total reviews.,2026-09-11 04:23:34.551000
014044310X,Reader_Community,4.23,Official community discussion thread with 14 total reviews.,2026-09-11 04:23:34.551000
192836773,Reader_Community,4.02,Official community discussion thread with 64 total reviews.,2026-09-11 04:23:34.551000
014024364X,Reader_Community,4.31,Official community discussion thread with 222 total reviews.,2026-09-11 04:23:34.551000
60741872,Reader_Community,4.08,Official community discussion thread with 2614 total reviews.,2026-09-11 04:23:34.551000
1579546463,Reader_Community,3.45,Official community discussion thread with 18 total reviews.,2026-09-11 04:23:34.551000
1842322761,Reader_Community,3.94,Official community discussion thread with 1744 total reviews.,2026-09-11 04:23:34.551000
292707185,Reader_Community,3.96,Official community discussion thread with 22 total reviews.,2026-09-11 04:23:34.551000
1573221112,Reader_Community,4.16,Official community discussion thread with 2036 total reviews.,2026-09-11 04:23:34.551000
340831200,Reader_Community,3.95,Official community discussion thread with 95 total reviews.,2026-09-11 04:23:34.551000
943015537,Reader_Community,4.05,Official community discussion thread with 270 total reviews.,2026-09-11 04:23:34.551000
1590301870,Reader_Community,4.24,Official community discussion thread with 144 total reviews.,2026-09-11 04:23:34.551000
781731836,Reader_Community,4.22,Official community discussion thread with 9 total reviews.,2026-09-11 04:23:34.551000
60937653,Reader_Community,3.45,Official community discussion thread with 11 total reviews.,2026-09-11 04:23:34.551000
031236086X,Reader_Community,3.93,Official community discussion thread with 2 total reviews.,2026-09-11 04:23:34.551000
792238931,Reader_Community,3.8,Official community discussion thread with 2 total reviews.,2026-09-11 04:23:34.552000
1853260738,Reader_Community,3.52,Official community discussion thread with 975 total reviews.,2026-09-11 04:23:34.552000
375760105,Reader_Community,3.52,Official community discussion thread with 54 total reviews.,2026-09-11 04:23:34.552000
940450216,Reader_Community,3.98,Official community discussion thread with 12 total reviews.,2026-09-11 04:23:34.552000
553213296,Reader_Community,3.7,Official community discussion thread with 1797 total reviews.,2026-09-11 04:23:34.552000
226500608,Reader_Community,4.17,Official community discussion thread with 388 total reviews.,2026-09-11 04:23:34.552000
6380832,Reader_Community,4.39,Official community discussion thread with 12 total reviews.,2026-09-11 04:23:34.552000
385191669,Reader_Community,3.92,Official community discussion thread with 1 total reviews.,2026-09-11 04:23:34.552000
812975219,Reader_Community,4.06,Official community discussion thread with 1550 total reviews.,2026-09-11 04:23:34.552000
1560976934,Reader_Community,3.94,Official community discussion thread with 34 total reviews.,2026-09-11 04:23:34.552000
1560978007,Reader_Community,3.96,Official community discussion thread with 58 total reviews.,2026-09-11 04:23:34.552000
037542380X,Reader_Community,3.84,Official community discussion thread with 2037 total reviews.,2026-09-11 04:23:34.552000
2840558874,Reader_Community,4.26,Official community discussion thread with 1 total reviews.,2026-09-11 04:23:34.552000
1583224890,Reader_Community,3.73,Official community discussion thread with 172 total reviews.,2026-09-11 04:23:34.552000
1878825046,Reader_Community,3.98,Official community discussion thread with 27 total reviews.,2026-09-11 04:23:34.552000
3110172798,Reader_Community,3.84,Official community discussion thread with 31 total reviews.,2026-09-11 04:23:34.552000
1583225471,Reader_Community,3.96,Official community discussion thread with 7 total reviews.,2026-09-11 04:23:34.552000
1878825089,Reader_Community,4.01,Official community discussion thread with 18 total reviews.,2026-09-11 04:23:34.552000
151003076,Reader_Community,4.18,Official community discussion thread with 20 total reviews.,2026-09-11 04:23:34.552000
1932234411,Reader_Community,3.82,Official community discussion thread with 742 total reviews.,2026-09-11 04:23:34.552000
1593072678,Reader_Community,3.58,Official community discussion thread with 2 total reviews.,2026-09-11 04:23:34.553000
387988920,Reader_Community,4.15,Official community discussion thread with 1 total reviews.,2026-09-11 04:23:34.553000
387985891,Reader_Community,4.27,Official community discussion thread with 2 total reviews.,2026-09-11 04:23:34.553000
1400079373,Reader_Community,3.73,Official community discussion thread with 404 total reviews.,2026-09-11 04:23:34.553000
385493622,Reader_Community,4.25,Official community discussion thread with 692 total reviews.,2026-09-11 04:23:34.553000
1841882542,Reader_Community,4.05,Official community discussion thread with 1 total reviews.,2026-09-11 04:23:34.553000
1417699671,Reader_Community,4.17,Official community discussion thread with 726 total reviews.,2026-09-11 04:23:34.553000
205479804,Reader_Community,3.65,Official community discussion thread with 1 total reviews.,2026-09-11 04:23:34.553000
747250375,Reader_Community,3.97,Official community discussion thread with 200 total reviews.,2026-09-11 04:23:34.553000
385334567,Reader_Community,4.38,Official community discussion thread with 159 total reviews.,2026-09-11 04:23:34.553000
679744738,Reader_Community,4.35,Official community discussion thread with 146 total reviews.,2026-09-11 04:23:34.553000
375701893,Reader_Community,4.26,Official community discussion thread with 144 total reviews.,2026-09-11 04:23:34.553000
307275930,Reader_Community,4.23,Official community discussion thread with 2158 total reviews.,2026-09-11 04:23:34.553000
60916494,Reader_Community,3.96,Official community discussion thread with 105 total reviews.,2026-09-11 04:23:34.553000
743253299,Reader_Community,4.32,Official community discussion thread with 97 total reviews.,2026-09-11 04:23:34.553000
679761799,Reader_Community,4.35,Official community discussion thread with 309 total reviews.,2026-09-11 04:23:34.553000
375701885,Reader_Community,3.9,Official community discussion thread with 32 total reviews.,2026-09-11 04:23:34.553000
679761780,Reader_Community,4.13,Official community discussion thread with 80 total reviews.,2026-09-11 04:23:34.553000
60934549,Reader_Community,3.97,Official community discussion thread with 47 total reviews.,2026-09-11 04:23:34.553000
006113127X,Reader_Community,3.97,Official community discussion thread with 56 total reviews.,2026-09-11 04:23:34.553000
61177598,Reader_Community,3.86,Official community discussion thread with 2081 total reviews.,2026-09-11 04:23:34.553000
006117758X,Reader_Community,4.14,Official community discussion thread with 2318 total reviews.,2026-09-11 04:23:34.553000
872861554,Reader_Community,3.92,Official community discussion thread with 431 total reviews.,2026-09-11 04:23:34.553000
876856830,Reader_Community,4.24,Official community discussion thread with 533 total reviews.,2026-09-11 04:23:34.553000
553292781,Reader_Community,3.92,Official community discussion thread with 73 total reviews.,2026-09-11 04:23:34.553000
553298550,Reader_Community,3.52,Official community discussion thread with 11 total reviews.,2026-09-11 04:23:34.553000
553280872,Reader_Community,3.44,Official community discussion thread with 27 total reviews.,2026-09-11 04:23:34.553000
553258869,Reader_Community,3.38,Official community discussion thread with 23 total reviews.,2026-09-11 04:23:34.554000
553297945,Reader_Community,3.94,Official community discussion thread with 31 total reviews.,2026-09-11 04:23:34.554000
312349297,Reader_Community,4.06,Official community discussion thread with 200 total reviews.,2026-09-11 04:23:34.554000
375721150,Reader_Community,3.9,Official community discussion thread with 87 total reviews.,2026-09-11 04:23:34.554000
006058081X,Reader_Community,4.18,Official community discussion thread with 185 total reviews.,2026-09-11 04:23:34.554000
60774126,Reader_Community,4.27,Official community discussion thread with 465 total reviews.,2026-09-11 04:23:34.554000
553492365,Reader_Community,3.7,Official community discussion thread with 7 total reviews.,2026-09-11 04:23:34.554000
553493973,Reader_Community,3.47,Official community discussion thread with 3 total reviews.,2026-09-11 04:23:34.554000
553275607,Reader_Community,3.44,Official community discussion thread with 25 total reviews.,2026-09-11 04:23:34.554000
553275674,Reader_Community,3.54,Official community discussion thread with 17 total reviews.,2026-09-11 04:23:34.554000
553570684,Reader_Community,3.58,Official community discussion thread with 5 total reviews.,2026-09-11 04:23:34.554000
553493841,Reader_Community,3.33,Official community discussion thread with 1 total reviews.,2026-09-11 04:23:34.554000
157091592X,Reader_Community,3.51,Official community discussion thread with 19 total reviews.,2026-09-11 04:23:34.554000
505525534,Reader_Community,4.13,Official community discussion thread with 564 total reviews.,2026-09-11 04:23:34.554000
786868694,Reader_Community,4.0,Official community discussion thread with 71 total reviews.,2026-09-11 04:23:34.554000
1405823518,Reader_Community,3.46,Official community discussion thread with 17 total reviews.,2026-09-11 04:23:34.554000
1600430015,Reader_Community,4.12,Official community discussion thread with 6 total reviews.,2026-09-11 04:23:34.554000
006077407X,Reader_Community,4.24,Official community discussion thread with 393 total reviews.,2026-09-11 04:23:34.554000
425209423,Reader_Community,3.68,Official community discussion thread with 498 total reviews.,2026-09-11 04:23:34.554000
60773758,Reader_Community,3.91,Official community discussion thread with 1370 total reviews.,2026-09-11 04:23:34.554000
1845760654,Reader_Community,3.07,Official community discussion thread with 12 total reviews.,2026-09-11 04:23:34.554000
1565124952,Reader_Community,3.42,Official community discussion thread with 66 total reviews.,2026-09-11 04:23:34.554000
1550225405,Reader_Community,4.13,Official community discussion thread with 8 total reviews.,2026-09-11 04:23:34.554000
307337936,Reader_Community,3.6,Official community discussion thread with 3 total reviews.,2026-09-11 04:23:34.554000
789447541,Reader_Community,3.88,Official community discussion thread with 5 total reviews.,2026-09-11 04:23:34.554000
553276727,Reader_Community,3.53,Official community discussion thread with 81 total reviews.,2026-09-11 04:23:34.555000
1562920588,Reader_Community,3.22,Official community discussion thread with 2 total reviews.,2026-09-11 04:23:34.555000
441014895,Reader_Community,4.07,Official community discussion thread with 5395 total reviews.,2026-09-11 04:23:34.555000
590240773,Reader_Community,4.13,Official community discussion thread with 24 total reviews.,2026-09-11 04:23:34.555000
1402714599,Reader_Community,4.13,Official community discussion thread with 61 total reviews.,2026-09-11 04:23:34.555000
1402714548,Reader_Community,4.2,Official community discussion thread with 54 total reviews.,2026-09-11 04:23:34.555000
1402712758,Reader_Community,4.16,Official community discussion thread with 84 total reviews.,2026-09-11 04:23:34.555000
312312156,Reader_Community,4.03,Official community discussion thread with 65 total reviews.,2026-09-11 04:23:34.555000
60973463,Reader_Community,4.24,Official community discussion thread with 7 total reviews.,2026-09-11 04:23:34.555000
884861511,Reader_Community,4.45,Official community discussion thread with 3 total reviews.,2026-09-11 04:23:34.555000
8433920707,Reader_Community,4.05,Official community discussion thread with 44 total reviews.,2026-09-11 04:23:34.555000
9703705774,Reader_Community,4.29,Official community discussion thread with 118 total reviews.,2026-09-11 04:23:34.555000
9685208557,Reader_Community,4.05,Official community discussion thread with 209 total reviews.,2026-09-11 04:23:34.555000
840804575X,Reader_Community,4.29,Official community discussion thread with 2 total reviews.,2026-09-11 04:23:34.555000
351801434X,Reader_Community,4.05,Official community discussion thread with 32 total reviews.,2026-09-11 04:23:34.555000
192839292,Reader_Community,4.06,Official community discussion thread with 102 total reviews.,2026-09-11 04:23:34.555000
736402381,Reader_Community,4.39,Official community discussion thread with 87 total reviews.,2026-09-11 04:23:34.555000
439672570,Reader_Community,4.08,Official community discussion thread with 23 total reviews.,2026-09-11 04:23:34.555000
743564529,Reader_Community,4.08,Official community discussion thread with 7 total reviews.,2026-09-11 04:23:34.555000
440300282,Reader_Community,3.82,Official community discussion thread with 2 total reviews.,2026-09-11 04:23:34.555000
393958043,Reader_Community,4.06,Official community discussion thread with 87 total reviews.,2026-09-11 04:23:34.555000
440419468,Reader_Community,3.96,Official community discussion thread with 230 total reviews.,2026-09-11 04:23:34.555000
1559362901,Reader_Community,4.06,Official community discussion thread with 185 total reviews.,2026-09-11 04:23:34.555000
747562830,Reader_Community,3.76,Official community discussion thread with 21 total reviews.,2026-09-11 04:23:34.555000
439244196,Reader_Community,3.96,Official community discussion thread with 17547 total reviews.,2026-09-11 04:23:34.555000
1932100563,Reader_Community,3.86,Official community discussion thread with 10 total reviews.,2026-09-11 04:23:34.555000
393322572,Reader_Community,3.86,Official community discussion thread with 650 total reviews.,2026-09-11 04:23:34.555000
1558492763,Reader_Community,3.59,Official community discussion thread with 6 total reviews.,2026-09-11 04:23:34.555000
312085125,Reader_Community,4.45,Official community discussion thread with 245 total reviews.,2026-09-11 04:23:34.555000
312364520,Reader_Community,4.4,Official community discussion thread with 214 total reviews.,2026-09-11 04:23:34.555000
345434900,Reader_Community,4.2,Official community discussion thread with 153 total reviews.,2026-09-11 04:23:34.556000
312966202,Reader_Community,4.42,Official community discussion thread with 197 total reviews.,2026-09-11 04:23:34.556000
448433192,Reader_Community,4.16,Official community discussion thread with 56 total reviews.,2026-09-11 04:23:34.556000
743436504,Reader_Community,3.89,Official community discussion thread with 494 total reviews.,2026-09-11 04:23:34.556000
306809575,Reader_Community,4.33,Official community discussion thread with 15 total reviews.,2026-09-11 04:23:34.556000
670261556,Reader_Community,3.51,Official community discussion thread with 104 total reviews.,2026-09-11 04:23:34.556000
142437557,Reader_Community,4.21,Official community discussion thread with 6 total reviews.,2026-09-11 04:23:34.556000
193108291X,Reader_Community,4.22,Official community discussion thread with 10 total reviews.,2026-09-11 04:23:34.556000
140481931,Reader_Community,3.96,Official community discussion thread with 54 total reviews.,2026-09-11 04:23:34.556000
935607099,Reader_Community,4.24,Official community discussion thread with 29 total reviews.,2026-09-11 04:23:34.556000
140150803,Reader_Community,4.05,Official community discussion thread with 6 total reviews.,2026-09-11 04:23:34.556000
486442896,Reader_Community,3.89,Official community discussion thread with 34 total reviews.,2026-09-11 04:23:34.556000
158834097X,Reader_Community,4.47,Official community discussion thread with 3 total reviews.,2026-09-11 04:23:34.556000
802133908,Reader_Community,4.05,Official community discussion thread with 1511 total reviews.,2026-09-11 04:23:34.556000
292701322,Reader_Community,4.19,Official community discussion thread with 45 total reviews.,2026-09-11 04:23:34.556000
1843103311,Reader_Community,4.0,Official community discussion thread with 1 total reviews.,2026-09-11 04:23:34.556000
082632357X,Reader_Community,3.52,Official community discussion thread with 2 total reviews.,2026-09-11 04:23:34.557000
571214800,Reader_Community,4.09,Official community discussion thread with 6 total reviews.,2026-09-11 04:23:34.557000
373115997,Reader_Community,3.23,Official community discussion thread with 7 total reviews.,2026-09-11 04:23:34.557000
142001309,Reader_Community,3.81,Official community discussion thread with 174 total reviews.,2026-09-11 04:23:34.557000
067975833X,Reader_Community,4.09,Official community discussion thread with 1596 total reviews.,2026-09-11 04:23:34.557000
814742815,Reader_Community,3.85,Official community discussion thread with 118 total reviews.,2026-09-11 04:23:34.557000
760324077,Reader_Community,3.89,Official community discussion thread with 36 total reviews.,2026-09-11 04:23:34.557000
439863686,Reader_Community,3.41,Official community discussion thread with 57 total reviews.,2026-09-11 04:23:34.557000
880071311,Reader_Community,3.47,Official community discussion thread with 1 total reviews.,2026-09-11 04:23:34.557000
439791405,Reader_Community,3.34,Official community discussion thread with 5 total reviews.,2026-09-11 04:23:34.557000
385316577,Reader_Community,3.59,Official community discussion thread with 213 total reviews.,2026-09-11 04:23:34.557000
1599982935,Reader_Community,3.73,Official community discussion thread with 161 total reviews.,2026-09-11 04:23:34.557000
439829135,Reader_Community,4.16,Official community discussion thread with 16 total reviews.,2026-09-11 04:23:34.557000
1416501622,Reader_Community,3.58,Official community discussion thread with 51 total reviews.,2026-09-11 04:23:34.557000
031235407X,Reader_Community,4.15,Official community discussion thread with 31 total reviews.,2026-09-11 04:23:34.557000
743496124,Reader_Community,3.84,Official community discussion thread with 50 total reviews.,2026-09-11 04:23:34.557000
373246838,Reader_Community,3.76,Official community discussion thread with 6 total reviews.,2026-09-11 04:23:34.557000
439424690,Reader_Community,3.73,Official community discussion thread with 232 total reviews.,2026-09-11 04:23:34.557000
330363689,Reader_Community,3.83,Official community discussion thread with 3 total reviews.,2026-09-11 04:23:34.557000
439798736,Reader_Community,3.88,Official community discussion thread with 8 total reviews.,2026-09-11 04:23:34.557000
000690601X,Reader_Community,4.08,Official community discussion thread with 21 total reviews.,2026-09-11 04:23:34.557000
613371658,Reader_Community,3.78,Official community discussion thread with 4137 total reviews.,2026-09-11 04:23:34.557000
043962939X,Reader_Community,3.83,Official community discussion thread with 12 total reviews.,2026-09-11 04:23:34.557000
439933382,Reader_Community,3.95,Official community discussion thread with 297 total reviews.,2026-09-11 04:23:34.557000
439933412,Reader_Community,3.96,Official community discussion thread with 101 total reviews.,2026-09-11 04:23:34.557000
618477942,Reader_Community,4.08,Official community discussion thread with 3928 total reviews.,2026-09-11 04:23:34.557000
696211521,Reader_Community,3.83,Official community discussion thread with 1 total reviews.,2026-09-11 04:23:34.558000
393058476,Reader_Community,4.32,Official community discussion thread with 322 total reviews.,2026-09-11 04:23:34.558000
199205647,Reader_Community,4.24,Official community discussion thread with 151 total reviews.,2026-09-11 04:23:34.558000
3442545536,Reader_Community,3.42,Official community discussion thread with 2 total reviews.,2026-09-11 04:23:34.558000
1400032059,Reader_Community,4.02,Official community discussion thread with 3238 total reviews.,2026-09-11 04:23:34.558000
898706831,Reader_Community,4.09,Official community discussion thread with 1 total reviews.,2026-09-11 04:23:34.558000
385515502,Reader_Community,3.87,Official community discussion thread with 801 total reviews.,2026-09-11 04:23:34.558000
307275566,Reader_Community,3.79,Official community discussion thread with 410 total reviews.,2026-09-11 04:23:34.558000
446580287,Reader_Community,3.93,Official community discussion thread with 1002 total reviews.,2026-09-11 04:23:34.558000
765354950,Reader_Community,4.01,Official community discussion thread with 1044 total reviews.,2026-09-11 04:23:34.558000
446611239,Reader_Community,4.25,Official community discussion thread with 1722 total reviews.,2026-09-11 04:23:34.558000
446612766,Reader_Community,4.18,Official community discussion thread with 1228 total reviews.,2026-09-11 04:23:34.558000
051509465X,Reader_Community,3.8,Official community discussion thread with 133 total reviews.,2026-09-11 04:23:34.558000
1412086531,Reader_Community,3.76,Official community discussion thread with 4 total reviews.,2026-09-11 04:23:34.558000
375713751,Reader_Community,3.33,Official community discussion thread with 1420 total reviews.,2026-09-11 04:23:34.558000
99428385,Reader_Community,3.33,Official community discussion thread with 25 total reviews.,2026-09-11 04:23:34.558000
743287967,Reader_Community,3.78,Official community discussion thread with 125 total reviews.,2026-09-11 04:23:34.558000
1583762051,Reader_Community,4.05,Official community discussion thread with 88 total reviews.,2026-09-11 04:23:34.558000
471469335,Reader_Community,4.19,Official community discussion thread with 12 total reviews.,2026-09-11 04:23:34.558000
393061639,Reader_Community,4.07,Official community discussion thread with 105 total reviews.,2026-09-11 04:23:34.558000
449003884,Reader_Community,3.84,Official community discussion thread with 96 total reviews.,2026-09-11 04:23:34.558000
345437977,Reader_Community,3.9,Official community discussion thread with 104 total reviews.,2026-09-11 04:23:34.558000
520244958,Reader_Community,3.57,Official community discussion thread with 25 total reviews.,2026-09-11 04:23:34.558000
60724293,Reader_Community,4.42,Official community discussion thread with 52 total reviews.,2026-09-11 04:23:34.558000
486249441,Reader_Community,3.94,Official community discussion thread with 2 total reviews.,2026-09-11 04:23:34.558000
688149898,Reader_Community,4.26,Official community discussion thread with 134 total reviews.,2026-09-11 04:23:34.558000
805071067,Reader_Community,4.35,Official community discussion thread with 635 total reviews.,2026-09-11 04:23:34.558000
092291561X,Reader_Community,3.58,Official community discussion thread with 8 total reviews.,2026-09-11 04:23:34.558000
1400047331,Reader_Community,3.71,Official community discussion thread with 4 total reviews.,2026-09-11 04:23:34.558000
451219716,Reader_Community,3.89,Official community discussion thread with 1077 total reviews.,2026-09-11 04:23:34.558000
452270847,Reader_Community,4.01,Official community discussion thread with 12 total reviews.,2026-09-11 04:23:34.558000
452268184,Reader_Community,4.04,Official community discussion thread with 134 total reviews.,2026-09-11 04:23:34.558000
884193551,Reader_Community,4.06,Official community discussion thread with 24 total reviews.,2026-09-11 04:23:34.558000
1881244067,Reader_Community,4.39,Official community discussion thread with 3 total reviews.,2026-09-11 04:23:34.559000
1587610914,Reader_Community,4.22,Official community discussion thread with 1 total reviews.,2026-09-11 04:23:34.559000
8433920448,Reader_Community,3.92,Official community discussion thread with 85 total reviews.,2026-09-11 04:23:34.559000
792241738,Reader_Community,3.98,Official community discussion thread with 57 total reviews.,2026-09-11 04:23:34.559000
805063749,Reader_Community,4.1,Official community discussion thread with 395 total reviews.,2026-09-11 04:23:34.559000
805063390,Reader_Community,3.91,Official community discussion thread with 28 total reviews.,2026-09-11 04:23:34.559000
763616257,Reader_Community,4.09,Official community discussion thread with 17 total reviews.,2026-09-11 04:23:34.559000
99453231,Reader_Community,3.91,Official community discussion thread with 11 total reviews.,2026-09-11 04:23:34.559000
312937725,Reader_Community,4.14,Official community discussion thread with 79 total reviews.,2026-09-11 04:23:34.559000
312324081,Reader_Community,4.24,Official community discussion thread with 63 total reviews.,2026-09-11 04:23:34.559000
312352352,Reader_Community,4.35,Official community discussion thread with 36 total reviews.,2026-09-11 04:23:34.559000
312987013,Reader_Community,3.44,Official community discussion thread with 493 total reviews.,2026-09-11 04:23:34.559000
312987021,Reader_Community,4.0,Official community discussion thread with 133 total reviews.,2026-09-11 04:23:34.559000
312940025,Reader_Community,4.27,Official community discussion thread with 42 total reviews.,2026-09-11 04:23:34.559000
312336241,Reader_Community,4.28,Official community discussion thread with 3 total reviews.,2026-09-11 04:23:34.559000
312934432,Reader_Community,4.28,Official community discussion thread with 38 total reviews.,2026-09-11 04:23:34.559000
590959883,Reader_Community,3.5,Official community discussion thread with 1 total reviews.,2026-09-11 04:23:34.559000
395971780,Reader_Community,4.31,Official community discussion thread with 1 total reviews.,2026-09-11 04:23:34.559000
425212106,Reader_Community,3.97,Official community discussion thread with 191 total reviews.,2026-09-11 04:23:34.559000
843956046,Reader_Community,3.72,Official community discussion thread with 32 total reviews.,2026-09-11 04:23:34.559000
425200744,Reader_Community,3.78,Official community discussion thread with 19 total reviews.,2026-09-11 04:23:34.559000
425201597,Reader_Community,3.81,Official community discussion thread with 16 total reviews.,2026-09-11 04:23:34.559000
425194590,Reader_Community,3.83,Official community discussion thread with 20 total reviews.,2026-09-11 04:23:34.559000
425210383,Reader_Community,3.45,Official community discussion thread with 93 total reviews.,2026-09-11 04:23:34.559000
425144305,Reader_Community,3.9,Official community discussion thread with 20 total reviews.,2026-09-11 04:23:34.559000
425146227,Reader_Community,3.79,Official community discussion thread with 71 total reviews.,2026-09-11 04:23:34.559000
425206114,Reader_Community,3.34,Official community discussion thread with 2 total reviews.,2026-09-11 04:23:34.559000
883631210,Reader_Community,4.83,Official community discussion thread with 1 total reviews.,2026-09-11 04:23:34.559000
385338058,Reader_Community,3.57,Official community discussion thread with 52 total reviews.,2026-09-11 04:23:34.559000
084394482X,Reader_Community,4.04,Official community discussion thread with 89 total reviews.,2026-09-11 04:23:34.560000
843948108,Reader_Community,3.94,Official community discussion thread with 168 total reviews.,2026-09-11 04:23:34.560000
843953241,Reader_Community,4.06,Official community discussion thread with 68 total reviews.,2026-09-11 04:23:34.560000
843949090,Reader_Community,3.97,Official community discussion thread with 108 total reviews.,2026-09-11 04:23:34.560000
084395499X,Reader_Community,3.86,Official community discussion thread with 131 total reviews.,2026-09-11 04:23:34.560000
843946806,Reader_Community,3.99,Official community discussion thread with 90 total reviews.,2026-09-11 04:23:34.560000
843949740,Reader_Community,3.91,Official community discussion thread with 61 total reviews.,2026-09-11 04:23:34.560000
843955007,Reader_Community,3.99,Official community discussion thread with 207 total reviews.,2026-09-11 04:23:34.560000
089689293X,Reader_Community,4.44,Official community discussion thread with 1 total reviews.,2026-09-11 04:23:34.560000
393327027,Reader_Community,3.77,Official community discussion thread with 67 total reviews.,2026-09-11 04:23:34.560000
1563899310,Reader_Community,3.12,Official community discussion thread with 3 total reviews.,2026-09-11 04:23:34.560000
1401209416,Reader_Community,2.82,Official community discussion thread with 8 total reviews.,2026-09-11 04:23:34.560000
1560973803,Reader_Community,3.56,Official community discussion thread with 28 total reviews.,2026-09-11 04:23:34.560000
1563895951,Reader_Community,3.38,Official community discussion thread with 1 total reviews.,2026-09-11 04:23:34.560000
763621641,Reader_Community,3.82,Official community discussion thread with 66 total reviews.,2026-09-11 04:23:34.560000
789420341,Reader_Community,4.06,Official community discussion thread with 2 total reviews.,2026-09-11 04:23:34.560000
789410249,Reader_Community,4.41,Official community discussion thread with 2 total reviews.,2026-09-11 04:23:34.560000
60872799,Reader_Community,3.89,Official community discussion thread with 99 total reviews.,2026-09-11 04:23:34.560000
60840889,Reader_Community,3.86,Official community discussion thread with 12 total reviews.,2026-09-11 04:23:34.560000
843955856,Reader_Community,3.75,Official community discussion thread with 115 total reviews.,2026-09-11 04:23:34.560000
60731435,Reader_Community,3.88,Official community discussion thread with 103 total reviews.,2026-09-11 04:23:34.560000
60731257,Reader_Community,3.83,Official community discussion thread with 138 total reviews.,2026-09-11 04:23:34.560000
752837494,Reader_Community,4.07,Official community discussion thread with 115 total reviews.,2026-09-11 04:23:34.560000
898792088,Reader_Community,3.95,Official community discussion thread with 36 total reviews.,2026-09-11 04:23:34.560000
60731443,Reader_Community,3.89,Official community discussion thread with 98 total reviews.,2026-09-11 04:23:34.560000
142406988,Reader_Community,3.89,Official community discussion thread with 400 total reviews.,2026-09-11 04:23:34.560000
1400043360,Reader_Community,3.63,Official community discussion thread with 28 total reviews.,2026-09-11 04:23:34.560000
618446583,Reader_Community,3.9,Official community discussion thread with 29 total reviews.,2026-09-11 04:23:34.560000
1401301363,Reader_Community,4.15,Official community discussion thread with 86 total reviews.,2026-09-11 04:23:34.560000
786867973,Reader_Community,3.97,Official community discussion thread with 18 total reviews.,2026-09-11 04:23:34.561000
786886811,Reader_Community,3.97,Official community discussion thread with 254 total reviews.,2026-09-11 04:23:34.561000
701176156,Reader_Community,4.0,Official community discussion thread with 43 total reviews.,2026-09-11 04:23:34.561000
140143955,Reader_Community,4.04,Official community discussion thread with 28 total reviews.,2026-09-11 04:23:34.561000
074345314X,Reader_Community,4.21,Official community discussion thread with 141 total reviews.,2026-09-11 04:23:34.561000
312935749,Reader_Community,4.01,Official community discussion thread with 42 total reviews.,2026-09-11 04:23:34.561000
312935757,Reader_Community,4.02,Official community discussion thread with 46 total reviews.,2026-09-11 04:23:34.561000
312935730,Reader_Community,3.87,Official community discussion thread with 98 total reviews.,2026-09-11 04:23:34.561000
505525151,Reader_Community,3.74,Official community discussion thread with 8 total reviews.,2026-09-11 04:23:34.561000
743415353,Reader_Community,3.97,Official community discussion thread with 6 total reviews.,2026-09-11 04:23:34.561000
743449320,Reader_Community,3.97,Official community discussion thread with 6 total reviews.,2026-09-11 04:23:34.561000
671773453,Reader_Community,3.94,Official community discussion thread with 24 total reviews.,2026-09-11 04:23:34.561000
067103748X,Reader_Community,3.93,Official community discussion thread with 50 total reviews.,2026-09-11 04:23:34.561000
743408667,Reader_Community,4.03,Official community discussion thread with 12 total reviews.,2026-09-11 04:23:34.561000
743449312,Reader_Community,3.97,Official community discussion thread with 5 total reviews.,2026-09-11 04:23:34.561000
743412494,Reader_Community,3.97,Official community discussion thread with 11 total reviews.,2026-09-11 04:23:34.561000
851709680,Reader_Community,4.43,Official community discussion thread with 42 total reviews.,2026-09-11 04:23:34.561000
1557042462,Reader_Community,4.64,Official community discussion thread with 29 total reviews.,2026-09-11 04:23:34.561000
751514624,Reader_Community,4.35,Official community discussion thread with 2080 total reviews.,2026-09-11 04:23:34.561000
330316257,Reader_Community,4.13,Official community discussion thread with 223 total reviews.,2026-09-11 04:23:34.561000
143037684,Reader_Community,3.96,Official community discussion thread with 134 total reviews.,2026-09-11 04:23:34.561000
143037676,Reader_Community,4.14,Official community discussion thread with 214 total reviews.,2026-09-11 04:23:34.561000
142003441,Reader_Community,4.18,Official community discussion thread with 389 total reviews.,2026-09-11 04:23:34.561000
1576753514,Reader_Community,3.83,Official community discussion thread with 7 total reviews.,2026-09-11 04:23:34.561000
670839353,Reader_Community,4.5,Official community discussion thread with 1 total reviews.,2026-09-11 04:23:34.562000
307263304,Reader_Community,3.82,Official community discussion thread with 1 total reviews.,2026-09-11 04:23:34.562000
1930846398,Reader_Community,4.03,Official community discussion thread with 37 total reviews.,2026-09-11 04:23:34.562000
193084610X,Reader_Community,4.09,Official community discussion thread with 23 total reviews.,2026-09-11 04:23:34.562000
2290319708,Reader_Community,3.9,Official community discussion thread with 13 total reviews.,2026-09-11 04:23:34.562000
226731510,Reader_Community,4.28,Official community discussion thread with 8 total reviews.,2026-09-11 04:23:34.562000
810958627,Reader_Community,4.36,Official community discussion thread with 4 total reviews.,2026-09-11 04:23:34.562000
60577045,Reader_Community,3.99,Official community discussion thread with 105 total reviews.,2026-09-11 04:23:34.562000
876851383,Reader_Community,4.13,Official community discussion thread with 85 total reviews.,2026-09-11 04:23:34.562000
140364757,Reader_Community,3.81,Official community discussion thread with 8 total reviews.,2026-09-11 04:23:34.562000
140363335,Reader_Community,3.74,Official community discussion thread with 1 total reviews.,2026-09-11 04:23:34.562000
1565849930,Reader_Community,3.93,Official community discussion thread with 521 total reviews.,2026-09-11 04:23:34.562000
1400095816,Reader_Community,3.85,Official community discussion thread with 483 total reviews.,2026-09-11 04:23:34.562000
1400031524,Reader_Community,3.72,Official community discussion thread with 1016 total reviews.,2026-09-11 04:23:34.562000
1400031567,Reader_Community,4.07,Official community discussion thread with 574 total reviews.,2026-09-11 04:23:34.562000
1400076951,Reader_Community,3.91,Official community discussion thread with 314 total reviews.,2026-09-11 04:23:34.562000
99448874,Reader_Community,4.09,Official community discussion thread with 481 total reviews.,2026-09-11 04:23:34.562000
99464691,Reader_Community,3.84,Official community discussion thread with 709 total reviews.,2026-09-11 04:23:34.563000
1573441082,Reader_Community,4.33,Official community discussion thread with 16 total reviews.,2026-09-11 04:23:34.563000
60732296,Reader_Community,3.86,Official community discussion thread with 6 total reviews.,2026-09-11 04:23:34.563000
60524952,Reader_Community,3.76,Official community discussion thread with 6 total reviews.,2026-09-11 04:23:34.563000
60524936,Reader_Community,3.52,Official community discussion thread with 13 total reviews.,2026-09-11 04:23:34.563000
60524944,Reader_Community,3.95,Official community discussion thread with 10 total reviews.,2026-09-11 04:23:34.563000
1565892151,Reader_Community,4.36,Official community discussion thread with 19 total reviews.,2026-09-11 04:23:34.563000
1573225207,Reader_Community,4.28,Official community discussion thread with 84 total reviews.,2026-09-11 04:23:34.563000
590422448,Reader_Community,3.91,Official community discussion thread with 11 total reviews.,2026-09-11 04:23:34.563000
1400080460,Reader_Community,3.92,Official community discussion thread with 897 total reviews.,2026-09-11 04:23:34.563000
61152552,Reader_Community,3.96,Official community discussion thread with 189 total reviews.,2026-09-11 04:23:34.563000
99477823,Reader_Community,4.16,Official community discussion thread with 14 total reviews.,2026-09-11 04:23:34.563000
486285618,Reader_Community,3.96,Official community discussion thread with 1 total reviews.,2026-09-11 04:23:34.563000
1579651607,Reader_Community,4.28,Official community discussion thread with 25 total reviews.,2026-09-11 04:23:34.563000
044651666X,Reader_Community,4.0,Official community discussion thread with 1 total reviews.,2026-09-11 04:23:34.563000
446526649,Reader_Community,3.74,Official community discussion thread with 1 total reviews.,2026-09-11 04:23:34.563000
446514195,Reader_Community,4.56,Official community discussion thread with 10 total reviews.,2026-09-11 04:23:34.563000
1580082688,Reader_Community,4.28,Official community discussion thread with 248 total reviews.,2026-09-11 04:23:34.563000
758210949,Reader_Community,3.89,Official community discussion thread with 27 total reviews.,2026-09-11 04:23:34.563000
375714685,Reader_Community,3.88,Official community discussion thread with 534 total reviews.,2026-09-11 04:23:34.563000
60512180,Reader_Community,3.89,Official community discussion thread with 909 total reviews.,2026-09-11 04:23:34.563000
006000942X,Reader_Community,3.65,Official community discussion thread with 1826 total reviews.,2026-09-11 04:23:34.563000
60777052,Reader_Community,3.77,Official community discussion thread with 1094 total reviews.,2026-09-11 04:23:34.563000
60080833,Reader_Community,3.49,Official community discussion thread with 268 total reviews.,2026-09-11 04:23:34.563000
60882034,Reader_Community,3.35,Official community discussion thread with 383 total reviews.,2026-09-11 04:23:34.563000
60507276,Reader_Community,3.7,Official community discussion thread with 47 total reviews.,2026-09-11 04:23:34.563000
739340824,Reader_Community,4.32,Official community discussion thread with 5 total reviews.,2026-09-11 04:23:34.563000
883683237,Reader_Community,4.09,Official community discussion thread with 168 total reviews.,2026-09-11 04:23:34.563000
142401102,Reader_Community,3.94,Official community discussion thread with 2106 total reviews.,2026-09-11 04:23:34.563000
141310944,Reader_Community,3.78,Official community discussion thread with 37 total reviews.,2026-09-11 04:23:34.563000
142300705,Reader_Community,4.11,Official community discussion thread with 1638 total reviews.,2026-09-11 04:23:34.563000
141301066,Reader_Community,4.31,Official community discussion thread with 11576 total reviews.,2026-09-11 04:23:34.564000
440418224,Reader_Community,3.74,Official community discussion thread with 215 total reviews.,2026-09-11 04:23:34.564000
767915690,Reader_Community,4.0,Official community discussion thread with 5 total reviews.,2026-09-11 04:23:34.564000
865652422,Reader_Community,3.68,Official community discussion thread with 10 total reviews.,2026-09-11 04:23:34.564000
014044145X,Reader_Community,4.14,Official community discussion thread with 46 total reviews.,2026-09-11 04:23:34.564000
076076896X,Reader_Community,4.13,Official community discussion thread with 2 total reviews.,2026-09-11 04:23:34.564000
441010385,Reader_Community,3.68,Official community discussion thread with 18 total reviews.,2026-09-11 04:23:34.564000
306810700,Reader_Community,3.83,Official community discussion thread with 11 total reviews.,2026-09-11 04:23:34.564000
306804980,Reader_Community,3.89,Official community discussion thread with 17 total reviews.,2026-09-11 04:23:34.564000
71422803,Reader_Community,4.29,Official community discussion thread with 8 total reviews.,2026-09-11 04:23:34.564000
486270602,Reader_Community,3.86,Official community discussion thread with 126 total reviews.,2026-09-11 04:23:34.564000
080411918X,Reader_Community,3.79,Official community discussion thread with 571 total reviews.,2026-09-11 04:23:34.564000
345478959,Reader_Community,3.61,Official community discussion thread with 142 total reviews.,2026-09-11 04:23:34.564000
1551117223,Reader_Community,4.11,Official community discussion thread with 32 total reviews.,2026-09-11 04:23:34.564000
019423035X,Reader_Community,3.91,Official community discussion thread with 11 total reviews.,2026-09-11 04:23:34.564000
812976142,Reader_Community,4.06,Official community discussion thread with 5578 total reviews.,2026-09-11 04:23:34.564000
552998680,Reader_Community,3.34,Official community discussion thread with 2 total reviews.,2026-09-11 04:23:34.564000
747518459,Reader_Community,3.63,Official community discussion thread with 14 total reviews.,2026-09-11 04:23:34.564000
140057056,Reader_Community,4.06,Official community discussion thread with 2 total reviews.,2026-09-11 04:23:34.564000
689869207,Reader_Community,4.13,Official community discussion thread with 37 total reviews.,2026-09-11 04:23:34.564000
375708367,Reader_Community,3.67,Official community discussion thread with 105 total reviews.,2026-09-11 04:23:34.564000
375700269,Reader_Community,3.37,Official community discussion thread with 550 total reviews.,2026-09-11 04:23:34.564000
132197383,Reader_Community,3.64,Official community discussion thread with 3 total reviews.,2026-09-11 04:23:34.564000
037570633X,Reader_Community,3.68,Official community discussion thread with 43 total reviews.,2026-09-11 04:23:34.564000
1400080665,Reader_Community,3.7,Official community discussion thread with 3534 total reviews.,2026-09-11 04:23:34.564000
140233032,Reader_Community,3.71,Official community discussion thread with 18 total reviews.,2026-09-11 04:23:34.564000
1579907156,Reader_Community,4.07,Official community discussion thread with 5 total reviews.,2026-09-11 04:23:34.564000
786852976,Reader_Community,3.96,Official community discussion thread with 417 total reviews.,2026-09-11 04:23:34.564000
61130354,Reader_Community,3.93,Official community discussion thread with 724 total reviews.,2026-09-11 04:23:34.564000
452284554,Reader_Community,3.76,Official community discussion thread with 771 total reviews.,2026-09-11 04:23:34.564000
316010669,Reader_Community,3.93,Official community discussion thread with 12937 total reviews.,2026-09-11 04:23:34.564000
689869908,Reader_Community,4.25,Official community discussion thread with 113 total reviews.,2026-09-11 04:23:34.564000
767923065,Reader_Community,3.72,Official community discussion thread with 230 total reviews.,2026-09-11 04:23:34.564000
192838970,Reader_Community,3.93,Official community discussion thread with 2 total reviews.,2026-09-11 04:23:34.564000
3822817341,Reader_Community,4.26,Official community discussion thread with 4 total reviews.,2026-09-11 04:23:34.565000
300090951,Reader_Community,4.17,Official community discussion thread with 4 total reviews.,2026-09-11 04:23:34.565000
1841952877,Reader_Community,3.39,Official community discussion thread with 4 total reviews.,2026-09-11 04:23:34.565000
1841953679,Reader_Community,3.48,Official community discussion thread with 74 total reviews.,2026-09-11 04:23:34.565000
081297252X,Reader_Community,3.91,Official community discussion thread with 48 total reviews.,2026-09-11 04:23:34.565000
64462358,Reader_Community,4.4,Official community discussion thread with 112 total reviews.,2026-09-11 04:23:34.565000
